order_id,order_date,customer_id,gross_amount,payment_instrument,contracted_mdr_rate,refund_amount,refund_date,expected_mdr,expected_gst_on_mdr,expected_tds,expected_net_amount
ORD-10001,2026-01-07,CUST-1860,2914.83,Card,0.02,0.00,,58.30,10.49,29.15,2816.89
ORD-10002,2026-01-26,CUST-1466,1679.63,UPI,0.00,0.00,,0.00,0.00,16.80,1662.83
ORD-10003,2026-01-08,CUST-9322,504.65,Wallet,0.018,0.00,,9.08,1.63,5.05,488.89
ORD-10004,2026-01-06,CUST-3433,2891.01,UPI,0.00,0.00,,0.00,0.00,28.91,2862.10
ORD-10005,2026-01-22,CUST-7396,6592.79,UPI,0.00,0.00,,0.00,0.00,65.93,6526.86
ORD-10006,2026-01-10,CUST-3047,4523.74,UPI,0.00,0.00,,0.00,0.00,45.24,4478.50
ORD-10007,2026-01-15,CUST-4005,3155.17,UPI,0.00,0.00,,0.00,0.00,31.55,3123.62
ORD-10008,2026-01-03,CUST-4556,9191.66,UPI,0.00,0.00,,0.00,0.00,91.92,9099.74
ORD-10009,2026-01-04,CUST-9792,14491.35,NetBanking,0.015,0.00,,217.37,39.13,144.91,14089.94
ORD-10010,2026-01-21,CUST-8041,10326.65,UPI,0.00,0.00,,0.00,0.00,103.27,10223.38
ORD-10011,2026-01-29,CUST-1775,708.95,Wallet,0.018,0.00,,12.76,2.30,7.09,686.80
ORD-10012,2026-01-08,CUST-8555,4813.32,UPI,0.00,0.00,,0.00,0.00,48.13,4765.19
ORD-10013,2026-01-22,CUST-7873,6856.36,UPI,0.00,0.00,,0.00,0.00,68.56,6787.80
ORD-10014,2026-01-16,CUST-8629,3100.55,UPI,0.00,0.00,,0.00,0.00,31.01,3069.54
ORD-10015,2026-01-16,CUST-8916,4215.97,NetBanking,0.015,0.00,,63.24,11.38,42.16,4099.19
ORD-10016,2026-01-28,CUST-7331,8231.90,UPI,0.00,0.00,,0.00,0.00,82.32,8149.58
ORD-10017,2026-01-01,CUST-9006,6466.34,UPI,0.00,0.00,,0.00,0.00,64.66,6401.68
ORD-10018,2026-01-11,CUST-6618,10661.49,Card,0.02,0.00,,213.23,38.38,106.61,10303.27
ORD-10019,2026-01-05,CUST-4561,5505.29,UPI,0.00,0.00,,0.00,0.00,55.05,5450.24
ORD-10020,2026-01-08,CUST-4104,1140.66,UPI,0.00,0.00,,0.00,0.00,11.41,1129.25
ORD-10021,2026-01-03,CUST-3731,9635.85,NetBanking,0.015,0.00,,144.54,26.02,96.36,9368.93
ORD-10022,2026-01-05,CUST-9110,10756.02,Card,0.02,0.00,,215.12,38.72,107.56,10394.62
ORD-10023,2026-01-14,CUST-7938,7936.45,UPI,0.00,1221.78,2026-01-19,0.00,0.00,79.36,6635.31
ORD-10024,2026-01-07,CUST-8408,4852.47,UPI,0.00,0.00,,0.00,0.00,48.52,4803.95
ORD-10025,2026-01-23,CUST-7374,6273.67,Card,0.02,0.00,,125.47,22.58,62.74,6062.88
ORD-10026,2026-01-07,CUST-4157,13230.92,Card,0.02,0.00,,264.62,47.63,132.31,12786.36
ORD-10027,2026-01-21,CUST-3693,6956.71,UPI,0.00,0.00,,0.00,0.00,69.57,6887.14
ORD-10028,2026-01-30,CUST-6450,5000.31,UPI,0.00,0.00,,0.00,0.00,50.00,4950.31
ORD-10029,2026-01-30,CUST-8392,4227.56,Card,0.02,1168.01,2026-02-04,84.55,15.22,42.28,2917.50
ORD-10030,2026-01-07,CUST-9901,7759.06,UPI,0.00,0.00,,0.00,0.00,77.59,7681.47
ORD-10031,2026-01-19,CUST-1663,14155.06,UPI,0.00,0.00,,0.00,0.00,141.55,14013.51
ORD-10032,2026-01-09,CUST-4763,5581.72,Wallet,0.018,0.00,,100.47,18.08,55.82,5407.35
ORD-10033,2026-01-30,CUST-8554,4653.00,UPI,0.00,1883.45,2026-02-03,0.00,0.00,46.53,2723.02
ORD-10034,2026-01-28,CUST-1854,4323.97,Wallet,0.018,0.00,,77.83,14.01,43.24,4188.89
ORD-10035,2026-01-02,CUST-6172,7443.90,International Card,0.03,0.00,,223.32,40.20,74.44,7105.94
ORD-10036,2026-01-04,CUST-4510,11471.97,UPI,0.00,0.00,,0.00,0.00,114.72,11357.25
ORD-10037,2026-01-24,CUST-9004,9558.13,Card,0.02,0.00,,191.16,34.41,95.58,9236.98
ORD-10038,2026-01-16,CUST-7287,12562.48,UPI,0.00,0.00,,0.00,0.00,125.62,12436.86
ORD-10039,2026-01-29,CUST-1659,5024.19,UPI,0.00,0.00,,0.00,0.00,50.24,4973.95
ORD-10040,2026-01-19,CUST-3911,1623.41,Wallet,0.018,0.00,,29.22,5.26,16.23,1572.70
ORD-10041,2026-01-07,CUST-3385,12598.11,Card,0.02,0.00,,251.96,45.35,125.98,12174.82
ORD-10042,2026-01-18,CUST-6534,13184.62,UPI,0.00,0.00,,0.00,0.00,131.85,13052.77
ORD-10043,2026-01-26,CUST-9815,8416.97,UPI,0.00,0.00,,0.00,0.00,84.17,8332.80
ORD-10044,2026-01-16,CUST-5548,13526.19,Card,0.02,0.00,,270.52,48.69,135.26,13071.72
ORD-10045,2026-01-03,CUST-3255,13477.23,NetBanking,0.015,0.00,,202.16,36.39,134.77,13103.91
ORD-10046,2026-01-24,CUST-2648,2592.10,NetBanking,0.015,0.00,,38.88,7.00,25.92,2520.30
ORD-10047,2026-01-03,CUST-3557,14113.97,Wallet,0.018,0.00,,254.05,45.73,141.14,13673.05
ORD-10048,2026-01-14,CUST-5433,7387.08,UPI,0.00,0.00,,0.00,0.00,73.87,7313.21
ORD-10049,2026-01-04,CUST-9352,467.52,UPI,0.00,0.00,,0.00,0.00,4.68,462.84
ORD-10050,2026-01-24,CUST-7015,11213.72,Card,0.02,0.00,,224.27,40.37,112.14,10836.94
ORD-10051,2026-01-16,CUST-5555,7730.45,Card,0.02,0.00,,154.61,27.83,77.30,7470.71
ORD-10052,2026-01-30,CUST-4436,7403.78,Wallet,0.018,0.00,,133.27,23.99,74.04,7172.48
ORD-10053,2026-01-21,CUST-5893,9747.53,Card,0.02,0.00,,194.95,35.09,97.48,9420.01
ORD-10054,2026-01-28,CUST-8996,7588.06,Card,0.02,0.00,,151.76,27.32,75.88,7333.10
ORD-10055,2026-01-17,CUST-8339,14118.79,Wallet,0.018,0.00,,254.14,45.75,141.19,13677.71
ORD-10056,2026-01-03,CUST-2060,13939.11,UPI,0.00,0.00,,0.00,0.00,139.39,13799.72
ORD-10057,2026-01-03,CUST-1699,12824.54,UPI,0.00,0.00,,0.00,0.00,128.25,12696.29
ORD-10058,2026-01-23,CUST-2184,4890.45,UPI,0.00,0.00,,0.00,0.00,48.90,4841.55
ORD-10059,2026-01-22,CUST-1569,13964.25,UPI,0.00,0.00,,0.00,0.00,139.64,13824.61
ORD-10060,2026-01-15,CUST-2686,2273.24,UPI,0.00,0.00,,0.00,0.00,22.73,2250.51
ORD-10061,2026-01-17,CUST-9096,2222.00,Card,0.02,0.00,,44.44,8.00,22.22,2147.34
ORD-10062,2026-01-10,CUST-3806,6412.76,UPI,0.00,0.00,,0.00,0.00,64.13,6348.63
ORD-10063,2026-01-28,CUST-6625,276.74,Card,0.02,0.00,,5.53,1.00,2.77,267.44
ORD-10064,2026-01-08,CUST-7655,6072.40,UPI,0.00,0.00,,0.00,0.00,60.72,6011.68
ORD-10065,2026-01-15,CUST-6919,8758.55,UPI,0.00,0.00,,0.00,0.00,87.59,8670.96
ORD-10066,2026-01-30,CUST-2148,12616.22,NetBanking,0.015,0.00,,189.24,34.06,126.16,12266.76
ORD-10067,2026-01-10,CUST-4854,5530.82,UPI,0.00,0.00,,0.00,0.00,55.31,5475.51
ORD-10068,2026-01-21,CUST-6691,3394.15,Card,0.02,0.00,,67.88,12.22,33.94,3280.11
ORD-10069,2026-01-13,CUST-8027,6288.04,Card,0.02,0.00,,125.76,22.64,62.88,6076.76
ORD-10070,2026-01-16,CUST-5465,7841.25,UPI,0.00,0.00,,0.00,0.00,78.41,7762.84
ORD-10071,2026-01-19,CUST-6177,1361.15,UPI,0.00,0.00,,0.00,0.00,13.61,1347.54
ORD-10072,2026-01-23,CUST-2150,10500.42,UPI,0.00,0.00,,0.00,0.00,105.00,10395.42
ORD-10073,2026-01-01,CUST-8805,1589.32,UPI,0.00,0.00,,0.00,0.00,15.89,1573.43
ORD-10074,2026-01-01,CUST-4343,7847.10,Card,0.02,0.00,,156.94,28.25,78.47,7583.44
ORD-10075,2026-01-29,CUST-9130,3866.42,UPI,0.00,0.00,,0.00,0.00,38.66,3827.76
ORD-10076,2026-01-25,CUST-6188,1593.52,UPI,0.00,0.00,,0.00,0.00,15.94,1577.58
ORD-10077,2026-01-05,CUST-7617,7475.91,UPI,0.00,0.00,,0.00,0.00,74.76,7401.15
ORD-10078,2026-01-30,CUST-5452,6097.87,Card,0.02,0.00,,121.96,21.95,60.98,5892.98
ORD-10079,2026-01-02,CUST-8390,426.51,Wallet,0.018,0.00,,7.68,1.38,4.27,413.18
ORD-10080,2026-01-24,CUST-5611,9314.60,Wallet,0.018,0.00,,167.66,30.18,93.15,9023.61
ORD-10081,2026-01-28,CUST-7303,14115.41,Card,0.02,0.00,,282.31,50.82,141.15,13641.13
ORD-10082,2026-01-28,CUST-5000,12205.82,NetBanking,0.015,0.00,,183.09,32.96,122.06,11867.71
ORD-10083,2026-01-01,CUST-6536,9841.97,UPI,0.00,0.00,,0.00,0.00,98.42,9743.55
ORD-10084,2026-01-12,CUST-6726,5783.43,UPI,0.00,0.00,,0.00,0.00,57.83,5725.60
ORD-10085,2026-01-23,CUST-9967,5903.87,Card,0.02,0.00,,118.08,21.25,59.04,5705.50
ORD-10086,2026-01-19,CUST-9808,7541.35,Card,0.02,0.00,,150.83,27.15,75.41,7287.96
ORD-10087,2026-01-11,CUST-1412,779.96,UPI,0.00,0.00,,0.00,0.00,7.80,772.16
ORD-10088,2026-01-04,CUST-6988,11309.10,NetBanking,0.015,0.00,,169.64,30.54,113.09,10995.83
ORD-10089,2026-01-16,CUST-2571,5705.87,Card,0.02,0.00,,114.12,20.54,57.06,5514.15
ORD-10090,2026-01-30,CUST-4440,10261.70,Card,0.02,0.00,,205.23,36.94,102.62,9916.91
ORD-10091,2026-01-30,CUST-9787,12431.57,UPI,0.00,0.00,,0.00,0.00,124.32,12307.25
ORD-10092,2026-01-17,CUST-1395,14386.41,NetBanking,0.015,0.00,,215.80,38.84,143.86,13987.91
ORD-10093,2026-01-28,CUST-1717,10216.19,UPI,0.00,0.00,,0.00,0.00,102.16,10114.03
ORD-10094,2026-01-16,CUST-5980,1557.22,Card,0.02,0.00,,31.14,5.61,15.57,1504.90
ORD-10095,2026-01-21,CUST-8651,14203.68,Card,0.02,0.00,,284.07,51.13,142.04,13726.44
ORD-10096,2026-01-21,CUST-6161,14618.87,International Card,0.03,0.00,,438.57,78.94,146.19,13955.17
ORD-10097,2026-01-03,CUST-6334,8279.55,Card,0.02,0.00,,165.59,29.81,82.80,8001.35
ORD-10098,2026-01-09,CUST-8241,12587.07,NetBanking,0.015,0.00,,188.81,33.99,125.87,12238.40
ORD-10099,2026-01-14,CUST-2191,1276.89,NetBanking,0.015,0.00,,19.15,3.45,12.77,1241.52
ORD-10100,2026-01-05,CUST-7172,1455.60,International Card,0.03,0.00,,43.67,7.86,14.56,1389.51
ORD-10101,2026-01-01,CUST-2365,12229.43,Wallet,0.018,0.00,,220.13,39.62,122.29,11847.39
ORD-10102,2026-01-04,CUST-4141,10681.08,UPI,0.00,0.00,,0.00,0.00,106.81,10574.27
ORD-10103,2026-01-07,CUST-5186,3881.12,UPI,0.00,0.00,,0.00,0.00,38.81,3842.31
ORD-10104,2026-01-13,CUST-5748,6196.99,Card,0.02,0.00,,123.94,22.31,61.97,5988.77
ORD-10105,2026-01-08,CUST-4072,10279.38,UPI,0.00,0.00,,0.00,0.00,102.79,10176.59
ORD-10106,2026-01-28,CUST-8576,13055.27,UPI,0.00,0.00,,0.00,0.00,130.55,12924.72
ORD-10107,2026-01-12,CUST-7316,838.77,NetBanking,0.015,0.00,,12.58,2.26,8.39,815.54
ORD-10108,2026-01-11,CUST-6348,3944.25,Card,0.02,0.00,,78.89,14.20,39.44,3811.72
ORD-10109,2026-01-15,CUST-2256,3408.77,UPI,0.00,0.00,,0.00,0.00,34.09,3374.68
ORD-10110,2026-01-22,CUST-9053,5886.19,Card,0.02,0.00,,117.72,21.19,58.86,5688.42
ORD-10111,2026-01-10,CUST-6063,6038.92,UPI,0.00,0.00,,0.00,0.00,60.39,5978.53
ORD-10112,2026-01-26,CUST-7819,7062.74,UPI,0.00,0.00,,0.00,0.00,70.63,6992.11
ORD-10113,2026-01-28,CUST-5964,14621.04,International Card,0.03,0.00,,438.63,78.95,146.21,13957.25
ORD-10114,2026-01-17,CUST-6320,4781.01,NetBanking,0.015,0.00,,71.72,12.91,47.81,4648.57
ORD-10115,2026-01-29,CUST-2581,1327.77,Wallet,0.018,0.00,,23.90,4.30,13.28,1286.29
ORD-10116,2026-01-05,CUST-2838,13803.81,UPI,0.00,0.00,,0.00,0.00,138.04,13665.77
ORD-10117,2026-01-27,CUST-6124,590.23,UPI,0.00,0.00,,0.00,0.00,5.90,584.33
ORD-10118,2026-01-15,CUST-8449,5837.18,Wallet,0.018,0.00,,105.07,18.91,58.37,5654.83
ORD-10119,2026-01-13,CUST-5000,7136.66,UPI,0.00,0.00,,0.00,0.00,71.37,7065.29
ORD-10120,2026-01-16,CUST-3000,8108.32,Card,0.02,0.00,,162.17,29.19,81.08,7835.88
ORD-10121,2026-01-23,CUST-8140,10946.59,Card,0.02,0.00,,218.93,39.41,109.47,10578.78
ORD-10122,2026-01-21,CUST-8245,3234.67,UPI,0.00,0.00,,0.00,0.00,32.35,3202.32
ORD-10123,2026-01-04,CUST-6565,13197.67,Card,0.02,3092.69,2026-01-07,263.95,47.51,131.98,9661.54
ORD-10124,2026-01-26,CUST-1249,7900.55,Card,0.02,0.00,,158.01,28.44,79.01,7635.09
ORD-10125,2026-01-12,CUST-2077,14526.01,UPI,0.00,0.00,,0.00,0.00,145.26,14380.75
ORD-10126,2026-01-17,CUST-5719,7304.68,UPI,0.00,0.00,,0.00,0.00,73.05,7231.63
ORD-10127,2026-01-14,CUST-5673,12114.66,Wallet,0.018,0.00,,218.06,39.25,121.15,11736.20
ORD-10128,2026-01-02,CUST-7949,9199.70,Card,0.02,0.00,,183.99,33.12,92.00,8890.59
ORD-10129,2026-01-19,CUST-2331,8302.21,UPI,0.00,0.00,,0.00,0.00,83.02,8219.19
ORD-10130,2026-01-30,CUST-5854,7949.31,Card,0.02,0.00,,158.99,28.62,79.49,7682.21
ORD-10131,2026-01-10,CUST-7327,12662.95,Card,0.02,0.00,,253.26,45.59,126.63,12237.47
ORD-10132,2026-01-05,CUST-8941,7490.75,UPI,0.00,0.00,,0.00,0.00,74.91,7415.84
ORD-10133,2026-01-16,CUST-2906,8151.50,UPI,0.00,0.00,,0.00,0.00,81.52,8069.98
ORD-10134,2026-01-11,CUST-7031,9684.95,UPI,0.00,0.00,,0.00,0.00,96.85,9588.10
ORD-10135,2026-01-03,CUST-2887,7214.63,Card,0.02,0.00,,144.29,25.97,72.15,6972.22
ORD-10136,2026-01-26,CUST-8570,12362.50,UPI,0.00,0.00,,0.00,0.00,123.63,12238.87
ORD-10137,2026-01-22,CUST-7981,1985.41,UPI,0.00,0.00,,0.00,0.00,19.85,1965.56
ORD-10138,2026-01-02,CUST-8240,1565.90,UPI,0.00,0.00,,0.00,0.00,15.66,1550.24
ORD-10139,2026-01-24,CUST-7493,2523.27,UPI,0.00,1347.81,2026-01-29,0.00,0.00,25.23,1150.23
ORD-10140,2026-01-17,CUST-2276,14796.60,UPI,0.00,0.00,,0.00,0.00,147.97,14648.63
ORD-10141,2026-01-14,CUST-9150,8062.73,Card,0.02,0.00,,161.25,29.03,80.63,7791.82
ORD-10142,2026-01-27,CUST-6126,10370.05,NetBanking,0.015,0.00,,155.55,28.00,103.70,10082.80
ORD-10143,2026-01-28,CUST-9172,13034.78,UPI,0.00,0.00,,0.00,0.00,130.35,12904.43
ORD-10144,2026-01-25,CUST-6750,5783.81,UPI,0.00,0.00,,0.00,0.00,57.84,5725.97
ORD-10145,2026-01-07,CUST-7229,5046.96,UPI,0.00,0.00,,0.00,0.00,50.47,4996.49
ORD-10146,2026-01-20,CUST-7168,10250.71,Card,0.02,0.00,,205.01,36.90,102.51,9906.29
ORD-10147,2026-01-15,CUST-7371,8149.18,Card,0.02,0.00,,162.98,29.34,81.49,7875.37
ORD-10148,2026-01-17,CUST-7891,2088.19,UPI,0.00,0.00,,0.00,0.00,20.88,2067.31
ORD-10149,2026-01-26,CUST-2761,3816.43,UPI,0.00,0.00,,0.00,0.00,38.16,3778.27
ORD-10150,2026-01-25,CUST-2460,1706.38,UPI,0.00,0.00,,0.00,0.00,17.06,1689.32
ORD-10151,2026-01-04,CUST-7986,1500.74,NetBanking,0.015,0.00,,22.51,4.05,15.01,1459.17
ORD-10152,2026-01-09,CUST-9434,469.99,Card,0.02,0.00,,9.40,1.69,4.70,454.20
ORD-10153,2026-01-06,CUST-8489,8724.78,Wallet,0.018,5126.10,2026-01-08,157.05,28.27,87.25,3326.11
ORD-10154,2026-01-24,CUST-6560,10833.17,UPI,0.00,0.00,,0.00,0.00,108.33,10724.84
ORD-10155,2026-01-13,CUST-7469,14526.31,Card,0.02,0.00,,290.53,52.30,145.26,14038.22
ORD-10156,2026-01-20,CUST-5208,8041.63,Card,0.02,0.00,,160.83,28.95,80.42,7771.43
ORD-10157,2026-01-06,CUST-2828,7690.34,Wallet,0.018,0.00,,138.43,24.92,76.90,7450.09
ORD-10158,2026-01-03,CUST-4744,5664.61,UPI,0.00,0.00,,0.00,0.00,56.65,5607.96
ORD-10159,2026-01-10,CUST-3219,3185.61,Card,0.02,0.00,,63.71,11.47,31.86,3078.57
ORD-10160,2026-01-05,CUST-3832,1927.10,UPI,0.00,0.00,,0.00,0.00,19.27,1907.83
ORD-10161,2026-01-03,CUST-8984,12790.77,Card,0.02,0.00,,255.82,46.05,127.91,12360.99
ORD-10162,2026-01-21,CUST-9567,14865.76,UPI,0.00,0.00,,0.00,0.00,148.66,14717.10
ORD-10163,2026-01-01,CUST-6415,10879.63,UPI,0.00,0.00,,0.00,0.00,108.80,10770.83
ORD-10164,2026-01-11,CUST-7413,12033.15,NetBanking,0.015,0.00,,180.50,32.49,120.33,11699.83
ORD-10165,2026-01-19,CUST-8546,9579.63,Wallet,0.018,0.00,,172.43,31.04,95.80,9280.36
ORD-10166,2026-01-10,CUST-3136,10308.13,UPI,0.00,0.00,,0.00,0.00,103.08,10205.05
ORD-10167,2026-01-19,CUST-8804,4660.39,Card,0.02,0.00,,93.21,16.78,46.60,4503.80
ORD-10168,2026-01-25,CUST-3192,13513.70,UPI,0.00,0.00,,0.00,0.00,135.14,13378.56
ORD-10169,2026-01-08,CUST-5018,8234.17,UPI,0.00,0.00,,0.00,0.00,82.34,8151.83
ORD-10170,2026-01-19,CUST-9135,10467.02,UPI,0.00,0.00,,0.00,0.00,104.67,10362.35
ORD-10171,2026-01-01,CUST-9669,13429.61,Card,0.02,0.00,,268.59,48.35,134.30,12978.37
ORD-10172,2026-01-01,CUST-1950,2318.29,UPI,0.00,0.00,,0.00,0.00,23.18,2295.11
ORD-10173,2026-01-05,CUST-2865,5262.81,NetBanking,0.015,0.00,,78.94,14.21,52.63,5117.03
ORD-10174,2026-01-04,CUST-7359,9138.58,UPI,0.00,0.00,,0.00,0.00,91.39,9047.19
ORD-10175,2026-01-29,CUST-3371,10889.34,Card,0.02,0.00,,217.79,39.20,108.89,10523.46
ORD-10176,2026-01-19,CUST-1793,3926.63,UPI,0.00,0.00,,0.00,0.00,39.27,3887.36
ORD-10177,2026-01-10,CUST-7166,7037.69,Wallet,0.018,0.00,,126.68,22.80,70.38,6817.83
ORD-10178,2026-01-13,CUST-8783,7687.15,Card,0.02,4120.79,2026-01-19,153.74,27.67,76.87,3308.08
ORD-10179,2026-01-12,CUST-5451,13797.51,Card,0.02,5873.37,2026-01-13,275.95,49.67,137.98,7460.54
ORD-10180,2026-01-28,CUST-7024,6477.13,Card,0.02,0.00,,129.54,23.32,64.77,6259.50
ORD-10181,2026-01-22,CUST-2792,1875.92,International Card,0.03,0.00,,56.28,10.13,18.76,1790.75
ORD-10182,2026-01-22,CUST-4030,13828.46,NetBanking,0.015,0.00,,207.43,37.34,138.28,13445.41
ORD-10183,2026-01-08,CUST-3708,5813.72,Card,0.02,0.00,,116.27,20.93,58.14,5618.38
ORD-10184,2026-01-25,CUST-5212,9135.08,UPI,0.00,0.00,,0.00,0.00,91.35,9043.73
ORD-10185,2026-01-26,CUST-8973,5325.92,UPI,0.00,0.00,,0.00,0.00,53.26,5272.66
ORD-10186,2026-01-17,CUST-7783,3524.15,UPI,0.00,0.00,,0.00,0.00,35.24,3488.91
ORD-10187,2026-01-24,CUST-2990,2649.60,UPI,0.00,0.00,,0.00,0.00,26.50,2623.10
ORD-10188,2026-01-29,CUST-5757,3457.44,UPI,0.00,0.00,,0.00,0.00,34.57,3422.87
ORD-10189,2026-01-17,CUST-4432,2400.21,UPI,0.00,0.00,,0.00,0.00,24.00,2376.21
ORD-10190,2026-01-29,CUST-7704,4634.02,UPI,0.00,0.00,,0.00,0.00,46.34,4587.68
ORD-10191,2026-01-19,CUST-9058,12036.77,UPI,0.00,0.00,,0.00,0.00,120.37,11916.40
ORD-10192,2026-01-17,CUST-5524,5790.34,NetBanking,0.015,0.00,,86.86,15.63,57.90,5629.95
ORD-10193,2026-01-01,CUST-6490,6908.67,UPI,0.00,0.00,,0.00,0.00,69.09,6839.58
ORD-10194,2026-01-18,CUST-6797,11527.27,UPI,0.00,0.00,,0.00,0.00,115.27,11412.00
ORD-10195,2026-01-23,CUST-9038,11348.04,UPI,0.00,0.00,,0.00,0.00,113.48,11234.56
ORD-10196,2026-01-02,CUST-4451,12051.10,Wallet,0.018,0.00,,216.92,39.05,120.51,11674.62
ORD-10197,2026-01-07,CUST-1832,8365.49,UPI,0.00,0.00,,0.00,0.00,83.65,8281.84
ORD-10198,2026-01-29,CUST-9519,1740.81,Card,0.02,0.00,,34.82,6.27,17.41,1682.31
ORD-10199,2026-01-01,CUST-4675,3725.11,UPI,0.00,0.00,,0.00,0.00,37.25,3687.86
ORD-10200,2026-01-14,CUST-3538,14447.21,Wallet,0.018,0.00,,260.05,46.81,144.47,13995.88
ORD-10201,2026-01-14,CUST-1822,13465.77,UPI,0.00,0.00,,0.00,0.00,134.66,13331.11
ORD-10202,2026-01-23,CUST-5242,2017.10,NetBanking,0.015,0.00,,30.26,5.45,20.17,1961.22
ORD-10203,2026-01-18,CUST-9705,13677.24,Card,0.02,0.00,,273.54,49.24,136.77,13217.69
ORD-10204,2026-01-02,CUST-5566,706.58,NetBanking,0.015,0.00,,10.60,1.91,7.07,687.00
ORD-10205,2026-01-30,CUST-8083,3448.76,Wallet,0.018,0.00,,62.08,11.17,34.49,3341.02
ORD-10206,2026-01-17,CUST-3679,14783.44,UPI,0.00,0.00,,0.00,0.00,147.83,14635.61
ORD-10207,2026-01-18,CUST-4186,7784.37,Card,0.02,0.00,,155.69,28.02,77.84,7522.82
ORD-10208,2026-01-25,CUST-8368,2262.47,NetBanking,0.015,0.00,,33.94,6.11,22.62,2199.80
ORD-10209,2026-01-26,CUST-9996,472.18,Wallet,0.018,0.00,,8.50,1.53,4.72,457.43
ORD-10210,2026-01-04,CUST-9232,4256.02,Card,0.02,0.00,,85.12,15.32,42.56,4113.02
ORD-10211,2026-01-26,CUST-2622,1777.37,UPI,0.00,0.00,,0.00,0.00,17.77,1759.60
ORD-10212,2026-01-06,CUST-5263,3910.81,Card,0.02,0.00,,78.22,14.08,39.11,3779.40
ORD-10213,2026-01-10,CUST-3969,6184.85,Card,0.02,0.00,,123.70,22.27,61.85,5977.03
ORD-10214,2026-01-02,CUST-4067,14387.68,UPI,0.00,0.00,,0.00,0.00,143.88,14243.80
ORD-10215,2026-01-19,CUST-5124,5961.58,UPI,0.00,0.00,,0.00,0.00,59.62,5901.96
ORD-10216,2026-01-17,CUST-9378,4597.40,Card,0.02,0.00,,91.95,16.55,45.97,4442.93
ORD-10217,2026-01-15,CUST-3711,14065.08,Card,0.02,0.00,,281.30,50.63,140.65,13592.50
ORD-10218,2026-01-04,CUST-9942,4081.51,Card,0.02,0.00,,81.63,14.69,40.82,3944.37
ORD-10219,2026-01-30,CUST-8674,9033.27,UPI,0.00,0.00,,0.00,0.00,90.33,8942.94
ORD-10220,2026-01-21,CUST-3120,1312.04,Card,0.02,0.00,,26.24,4.72,13.12,1267.96
ORD-10221,2026-01-11,CUST-2639,6635.44,UPI,0.00,0.00,,0.00,0.00,66.35,6569.09
ORD-10222,2026-01-05,CUST-5203,10481.51,UPI,0.00,0.00,,0.00,0.00,104.82,10376.69
ORD-10223,2026-01-19,CUST-5090,14439.06,Card,0.02,0.00,,288.78,51.98,144.39,13953.91
ORD-10224,2026-01-17,CUST-8982,1483.24,Wallet,0.018,0.00,,26.70,4.81,14.83,1436.90
ORD-10225,2026-01-21,CUST-2750,10916.73,Card,0.02,0.00,,218.33,39.30,109.17,10549.93
ORD-10226,2026-01-18,CUST-6387,3473.90,International Card,0.03,0.00,,104.22,18.76,34.74,3316.18
ORD-10227,2026-01-15,CUST-5873,8906.30,International Card,0.03,0.00,,267.19,48.09,89.06,8501.96
ORD-10228,2026-01-22,CUST-1390,702.40,Card,0.02,0.00,,14.05,2.53,7.02,678.80
ORD-10229,2026-01-16,CUST-9007,14571.66,Wallet,0.018,0.00,,262.29,47.21,145.72,14116.44
ORD-10230,2026-01-30,CUST-3419,12699.33,UPI,0.00,0.00,,0.00,0.00,126.99,12572.34
ORD-10231,2026-01-17,CUST-8693,9024.79,UPI,0.00,0.00,,0.00,0.00,90.25,8934.54
ORD-10232,2026-01-02,CUST-1130,10505.07,UPI,0.00,0.00,,0.00,0.00,105.05,10400.02
ORD-10233,2026-01-12,CUST-9230,4866.30,UPI,0.00,0.00,,0.00,0.00,48.66,4817.64
ORD-10234,2026-01-25,CUST-8564,9463.19,NetBanking,0.015,0.00,,141.95,25.55,94.63,9201.06
ORD-10235,2026-01-30,CUST-9502,7036.75,International Card,0.03,1356.24,2026-02-03,211.10,38.00,70.37,5361.04
ORD-10236,2026-01-03,CUST-8206,340.38,UPI,0.00,0.00,,0.00,0.00,3.40,336.98
ORD-10237,2026-01-30,CUST-9436,7300.76,Card,0.02,0.00,,146.02,26.28,73.01,7055.45
ORD-10238,2026-01-25,CUST-5361,1557.15,UPI,0.00,0.00,,0.00,0.00,15.57,1541.58
ORD-10239,2026-01-01,CUST-4760,1835.02,UPI,0.00,0.00,,0.00,0.00,18.35,1816.67
ORD-10240,2026-01-04,CUST-1145,3657.39,UPI,0.00,2171.98,2026-01-05,0.00,0.00,36.57,1448.84
ORD-10241,2026-01-15,CUST-9056,10258.78,UPI,0.00,0.00,,0.00,0.00,102.59,10156.19
ORD-10242,2026-01-29,CUST-5805,14738.49,NetBanking,0.015,0.00,,221.08,39.79,147.38,14330.24
ORD-10243,2026-01-30,CUST-2868,14839.94,Card,0.02,0.00,,296.80,53.42,148.40,14341.32
ORD-10244,2026-01-08,CUST-8827,12599.82,UPI,0.00,0.00,,0.00,0.00,126.00,12473.82
ORD-10245,2026-01-14,CUST-8274,2812.61,UPI,0.00,0.00,,0.00,0.00,28.13,2784.48
ORD-10246,2026-01-03,CUST-4845,12051.39,Card,0.02,0.00,,241.03,43.39,120.51,11646.46
ORD-10247,2026-01-09,CUST-2913,7970.47,UPI,0.00,0.00,,0.00,0.00,79.70,7890.77
ORD-10248,2026-01-18,CUST-8312,2477.66,NetBanking,0.015,0.00,,37.16,6.69,24.78,2409.03
ORD-10249,2026-01-24,CUST-1892,8147.22,Card,0.02,0.00,,162.94,29.33,81.47,7873.48
ORD-10250,2026-01-02,CUST-2290,13186.42,UPI,0.00,0.00,,0.00,0.00,131.86,13054.56
ORD-10251,2026-01-09,CUST-2218,14343.64,NetBanking,0.015,0.00,,215.15,38.73,143.44,13946.32
ORD-10252,2026-01-08,CUST-1954,4364.59,UPI,0.00,1954.71,2026-01-14,0.00,0.00,43.65,2366.23
ORD-10253,2026-01-26,CUST-9228,3458.71,Card,0.02,0.00,,69.17,12.45,34.59,3342.50
ORD-10254,2026-01-17,CUST-6233,7528.17,UPI,0.00,0.00,,0.00,0.00,75.28,7452.89
ORD-10255,2026-01-26,CUST-2591,9999.26,UPI,0.00,0.00,,0.00,0.00,99.99,9899.27
ORD-10256,2026-01-01,CUST-5311,12001.91,Card,0.02,0.00,,240.04,43.21,120.02,11598.64
ORD-10257,2026-01-27,CUST-2704,5143.33,UPI,0.00,0.00,,0.00,0.00,51.43,5091.90
ORD-10258,2026-01-04,CUST-5286,10545.06,UPI,0.00,0.00,,0.00,0.00,105.45,10439.61
ORD-10259,2026-01-13,CUST-3808,632.86,NetBanking,0.015,0.00,,9.49,1.71,6.33,615.33
ORD-10260,2026-01-11,CUST-4741,13648.78,UPI,0.00,0.00,,0.00,0.00,136.49,13512.29
ORD-10261,2026-01-13,CUST-1294,3058.37,UPI,0.00,0.00,,0.00,0.00,30.58,3027.79
ORD-10262,2026-01-09,CUST-3064,1914.49,UPI,0.00,975.13,2026-01-15,0.00,0.00,19.14,920.22
ORD-10263,2026-01-06,CUST-6352,14452.28,UPI,0.00,0.00,,0.00,0.00,144.52,14307.76
ORD-10264,2026-01-30,CUST-6084,11874.34,UPI,0.00,0.00,,0.00,0.00,118.74,11755.60
ORD-10265,2026-01-04,CUST-2040,11610.57,Card,0.02,0.00,,232.21,41.80,116.11,11220.45
ORD-10266,2026-01-22,CUST-5569,1305.48,NetBanking,0.015,0.00,,19.58,3.52,13.05,1269.33
ORD-10267,2026-01-15,CUST-9476,6800.18,Card,0.02,0.00,,136.00,24.48,68.00,6571.70
ORD-10268,2026-01-12,CUST-6126,1171.27,NetBanking,0.015,0.00,,17.57,3.16,11.71,1138.83
ORD-10269,2026-01-19,CUST-4356,14175.69,UPI,0.00,0.00,,0.00,0.00,141.76,14033.93
ORD-10270,2026-01-15,CUST-3844,10466.50,UPI,0.00,0.00,,0.00,0.00,104.67,10361.83
ORD-10271,2026-01-14,CUST-4155,9886.77,UPI,0.00,0.00,,0.00,0.00,98.87,9787.90
ORD-10272,2026-01-12,CUST-1988,14165.52,UPI,0.00,0.00,,0.00,0.00,141.66,14023.86
ORD-10273,2026-01-06,CUST-2682,4258.38,International Card,0.03,0.00,,127.75,23.00,42.58,4065.05
ORD-10274,2026-01-28,CUST-1933,3603.33,UPI,0.00,1534.42,2026-02-03,0.00,0.00,36.03,2032.88
ORD-10275,2026-01-18,CUST-6390,7178.68,UPI,0.00,0.00,,0.00,0.00,71.79,7106.89
ORD-10276,2026-01-25,CUST-6776,1549.23,UPI,0.00,0.00,,0.00,0.00,15.49,1533.74
ORD-10277,2026-01-18,CUST-7342,9468.06,UPI,0.00,5306.13,2026-01-21,0.00,0.00,94.68,4067.25
ORD-10278,2026-01-20,CUST-8725,7039.04,UPI,0.00,0.00,,0.00,0.00,70.39,6968.65
ORD-10279,2026-01-30,CUST-2875,6568.53,UPI,0.00,0.00,,0.00,0.00,65.69,6502.84
ORD-10280,2026-01-22,CUST-6109,5023.70,Card,0.02,0.00,,100.47,18.08,50.24,4854.91
ORD-10281,2026-01-13,CUST-5167,7076.06,Card,0.02,0.00,,141.52,25.47,70.76,6838.31
ORD-10282,2026-01-15,CUST-9357,4516.61,Card,0.02,0.00,,90.33,16.26,45.17,4364.85
ORD-10283,2026-01-06,CUST-4496,786.36,UPI,0.00,0.00,,0.00,0.00,7.86,778.50
ORD-10284,2026-01-17,CUST-7731,14802.61,UPI,0.00,0.00,,0.00,0.00,148.03,14654.58
ORD-10285,2026-01-22,CUST-3720,8482.80,UPI,0.00,0.00,,0.00,0.00,84.83,8397.97
ORD-10286,2026-01-02,CUST-7368,1500.42,UPI,0.00,208.99,2026-01-06,0.00,0.00,15.00,1276.43
ORD-10287,2026-01-07,CUST-8014,3172.71,Card,0.02,0.00,,63.45,11.42,31.73,3066.11
ORD-10288,2026-01-10,CUST-9619,1747.60,Card,0.02,0.00,,34.95,6.29,17.48,1688.88
ORD-10289,2026-01-06,CUST-3056,14055.94,UPI,0.00,0.00,,0.00,0.00,140.56,13915.38
ORD-10290,2026-01-18,CUST-9907,13090.34,Card,0.02,0.00,,261.81,47.13,130.90,12650.50
ORD-10291,2026-01-30,CUST-9442,7369.10,Card,0.02,0.00,,147.38,26.53,73.69,7121.50
ORD-10292,2026-01-06,CUST-1021,6894.31,Card,0.02,0.00,,137.89,24.82,68.94,6662.66
ORD-10293,2026-01-10,CUST-5109,1408.12,UPI,0.00,0.00,,0.00,0.00,14.08,1394.04
ORD-10294,2026-01-13,CUST-2560,13102.40,UPI,0.00,0.00,,0.00,0.00,131.02,12971.38
ORD-10295,2026-01-04,CUST-5780,2895.35,Card,0.02,0.00,,57.91,10.42,28.95,2798.07
ORD-10296,2026-01-19,CUST-8979,8419.38,Card,0.02,0.00,,168.39,30.31,84.19,8136.49
ORD-10297,2026-01-24,CUST-3920,7500.50,UPI,0.00,0.00,,0.00,0.00,75.01,7425.49
ORD-10298,2026-01-29,CUST-7236,6392.32,UPI,0.00,0.00,,0.00,0.00,63.92,6328.40
ORD-10299,2026-01-17,CUST-8005,14419.55,UPI,0.00,0.00,,0.00,0.00,144.20,14275.35
ORD-10300,2026-01-05,CUST-4453,14817.21,UPI,0.00,0.00,,0.00,0.00,148.17,14669.04
ORD-10301,2026-01-09,CUST-7563,635.04,UPI,0.00,0.00,,0.00,0.00,6.35,628.69
ORD-10302,2026-01-15,CUST-2394,4401.05,UPI,0.00,0.00,,0.00,0.00,44.01,4357.04
ORD-10303,2026-01-18,CUST-3958,3689.72,Card,0.02,0.00,,73.79,13.28,36.90,3565.75
ORD-10304,2026-01-30,CUST-1525,14576.65,UPI,0.00,0.00,,0.00,0.00,145.77,14430.88
ORD-10305,2026-01-13,CUST-5648,3859.02,NetBanking,0.015,0.00,,57.89,10.42,38.59,3752.12
ORD-10306,2026-01-24,CUST-3278,5516.65,Card,0.02,0.00,,110.33,19.86,55.17,5331.29
ORD-10307,2026-01-27,CUST-9219,4020.37,Card,0.02,0.00,,80.41,14.47,40.20,3885.29
ORD-10308,2026-01-08,CUST-5555,2136.93,Wallet,0.018,0.00,,38.46,6.92,21.37,2070.18
ORD-10309,2026-01-11,CUST-4081,1287.75,UPI,0.00,0.00,,0.00,0.00,12.88,1274.87
ORD-10310,2026-01-10,CUST-4432,6577.14,UPI,0.00,0.00,,0.00,0.00,65.77,6511.37
ORD-10311,2026-01-01,CUST-1575,5516.91,UPI,0.00,0.00,,0.00,0.00,55.17,5461.74
ORD-10312,2026-01-15,CUST-7116,8095.98,Card,0.02,0.00,,161.92,29.15,80.96,7823.95
ORD-10313,2026-01-24,CUST-3203,12990.40,Card,0.02,0.00,,259.81,46.77,129.90,12553.92
ORD-10314,2026-01-20,CUST-4953,14803.06,UPI,0.00,0.00,,0.00,0.00,148.03,14655.03
ORD-10315,2026-01-26,CUST-7262,3525.58,UPI,0.00,0.00,,0.00,0.00,35.26,3490.32
ORD-10316,2026-01-01,CUST-2229,10385.48,UPI,0.00,0.00,,0.00,0.00,103.85,10281.63
ORD-10317,2026-01-27,CUST-1125,14286.81,Card,0.02,0.00,,285.74,51.43,142.87,13806.77
ORD-10318,2026-01-24,CUST-7638,7921.60,UPI,0.00,0.00,,0.00,0.00,79.22,7842.38
ORD-10319,2026-01-23,CUST-7527,2164.18,UPI,0.00,0.00,,0.00,0.00,21.64,2142.54
ORD-10320,2026-01-28,CUST-5470,2603.25,UPI,0.00,0.00,,0.00,0.00,26.03,2577.22
ORD-10321,2026-01-29,CUST-8519,3671.51,Wallet,0.018,0.00,,66.09,11.90,36.72,3556.80
ORD-10322,2026-01-01,CUST-6238,14180.29,Card,0.02,0.00,,283.61,51.05,141.80,13703.83
ORD-10323,2026-01-17,CUST-8705,13059.79,Card,0.02,7384.98,2026-01-20,261.20,47.02,130.60,5235.99
ORD-10324,2026-01-04,CUST-4072,3391.99,Card,0.02,0.00,,67.84,12.21,33.92,3278.02
ORD-10325,2026-01-05,CUST-9125,9936.11,International Card,0.03,5848.27,2026-01-06,298.08,53.65,99.36,3636.75
ORD-10326,2026-01-25,CUST-7924,11779.31,Card,0.02,0.00,,235.59,42.41,117.79,11383.52
ORD-10327,2026-01-04,CUST-4173,5040.09,Card,0.02,0.00,,100.80,18.14,50.40,4870.75
ORD-10328,2026-01-18,CUST-2000,4894.50,NetBanking,0.015,0.00,,73.42,13.22,48.95,4758.91
ORD-10329,2026-01-30,CUST-1454,285.23,UPI,0.00,0.00,,0.00,0.00,2.85,282.38
ORD-10330,2026-01-07,CUST-3190,10492.91,UPI,0.00,0.00,,0.00,0.00,104.93,10387.98
ORD-10331,2026-01-17,CUST-9927,5724.13,UPI,0.00,0.00,,0.00,0.00,57.24,5666.89
ORD-10332,2026-01-03,CUST-8117,9368.46,UPI,0.00,0.00,,0.00,0.00,93.68,9274.78
ORD-10333,2026-01-26,CUST-7471,7882.41,UPI,0.00,2133.17,2026-01-30,0.00,0.00,78.82,5670.42
ORD-10334,2026-01-05,CUST-5399,8786.55,UPI,0.00,0.00,,0.00,0.00,87.87,8698.68
ORD-10335,2026-01-16,CUST-6445,11253.76,Card,0.02,0.00,,225.08,40.51,112.54,10875.63
ORD-10336,2026-01-21,CUST-1406,6576.76,NetBanking,0.015,0.00,,98.65,17.76,65.77,6394.58
ORD-10337,2026-01-15,CUST-7936,9889.46,UPI,0.00,0.00,,0.00,0.00,98.89,9790.57
ORD-10338,2026-01-13,CUST-5882,1701.03,UPI,0.00,0.00,,0.00,0.00,17.01,1684.02
ORD-10339,2026-01-20,CUST-4610,13958.17,UPI,0.00,0.00,,0.00,0.00,139.58,13818.59
ORD-10340,2026-01-10,CUST-6539,10821.01,UPI,0.00,0.00,,0.00,0.00,108.21,10712.80
ORD-10341,2026-01-26,CUST-5445,2881.01,Card,0.02,0.00,,57.62,10.37,28.81,2784.21
ORD-10342,2026-01-13,CUST-4654,4570.12,Card,0.02,0.00,,91.40,16.45,45.70,4416.57
ORD-10343,2026-01-24,CUST-9227,6483.01,UPI,0.00,0.00,,0.00,0.00,64.83,6418.18
ORD-10344,2026-01-12,CUST-6495,7992.19,UPI,0.00,3348.67,2026-01-13,0.00,0.00,79.92,4563.60
ORD-10345,2026-01-22,CUST-4097,3338.26,Card,0.02,0.00,,66.77,12.02,33.38,3226.09
ORD-10346,2026-01-29,CUST-7295,5430.64,UPI,0.00,0.00,,0.00,0.00,54.31,5376.33
ORD-10347,2026-01-18,CUST-7807,12374.69,UPI,0.00,0.00,,0.00,0.00,123.75,12250.94
ORD-10348,2026-01-18,CUST-6010,9433.12,UPI,0.00,0.00,,0.00,0.00,94.33,9338.79
ORD-10349,2026-01-15,CUST-1482,13065.04,UPI,0.00,0.00,,0.00,0.00,130.65,12934.39
ORD-10350,2026-01-22,CUST-3852,9701.18,Card,0.02,0.00,,194.02,34.92,97.01,9375.23
ORD-10351,2026-01-10,CUST-2100,8998.25,UPI,0.00,0.00,,0.00,0.00,89.98,8908.27
ORD-10352,2026-01-03,CUST-5358,10488.14,UPI,0.00,0.00,,0.00,0.00,104.88,10383.26
ORD-10353,2026-01-07,CUST-7602,14870.59,UPI,0.00,0.00,,0.00,0.00,148.71,14721.88
ORD-10354,2026-01-26,CUST-2125,8760.13,UPI,0.00,0.00,,0.00,0.00,87.60,8672.53
ORD-10355,2026-01-08,CUST-8843,3039.64,UPI,0.00,0.00,,0.00,0.00,30.40,3009.24
ORD-10356,2026-01-09,CUST-1707,6747.67,NetBanking,0.015,0.00,,101.22,18.22,67.48,6560.75
ORD-10357,2026-01-12,CUST-4610,9674.49,UPI,0.00,0.00,,0.00,0.00,96.74,9577.75
ORD-10358,2026-01-03,CUST-8979,5000.14,UPI,0.00,0.00,,0.00,0.00,50.00,4950.14
ORD-10359,2026-01-23,CUST-6291,9995.22,Card,0.02,0.00,,199.90,35.98,99.95,9659.39
ORD-10360,2026-01-30,CUST-5211,1090.11,Card,0.02,0.00,,21.80,3.92,10.90,1053.49
ORD-10361,2026-01-13,CUST-4374,3173.82,UPI,0.00,0.00,,0.00,0.00,31.74,3142.08
ORD-10362,2026-01-25,CUST-4083,5344.06,Card,0.02,0.00,,106.88,19.24,53.44,5164.50
ORD-10363,2026-01-16,CUST-1236,1973.47,Wallet,0.018,924.75,2026-01-22,35.52,6.39,19.73,987.08
ORD-10364,2026-01-12,CUST-3368,12662.09,UPI,0.00,0.00,,0.00,0.00,126.62,12535.47
ORD-10365,2026-01-18,CUST-5895,2090.16,NetBanking,0.015,0.00,,31.35,5.64,20.90,2032.27
ORD-10366,2026-01-02,CUST-4725,1941.21,UPI,0.00,0.00,,0.00,0.00,19.41,1921.80
ORD-10367,2026-01-09,CUST-1340,5325.56,UPI,0.00,0.00,,0.00,0.00,53.26,5272.30
ORD-10368,2026-01-03,CUST-6299,4339.61,Wallet,0.018,0.00,,78.11,14.06,43.40,4204.04
ORD-10369,2026-01-06,CUST-2442,11836.88,Card,0.02,0.00,,236.74,42.61,118.37,11439.16
ORD-10370,2026-01-20,CUST-5107,13972.81,UPI,0.00,0.00,,0.00,0.00,139.73,13833.08
ORD-10371,2026-01-03,CUST-8629,12127.70,Card,0.02,0.00,,242.55,43.66,121.28,11720.21
ORD-10372,2026-01-09,CUST-8842,2768.16,Card,0.02,0.00,,55.36,9.96,27.68,2675.16
ORD-10373,2026-01-20,CUST-7097,9686.39,NetBanking,0.015,0.00,,145.30,26.15,96.86,9418.08
ORD-10374,2026-01-22,CUST-5259,9174.29,UPI,0.00,0.00,,0.00,0.00,91.74,9082.55
ORD-10375,2026-01-14,CUST-3530,6100.21,UPI,0.00,0.00,,0.00,0.00,61.00,6039.21
ORD-10376,2026-01-08,CUST-3964,582.02,UPI,0.00,0.00,,0.00,0.00,5.82,576.20
ORD-10377,2026-01-28,CUST-8179,14494.17,UPI,0.00,0.00,,0.00,0.00,144.94,14349.23
ORD-10378,2026-01-14,CUST-6777,4310.74,NetBanking,0.015,469.20,2026-01-16,64.66,11.64,43.11,3722.13
ORD-10379,2026-01-28,CUST-7610,5919.62,Card,0.02,0.00,,118.39,21.31,59.20,5720.72
ORD-10380,2026-01-25,CUST-5737,7372.10,Card,0.02,0.00,,147.44,26.54,73.72,7124.40
ORD-10381,2026-01-15,CUST-9648,6568.99,UPI,0.00,0.00,,0.00,0.00,65.69,6503.30
ORD-10382,2026-01-28,CUST-7406,10443.99,UPI,0.00,0.00,,0.00,0.00,104.44,10339.55
ORD-10383,2026-01-07,CUST-6671,12246.76,Card,0.02,0.00,,244.94,44.09,122.47,11835.26
ORD-10384,2026-01-20,CUST-1419,8000.21,UPI,0.00,0.00,,0.00,0.00,80.00,7920.21
ORD-10385,2026-01-20,CUST-8870,6856.81,UPI,0.00,0.00,,0.00,0.00,68.57,6788.24
ORD-10386,2026-01-28,CUST-2549,2817.93,UPI,0.00,0.00,,0.00,0.00,28.18,2789.75
ORD-10387,2026-01-23,CUST-5481,2180.30,UPI,0.00,0.00,,0.00,0.00,21.80,2158.50
ORD-10388,2026-01-21,CUST-7793,10278.43,UPI,0.00,0.00,,0.00,0.00,102.78,10175.65
ORD-10389,2026-01-13,CUST-7356,12547.69,Card,0.02,0.00,,250.95,45.17,125.48,12126.09
ORD-10390,2026-01-05,CUST-5268,830.97,UPI,0.00,0.00,,0.00,0.00,8.31,822.66
ORD-10391,2026-01-11,CUST-5798,7590.14,UPI,0.00,0.00,,0.00,0.00,75.90,7514.24
ORD-10392,2026-01-30,CUST-6827,12996.97,UPI,0.00,0.00,,0.00,0.00,129.97,12867.00
ORD-10393,2026-01-03,CUST-4493,6007.43,Wallet,0.018,0.00,,108.13,19.46,60.07,5819.77
ORD-10394,2026-01-17,CUST-4191,4868.02,Card,0.02,0.00,,97.36,17.52,48.68,4704.46
ORD-10395,2026-01-29,CUST-8177,13968.72,UPI,0.00,0.00,,0.00,0.00,139.69,13829.03
ORD-10396,2026-01-28,CUST-9906,7532.69,UPI,0.00,0.00,,0.00,0.00,75.33,7457.36
ORD-10397,2026-01-17,CUST-1078,13362.99,UPI,0.00,0.00,,0.00,0.00,133.63,13229.36
ORD-10398,2026-01-05,CUST-8083,7780.88,Card,0.02,1107.97,2026-01-08,155.62,28.01,77.81,6411.47
ORD-10399,2026-01-01,CUST-8788,12071.53,UPI,0.00,4276.82,2026-01-07,0.00,0.00,120.72,7673.99
ORD-10400,2026-01-26,CUST-1365,14875.51,Wallet,0.018,0.00,,267.76,48.20,148.76,14410.79
ORD-10401,2026-01-19,CUST-9754,2776.82,UPI,0.00,0.00,,0.00,0.00,27.77,2749.05
ORD-10402,2026-01-08,CUST-6439,6479.59,UPI,0.00,0.00,,0.00,0.00,64.80,6414.79
ORD-10403,2026-01-17,CUST-2246,11780.78,UPI,0.00,0.00,,0.00,0.00,117.81,11662.97
ORD-10404,2026-01-15,CUST-2827,9302.19,Card,0.02,0.00,,186.04,33.49,93.02,8989.64
ORD-10405,2026-01-26,CUST-5285,13458.06,UPI,0.00,0.00,,0.00,0.00,134.58,13323.48
ORD-10406,2026-01-27,CUST-6607,1886.56,UPI,0.00,0.00,,0.00,0.00,18.87,1867.69
ORD-10407,2026-01-16,CUST-9714,847.29,UPI,0.00,0.00,,0.00,0.00,8.47,838.82
ORD-10408,2026-01-09,CUST-6784,5764.69,Card,0.02,0.00,,115.29,20.75,57.65,5571.00
ORD-10409,2026-01-18,CUST-3461,13939.10,Card,0.02,0.00,,278.78,50.18,139.39,13470.75
ORD-10410,2026-01-17,CUST-8031,14887.75,Card,0.02,0.00,,297.76,53.60,148.88,14387.51
ORD-10411,2026-01-07,CUST-5875,13800.11,UPI,0.00,0.00,,0.00,0.00,138.00,13662.11
ORD-10412,2026-01-21,CUST-1301,10981.66,Card,0.02,0.00,,219.63,39.53,109.82,10612.68
ORD-10413,2026-01-11,CUST-9789,11347.17,UPI,0.00,0.00,,0.00,0.00,113.47,11233.70
ORD-10414,2026-01-13,CUST-4537,1797.57,Card,0.02,0.00,,35.95,6.47,17.98,1737.17
ORD-10415,2026-01-18,CUST-5082,2430.01,UPI,0.00,0.00,,0.00,0.00,24.30,2405.71
ORD-10416,2026-01-05,CUST-2724,11202.67,Card,0.02,0.00,,224.05,40.33,112.03,10826.26
ORD-10417,2026-01-23,CUST-3460,1587.60,Card,0.02,0.00,,31.75,5.72,15.88,1534.25
ORD-10418,2026-01-05,CUST-7279,7031.05,UPI,0.00,0.00,,0.00,0.00,70.31,6960.74
ORD-10419,2026-01-05,CUST-1514,14878.79,UPI,0.00,0.00,,0.00,0.00,148.79,14730.00
ORD-10420,2026-01-10,CUST-9033,3219.73,Card,0.02,0.00,,64.39,11.59,32.20,3111.55
ORD-10421,2026-01-07,CUST-3159,11800.12,Card,0.02,5669.90,2026-01-09,236.00,42.48,118.00,5733.74
ORD-10422,2026-01-12,CUST-2037,11293.27,Card,0.02,0.00,,225.87,40.66,112.93,10913.81
ORD-10423,2026-01-16,CUST-2778,12661.16,UPI,0.00,0.00,,0.00,0.00,126.61,12534.55
ORD-10424,2026-01-26,CUST-3179,5903.56,Card,0.02,0.00,,118.07,21.25,59.04,5705.20
ORD-10425,2026-01-22,CUST-1226,2239.78,Card,0.02,423.74,2026-01-26,44.80,8.06,22.40,1740.78
ORD-10426,2026-01-06,CUST-6891,2883.53,UPI,0.00,0.00,,0.00,0.00,28.84,2854.69
ORD-10427,2026-01-07,CUST-3563,7749.62,Card,0.02,0.00,,154.99,27.90,77.50,7489.23
ORD-10428,2026-01-26,CUST-7643,8497.77,Card,0.02,0.00,,169.96,30.59,84.98,8212.24
ORD-10429,2026-01-18,CUST-4390,1340.46,UPI,0.00,0.00,,0.00,0.00,13.40,1327.06
ORD-10430,2026-01-30,CUST-6433,10673.68,Card,0.02,0.00,,213.47,38.42,106.74,10315.05
ORD-10431,2026-01-16,CUST-6469,5057.25,UPI,0.00,0.00,,0.00,0.00,50.57,5006.68
ORD-10432,2026-01-20,CUST-2136,9053.73,Card,0.02,0.00,,181.07,32.59,90.54,8749.53
ORD-10433,2026-01-28,CUST-6237,9709.96,UPI,0.00,0.00,,0.00,0.00,97.10,9612.86
ORD-10434,2026-01-16,CUST-3010,10351.49,International Card,0.03,0.00,,310.54,55.90,103.51,9881.54
ORD-10435,2026-01-07,CUST-4471,3203.46,Card,0.02,0.00,,64.07,11.53,32.03,3095.83
ORD-10436,2026-01-03,CUST-6068,10563.73,Card,0.02,0.00,,211.27,38.03,105.64,10208.79
ORD-10437,2026-01-06,CUST-4920,13958.33,Card,0.02,0.00,,279.17,50.25,139.58,13489.33
ORD-10438,2026-01-03,CUST-6017,13116.41,NetBanking,0.015,0.00,,196.75,35.42,131.16,12753.08
ORD-10439,2026-01-17,CUST-9895,7347.94,UPI,0.00,0.00,,0.00,0.00,73.48,7274.46
ORD-10440,2026-01-07,CUST-8462,7547.63,UPI,0.00,0.00,,0.00,0.00,75.48,7472.15
ORD-10441,2026-01-06,CUST-1685,9231.33,UPI,0.00,0.00,,0.00,0.00,92.31,9139.02
ORD-10442,2026-01-24,CUST-7868,1220.58,UPI,0.00,0.00,,0.00,0.00,12.21,1208.37
ORD-10443,2026-01-28,CUST-5998,3855.29,Wallet,0.018,0.00,,69.40,12.49,38.55,3734.85
ORD-10444,2026-01-16,CUST-3014,6856.15,Card,0.02,0.00,,137.12,24.68,68.56,6625.79
ORD-10445,2026-01-13,CUST-6347,697.48,UPI,0.00,0.00,,0.00,0.00,6.97,690.51
ORD-10446,2026-01-25,CUST-1689,6284.21,UPI,0.00,0.00,,0.00,0.00,62.84,6221.37
ORD-10447,2026-01-18,CUST-1671,10024.09,Wallet,0.018,0.00,,180.43,32.48,100.24,9710.94
ORD-10448,2026-01-07,CUST-2449,12452.45,Card,0.02,0.00,,249.05,44.83,124.52,12034.05
ORD-10449,2026-01-05,CUST-3361,14697.35,UPI,0.00,0.00,,0.00,0.00,146.97,14550.38
ORD-10450,2026-01-05,CUST-2938,4768.74,Wallet,0.018,0.00,,85.84,15.45,47.69,4619.76
ORD-10451,2026-01-29,CUST-9616,526.12,Card,0.02,0.00,,10.52,1.89,5.26,508.45
ORD-10452,2026-01-25,CUST-1597,8506.10,UPI,0.00,0.00,,0.00,0.00,85.06,8421.04
ORD-10453,2026-01-02,CUST-7171,10897.65,UPI,0.00,0.00,,0.00,0.00,108.98,10788.67
ORD-10454,2026-01-17,CUST-2633,1409.54,UPI,0.00,0.00,,0.00,0.00,14.10,1395.44
ORD-10455,2026-01-21,CUST-2537,10029.98,UPI,0.00,0.00,,0.00,0.00,100.30,9929.68
ORD-10456,2026-01-16,CUST-4750,8272.39,UPI,0.00,0.00,,0.00,0.00,82.72,8189.67
ORD-10457,2026-01-28,CUST-5666,6996.75,UPI,0.00,0.00,,0.00,0.00,69.97,6926.78
ORD-10458,2026-01-07,CUST-3324,2637.65,UPI,0.00,0.00,,0.00,0.00,26.38,2611.27
ORD-10459,2026-01-22,CUST-6774,3232.24,NetBanking,0.015,0.00,,48.48,8.73,32.32,3142.71
ORD-10460,2026-01-28,CUST-1781,3734.18,UPI,0.00,0.00,,0.00,0.00,37.34,3696.84
ORD-10461,2026-01-26,CUST-5976,602.08,UPI,0.00,0.00,,0.00,0.00,6.02,596.06
ORD-10462,2026-01-08,CUST-8264,5982.78,Card,0.02,0.00,,119.66,21.54,59.83,5781.75
ORD-10463,2026-01-23,CUST-7744,6081.24,UPI,0.00,0.00,,0.00,0.00,60.81,6020.43
ORD-10464,2026-01-11,CUST-3551,2963.50,UPI,0.00,0.00,,0.00,0.00,29.64,2933.86
ORD-10465,2026-01-09,CUST-9676,9591.82,Card,0.02,0.00,,191.84,34.53,95.92,9269.53
ORD-10466,2026-01-16,CUST-3285,8088.83,UPI,0.00,0.00,,0.00,0.00,80.89,8007.94
ORD-10467,2026-01-12,CUST-3822,9279.40,UPI,0.00,0.00,,0.00,0.00,92.79,9186.61
ORD-10468,2026-01-11,CUST-5135,7704.36,Card,0.02,2171.45,2026-01-15,154.09,27.74,77.04,5274.04
ORD-10469,2026-01-28,CUST-1687,2451.14,UPI,0.00,0.00,,0.00,0.00,24.51,2426.63
ORD-10470,2026-01-22,CUST-6906,13259.76,NetBanking,0.015,0.00,,198.90,35.80,132.60,12892.46
ORD-10471,2026-01-16,CUST-6248,6382.86,International Card,0.03,0.00,,191.49,34.47,63.83,6093.07
ORD-10472,2026-01-13,CUST-8329,2656.13,NetBanking,0.015,0.00,,39.84,7.17,26.56,2582.56
ORD-10473,2026-01-23,CUST-4711,386.59,Card,0.02,0.00,,7.73,1.39,3.87,373.60
ORD-10474,2026-01-25,CUST-8833,1375.22,Card,0.02,0.00,,27.50,4.95,13.75,1329.02
ORD-10475,2026-01-29,CUST-1264,12322.14,UPI,0.00,0.00,,0.00,0.00,123.22,12198.92
ORD-10476,2026-01-12,CUST-8544,7173.28,NetBanking,0.015,0.00,,107.60,19.37,71.73,6974.58
ORD-10477,2026-01-21,CUST-1587,5161.08,UPI,0.00,0.00,,0.00,0.00,51.61,5109.47
ORD-10478,2026-01-24,CUST-9381,10842.35,UPI,0.00,0.00,,0.00,0.00,108.42,10733.93
ORD-10479,2026-01-19,CUST-6433,9283.91,UPI,0.00,0.00,,0.00,0.00,92.84,9191.07
ORD-10480,2026-01-17,CUST-7980,12131.70,NetBanking,0.015,0.00,,181.98,32.76,121.32,11795.64
ORD-10481,2026-01-01,CUST-9915,11141.56,UPI,0.00,0.00,,0.00,0.00,111.42,11030.14
ORD-10482,2026-01-24,CUST-1155,10288.71,UPI,0.00,0.00,,0.00,0.00,102.89,10185.82
ORD-10483,2026-01-01,CUST-6063,1275.53,UPI,0.00,0.00,,0.00,0.00,12.76,1262.77
ORD-10484,2026-01-26,CUST-7040,3389.84,UPI,0.00,0.00,,0.00,0.00,33.90,3355.94
ORD-10485,2026-01-25,CUST-1948,9866.81,Wallet,0.018,0.00,,177.60,31.97,98.67,9558.57
ORD-10486,2026-01-07,CUST-1392,11869.02,Card,0.02,0.00,,237.38,42.73,118.69,11470.22
ORD-10487,2026-01-01,CUST-5741,10126.84,Card,0.02,0.00,,202.54,36.46,101.27,9786.57
ORD-10488,2026-01-24,CUST-7701,7013.30,NetBanking,0.015,0.00,,105.20,18.94,70.13,6819.03
ORD-10489,2026-01-03,CUST-6661,12074.84,UPI,0.00,3751.92,2026-01-06,0.00,0.00,120.75,8202.17
ORD-10490,2026-01-26,CUST-2750,2086.32,Card,0.02,0.00,,41.73,7.51,20.86,2016.22
ORD-10491,2026-01-03,CUST-6394,12112.62,UPI,0.00,0.00,,0.00,0.00,121.13,11991.49
ORD-10492,2026-01-09,CUST-2531,9599.32,UPI,0.00,0.00,,0.00,0.00,95.99,9503.33
ORD-10493,2026-01-21,CUST-3723,1628.71,UPI,0.00,544.61,2026-01-22,0.00,0.00,16.29,1067.81
ORD-10494,2026-01-14,CUST-2762,3550.00,Card,0.02,0.00,,71.00,12.78,35.50,3430.72
ORD-10495,2026-01-27,CUST-9259,13183.14,NetBanking,0.015,0.00,,197.75,35.60,131.83,12817.96
ORD-10496,2026-01-22,CUST-4198,9467.41,UPI,0.00,0.00,,0.00,0.00,94.67,9372.74
ORD-10497,2026-01-16,CUST-6154,4163.09,Card,0.02,0.00,,83.26,14.99,41.63,4023.21
ORD-10498,2026-01-21,CUST-2348,3934.15,UPI,0.00,0.00,,0.00,0.00,39.34,3894.81
ORD-10499,2026-01-21,CUST-3044,7973.55,UPI,0.00,0.00,,0.00,0.00,79.74,7893.81
ORD-10500,2026-01-02,CUST-1727,14346.20,UPI,0.00,0.00,,0.00,0.00,143.46,14202.74
ORD-10501,2026-01-08,CUST-7581,6632.02,Card,0.02,0.00,,132.64,23.88,66.32,6409.18
ORD-10502,2026-01-26,CUST-7748,2724.61,Wallet,0.018,0.00,,49.04,8.83,27.25,2639.49
ORD-10503,2026-01-25,CUST-4740,9666.16,Card,0.02,0.00,,193.32,34.80,96.66,9341.38
ORD-10504,2026-01-04,CUST-6525,11843.90,Wallet,0.018,0.00,,213.19,38.37,118.44,11473.90
ORD-10505,2026-01-24,CUST-2185,7198.88,International Card,0.03,0.00,,215.97,38.87,71.99,6872.05
ORD-10506,2026-01-06,CUST-8429,13393.90,UPI,0.00,5384.83,2026-01-09,0.00,0.00,133.94,7875.13
ORD-10507,2026-01-08,CUST-4451,7150.70,UPI,0.00,0.00,,0.00,0.00,71.51,7079.19
ORD-10508,2026-01-03,CUST-9333,9239.55,UPI,0.00,0.00,,0.00,0.00,92.40,9147.15
ORD-10509,2026-01-13,CUST-5796,281.49,UPI,0.00,0.00,,0.00,0.00,2.81,278.68
ORD-10510,2026-01-11,CUST-5987,4416.64,UPI,0.00,0.00,,0.00,0.00,44.17,4372.47
ORD-10511,2026-01-30,CUST-6482,856.94,UPI,0.00,0.00,,0.00,0.00,8.57,848.37
ORD-10512,2026-01-17,CUST-5648,12309.46,UPI,0.00,0.00,,0.00,0.00,123.09,12186.37
ORD-10513,2026-01-23,CUST-4112,639.09,Card,0.02,207.90,2026-01-28,12.78,2.30,6.39,409.72
ORD-10514,2026-01-14,CUST-4628,6039.73,UPI,0.00,0.00,,0.00,0.00,60.40,5979.33
ORD-10515,2026-01-08,CUST-7132,4020.96,Card,0.02,0.00,,80.42,14.48,40.21,3885.85
ORD-10516,2026-01-26,CUST-7246,14319.69,Card,0.02,0.00,,286.39,51.55,143.20,13838.55
ORD-10517,2026-01-14,CUST-4741,4012.59,UPI,0.00,0.00,,0.00,0.00,40.13,3972.46
ORD-10518,2026-01-18,CUST-5033,10046.32,NetBanking,0.015,0.00,,150.69,27.12,100.46,9768.05
ORD-10519,2026-01-05,CUST-2774,6400.43,Card,0.02,0.00,,128.01,23.04,64.00,6185.38
ORD-10520,2026-01-26,CUST-8922,5450.62,Wallet,0.018,0.00,,98.11,17.66,54.51,5280.34
ORD-10521,2026-01-09,CUST-1201,5556.42,Card,0.02,2322.85,2026-01-13,111.13,20.00,55.56,3046.88
ORD-10522,2026-01-09,CUST-8544,2483.96,UPI,0.00,0.00,,0.00,0.00,24.84,2459.12
ORD-10523,2026-01-21,CUST-2628,1183.37,UPI,0.00,0.00,,0.00,0.00,11.83,1171.54
ORD-10524,2026-01-17,CUST-5008,6446.11,UPI,0.00,0.00,,0.00,0.00,64.46,6381.65
ORD-10525,2026-01-13,CUST-2998,847.34,UPI,0.00,0.00,,0.00,0.00,8.47,838.87
ORD-10526,2026-01-25,CUST-8446,12287.50,UPI,0.00,0.00,,0.00,0.00,122.88,12164.62
ORD-10527,2026-01-11,CUST-7563,10159.91,UPI,0.00,0.00,,0.00,0.00,101.60,10058.31
ORD-10528,2026-01-26,CUST-4259,3548.93,UPI,0.00,0.00,,0.00,0.00,35.49,3513.44
ORD-10529,2026-01-12,CUST-7990,11438.40,UPI,0.00,0.00,,0.00,0.00,114.38,11324.02
ORD-10530,2026-01-26,CUST-2141,10642.67,Card,0.02,0.00,,212.85,38.31,106.43,10285.08
ORD-10531,2026-01-24,CUST-8835,6571.83,UPI,0.00,0.00,,0.00,0.00,65.72,6506.11
ORD-10532,2026-01-01,CUST-3606,2486.00,UPI,0.00,0.00,,0.00,0.00,24.86,2461.14
ORD-10533,2026-01-28,CUST-2442,5240.94,UPI,0.00,0.00,,0.00,0.00,52.41,5188.53
ORD-10534,2026-01-17,CUST-2829,12737.66,UPI,0.00,0.00,,0.00,0.00,127.38,12610.28
ORD-10535,2026-01-24,CUST-2054,10386.46,UPI,0.00,0.00,,0.00,0.00,103.86,10282.60
ORD-10536,2026-01-24,CUST-4415,7680.74,Wallet,0.018,0.00,,138.25,24.89,76.81,7440.79
ORD-10537,2026-01-27,CUST-8597,658.15,UPI,0.00,0.00,,0.00,0.00,6.58,651.57
ORD-10538,2026-01-18,CUST-3309,11391.96,UPI,0.00,0.00,,0.00,0.00,113.92,11278.04
ORD-10539,2026-01-05,CUST-3169,1918.86,Wallet,0.018,0.00,,34.54,6.22,19.19,1858.91
ORD-10540,2026-01-23,CUST-7789,9123.55,NetBanking,0.015,0.00,,136.85,24.63,91.24,8870.83
ORD-10541,2026-01-13,CUST-5154,14424.81,UPI,0.00,0.00,,0.00,0.00,144.25,14280.56
ORD-10542,2026-01-16,CUST-4236,7272.60,UPI,0.00,0.00,,0.00,0.00,72.73,7199.87
ORD-10543,2026-01-21,CUST-6498,12610.53,UPI,0.00,0.00,,0.00,0.00,126.11,12484.42
ORD-10544,2026-01-13,CUST-8730,2822.13,UPI,0.00,0.00,,0.00,0.00,28.22,2793.91
ORD-10545,2026-01-21,CUST-9491,12494.19,UPI,0.00,0.00,,0.00,0.00,124.94,12369.25
ORD-10546,2026-01-24,CUST-7626,2427.72,NetBanking,0.015,0.00,,36.42,6.56,24.28,2360.46
ORD-10547,2026-01-29,CUST-7416,11071.75,UPI,0.00,0.00,,0.00,0.00,110.72,10961.03
ORD-10548,2026-01-24,CUST-7905,7029.39,Card,0.02,0.00,,140.59,25.31,70.29,6793.20
ORD-10549,2026-01-05,CUST-9848,10721.09,Wallet,0.018,0.00,,192.98,34.74,107.21,10386.16
ORD-10550,2026-01-27,CUST-2140,9066.98,UPI,0.00,0.00,,0.00,0.00,90.67,8976.31
ORD-10551,2026-01-22,CUST-7538,8329.97,UPI,0.00,0.00,,0.00,0.00,83.30,8246.67
ORD-10552,2026-01-09,CUST-1557,710.03,Wallet,0.018,0.00,,12.78,2.30,7.10,687.85
ORD-10553,2026-01-26,CUST-6867,11368.39,UPI,0.00,0.00,,0.00,0.00,113.68,11254.71
ORD-10554,2026-01-04,CUST-8269,7932.17,Card,0.02,0.00,,158.64,28.56,79.32,7665.65
ORD-10555,2026-01-27,CUST-3808,5561.57,Card,0.02,0.00,,111.23,20.02,55.62,5374.70
ORD-10556,2026-01-27,CUST-5699,12447.28,Card,0.02,0.00,,248.95,44.81,124.47,12029.05
ORD-10557,2026-01-13,CUST-5258,3167.02,UPI,0.00,0.00,,0.00,0.00,31.67,3135.35
ORD-10558,2026-01-17,CUST-3384,12735.14,NetBanking,0.015,0.00,,191.03,34.39,127.35,12382.37
ORD-10559,2026-01-06,CUST-6442,6835.12,UPI,0.00,0.00,,0.00,0.00,68.35,6766.77
ORD-10560,2026-01-23,CUST-3767,11486.43,Wallet,0.018,6157.00,2026-01-27,206.76,37.22,114.86,4970.59
ORD-10561,2026-01-10,CUST-1276,5508.99,NetBanking,0.015,0.00,,82.63,14.87,55.09,5356.40
ORD-10562,2026-01-24,CUST-5152,11942.23,International Card,0.03,0.00,,358.27,64.49,119.42,11400.05
ORD-10563,2026-01-26,CUST-5208,1529.22,UPI,0.00,414.25,2026-01-27,0.00,0.00,15.29,1099.68
ORD-10564,2026-01-01,CUST-6668,283.85,Wallet,0.018,0.00,,5.11,0.92,2.84,274.98
ORD-10565,2026-01-09,CUST-9448,12719.64,Card,0.02,0.00,,254.39,45.79,127.20,12292.26
ORD-10566,2026-01-09,CUST-5897,1349.21,UPI,0.00,0.00,,0.00,0.00,13.49,1335.72
ORD-10567,2026-01-06,CUST-2098,5362.54,UPI,0.00,0.00,,0.00,0.00,53.63,5308.91
ORD-10568,2026-01-13,CUST-6409,290.11,UPI,0.00,0.00,,0.00,0.00,2.90,287.21
ORD-10569,2026-01-02,CUST-6776,7609.24,Card,0.02,0.00,,152.18,27.39,76.09,7353.58
ORD-10570,2026-01-28,CUST-7465,1278.95,UPI,0.00,0.00,,0.00,0.00,12.79,1266.16
ORD-10571,2026-01-28,CUST-6409,4358.87,NetBanking,0.015,0.00,,65.38,11.77,43.59,4238.13
ORD-10572,2026-01-30,CUST-6686,13610.44,UPI,0.00,0.00,,0.00,0.00,136.10,13474.34
ORD-10573,2026-01-01,CUST-6789,14688.92,Card,0.02,0.00,,293.78,52.88,146.89,14195.37
ORD-10574,2026-01-25,CUST-1182,7645.64,UPI,0.00,0.00,,0.00,0.00,76.46,7569.18
ORD-10575,2026-01-08,CUST-2589,1262.28,Card,0.02,0.00,,25.25,4.55,12.62,1219.86
ORD-10576,2026-01-28,CUST-9244,12098.59,Card,0.02,0.00,,241.97,43.55,120.99,11692.08
ORD-10577,2026-01-13,CUST-8226,11675.12,UPI,0.00,0.00,,0.00,0.00,116.75,11558.37
ORD-10578,2026-01-14,CUST-5945,12391.92,Card,0.02,0.00,,247.84,44.61,123.92,11975.55
ORD-10579,2026-01-17,CUST-8758,1720.67,UPI,0.00,0.00,,0.00,0.00,17.21,1703.46
ORD-10580,2026-01-18,CUST-4167,8983.59,NetBanking,0.015,0.00,,134.75,24.26,89.84,8734.74
ORD-10581,2026-01-08,CUST-7056,5237.49,Wallet,0.018,0.00,,94.27,16.97,52.37,5073.88
ORD-10582,2026-01-28,CUST-8818,12435.38,UPI,0.00,0.00,,0.00,0.00,124.35,12311.03
ORD-10583,2026-01-02,CUST-5523,8662.78,Wallet,0.018,0.00,,155.93,28.07,86.63,8392.15
ORD-10584,2026-01-19,CUST-3224,5784.24,Wallet,0.018,0.00,,104.12,18.74,57.84,5603.54
ORD-10585,2026-01-17,CUST-9662,7508.45,UPI,0.00,0.00,,0.00,0.00,75.08,7433.37
ORD-10586,2026-01-24,CUST-8094,264.58,UPI,0.00,0.00,,0.00,0.00,2.65,261.93
ORD-10587,2026-01-13,CUST-4607,11463.36,Wallet,0.018,0.00,,206.34,37.14,114.63,11105.25
ORD-10588,2026-01-30,CUST-6832,1759.40,Card,0.02,0.00,,35.19,6.33,17.59,1700.29
ORD-10589,2026-01-10,CUST-2124,7578.85,UPI,0.00,0.00,,0.00,0.00,75.79,7503.06
ORD-10590,2026-01-03,CUST-4374,1842.47,Card,0.02,0.00,,36.85,6.63,18.42,1780.57
ORD-10591,2026-01-09,CUST-6574,11560.00,UPI,0.00,0.00,,0.00,0.00,115.60,11444.40
ORD-10592,2026-01-02,CUST-5424,13072.50,Card,0.02,0.00,,261.45,47.06,130.73,12633.26
ORD-10593,2026-01-04,CUST-2772,4570.46,UPI,0.00,0.00,,0.00,0.00,45.70,4524.76
ORD-10594,2026-01-18,CUST-8170,4871.28,Card,0.02,0.00,,97.43,17.54,48.71,4707.60
ORD-10595,2026-01-08,CUST-2461,8771.79,UPI,0.00,3801.99,2026-01-09,0.00,0.00,87.72,4882.08
ORD-10596,2026-01-22,CUST-2673,8248.32,UPI,0.00,0.00,,0.00,0.00,82.48,8165.84
ORD-10597,2026-01-13,CUST-4748,13683.82,NetBanking,0.015,0.00,,205.26,36.95,136.84,13304.77
ORD-10598,2026-01-14,CUST-1674,7494.40,UPI,0.00,0.00,,0.00,0.00,74.94,7419.46
ORD-10599,2026-01-22,CUST-5979,346.87,UPI,0.00,0.00,,0.00,0.00,3.47,343.40
ORD-10600,2026-01-28,CUST-4923,6932.80,UPI,0.00,0.00,,0.00,0.00,69.33,6863.47
ORD-10601,2026-01-28,CUST-3745,12885.52,Card,0.02,0.00,,257.71,46.39,128.86,12452.56
ORD-10602,2026-01-15,CUST-3792,1979.07,UPI,0.00,488.15,2026-01-16,0.00,0.00,19.79,1471.13
ORD-10603,2026-01-23,CUST-5025,3504.30,Card,0.02,0.00,,70.09,12.62,35.04,3386.55
ORD-10604,2026-01-16,CUST-7516,9767.59,Wallet,0.018,0.00,,175.82,31.65,97.68,9462.44
ORD-10605,2026-01-09,CUST-3207,13498.70,Card,0.02,0.00,,269.97,48.59,134.99,13045.15
ORD-10606,2026-01-08,CUST-9835,13511.94,Card,0.02,0.00,,270.24,48.64,135.12,13057.94
ORD-10607,2026-01-02,CUST-4276,11262.18,UPI,0.00,0.00,,0.00,0.00,112.62,11149.56
ORD-10608,2026-01-26,CUST-6223,14152.32,Card,0.02,0.00,,283.05,50.95,141.52,13676.80
ORD-10609,2026-01-18,CUST-7683,11698.53,UPI,0.00,0.00,,0.00,0.00,116.99,11581.54
ORD-10610,2026-01-07,CUST-1025,12738.48,UPI,0.00,0.00,,0.00,0.00,127.38,12611.10
ORD-10611,2026-01-13,CUST-4764,8003.52,Wallet,0.018,0.00,,144.06,25.93,80.04,7753.49
ORD-10612,2026-01-11,CUST-9682,12185.93,Wallet,0.018,0.00,,219.35,39.48,121.86,11805.24
ORD-10613,2026-01-22,CUST-3606,1097.31,Card,0.02,0.00,,21.95,3.95,10.97,1060.44
ORD-10614,2026-01-18,CUST-8763,9537.64,UPI,0.00,0.00,,0.00,0.00,95.38,9442.26
ORD-10615,2026-01-18,CUST-2946,11464.11,UPI,0.00,0.00,,0.00,0.00,114.64,11349.47
ORD-10616,2026-01-14,CUST-8557,4265.62,NetBanking,0.015,0.00,,63.98,11.52,42.66,4147.46
ORD-10617,2026-01-10,CUST-2932,6987.25,Card,0.02,0.00,,139.75,25.16,69.87,6752.47
ORD-10618,2026-01-08,CUST-1492,939.69,NetBanking,0.015,0.00,,14.10,2.54,9.40,913.65
ORD-10619,2026-01-13,CUST-5958,3781.26,Wallet,0.018,0.00,,68.06,12.25,37.81,3663.14
ORD-10620,2026-01-03,CUST-3743,10733.50,International Card,0.03,0.00,,322.01,57.96,107.34,10246.19
ORD-10621,2026-01-11,CUST-9548,6667.54,Card,0.02,0.00,,133.35,24.00,66.68,6443.51
ORD-10622,2026-01-22,CUST-1619,11930.41,Wallet,0.018,0.00,,214.75,38.66,119.30,11557.70
ORD-10623,2026-01-11,CUST-9436,14302.87,Wallet,0.018,0.00,,257.45,46.34,143.03,13856.05
ORD-10624,2026-01-10,CUST-9199,11641.72,UPI,0.00,0.00,,0.00,0.00,116.42,11525.30
ORD-10625,2026-01-11,CUST-6158,11763.96,Wallet,0.018,0.00,,211.75,38.12,117.64,11396.45
ORD-10626,2026-01-29,CUST-9277,9125.35,NetBanking,0.015,0.00,,136.88,24.64,91.25,8872.58
ORD-10627,2026-01-28,CUST-4583,8369.46,NetBanking,0.015,4218.54,2026-02-03,125.54,22.60,83.69,3919.09
ORD-10628,2026-01-02,CUST-4638,10987.15,UPI,0.00,0.00,,0.00,0.00,109.87,10877.28
ORD-10629,2026-01-25,CUST-5444,7317.17,Card,0.02,0.00,,146.34,26.34,73.17,7071.32
ORD-10630,2026-01-09,CUST-8927,14853.28,Wallet,0.018,0.00,,267.36,48.12,148.53,14389.27
ORD-10631,2026-01-25,CUST-5422,5701.52,UPI,0.00,0.00,,0.00,0.00,57.02,5644.50
ORD-10632,2026-01-03,CUST-8778,14273.74,Card,0.02,0.00,,285.47,51.38,142.74,13794.15
ORD-10633,2026-01-18,CUST-9307,5917.58,Card,0.02,0.00,,118.35,21.30,59.18,5718.75
ORD-10634,2026-01-01,CUST-3161,13553.10,NetBanking,0.015,0.00,,203.30,36.59,135.53,13177.68
ORD-10635,2026-01-23,CUST-4786,11326.23,UPI,0.00,0.00,,0.00,0.00,113.26,11212.97
ORD-10636,2026-01-22,CUST-2772,3528.38,UPI,0.00,0.00,,0.00,0.00,35.28,3493.10
ORD-10637,2026-01-24,CUST-1660,7847.14,Card,0.02,0.00,,156.94,28.25,78.47,7583.48
ORD-10638,2026-01-28,CUST-8470,13575.61,NetBanking,0.015,0.00,,203.63,36.65,135.76,13199.57
ORD-10639,2026-01-14,CUST-3179,12382.78,NetBanking,0.015,0.00,,185.74,33.43,123.83,12039.78
ORD-10640,2026-01-13,CUST-5316,3978.57,UPI,0.00,0.00,,0.00,0.00,39.79,3938.78
ORD-10641,2026-01-14,CUST-5570,1221.31,Wallet,0.018,0.00,,21.98,3.96,12.21,1183.16
ORD-10642,2026-01-03,CUST-4607,5418.52,NetBanking,0.015,0.00,,81.28,14.63,54.19,5268.42
ORD-10643,2026-01-17,CUST-7614,871.97,UPI,0.00,0.00,,0.00,0.00,8.72,863.25
ORD-10644,2026-01-30,CUST-5276,11530.09,UPI,0.00,0.00,,0.00,0.00,115.30,11414.79
ORD-10645,2026-01-22,CUST-6445,1008.59,Wallet,0.018,0.00,,18.15,3.27,10.09,977.08
ORD-10646,2026-01-06,CUST-4156,4698.35,UPI,0.00,2183.19,2026-01-12,0.00,0.00,46.98,2468.18
ORD-10647,2026-01-12,CUST-4109,11029.53,Card,0.02,0.00,,220.59,39.71,110.30,10658.93
ORD-10648,2026-01-13,CUST-2849,4683.38,UPI,0.00,0.00,,0.00,0.00,46.83,4636.55
ORD-10649,2026-01-27,CUST-1205,2055.28,UPI,0.00,0.00,,0.00,0.00,20.55,2034.73
ORD-10650,2026-01-04,CUST-6141,6019.29,Card,0.02,0.00,,120.39,21.67,60.19,5817.04
ORD-10651,2026-01-27,CUST-4273,505.94,UPI,0.00,0.00,,0.00,0.00,5.06,500.88
ORD-10652,2026-01-17,CUST-4722,9500.82,UPI,0.00,0.00,,0.00,0.00,95.01,9405.81
ORD-10653,2026-01-16,CUST-7579,9555.96,UPI,0.00,0.00,,0.00,0.00,95.56,9460.40
ORD-10654,2026-01-17,CUST-6310,7731.58,UPI,0.00,0.00,,0.00,0.00,77.32,7654.26
ORD-10655,2026-01-24,CUST-8361,10518.70,Card,0.02,0.00,,210.37,37.87,105.19,10165.27
ORD-10656,2026-01-01,CUST-1406,2051.85,NetBanking,0.015,0.00,,30.78,5.54,20.52,1995.01
ORD-10657,2026-01-02,CUST-1680,3089.56,UPI,0.00,0.00,,0.00,0.00,30.90,3058.66
ORD-10658,2026-01-20,CUST-3292,12876.75,Card,0.02,0.00,,257.54,46.36,128.77,12444.08
ORD-10659,2026-01-15,CUST-3230,8329.78,UPI,0.00,0.00,,0.00,0.00,83.30,8246.48
ORD-10660,2026-01-04,CUST-2567,5931.11,Wallet,0.018,2912.68,2026-01-07,106.76,19.22,59.31,2833.14
ORD-10661,2026-01-08,CUST-5173,10614.76,Wallet,0.018,0.00,,191.07,34.39,106.15,10283.15
ORD-10662,2026-01-04,CUST-7871,10632.09,NetBanking,0.015,0.00,,159.48,28.71,106.32,10337.58
ORD-10663,2026-01-17,CUST-6287,964.70,UPI,0.00,0.00,,0.00,0.00,9.65,955.05
ORD-10664,2026-01-06,CUST-1999,2852.98,NetBanking,0.015,0.00,,42.79,7.70,28.53,2773.96
ORD-10665,2026-01-12,CUST-4663,2149.38,NetBanking,0.015,0.00,,32.24,5.80,21.49,2089.85
ORD-10666,2026-01-04,CUST-4093,10156.00,Card,0.02,0.00,,203.12,36.56,101.56,9814.76
ORD-10667,2026-01-24,CUST-9566,8661.84,NetBanking,0.015,0.00,,129.93,23.39,86.62,8421.90
ORD-10668,2026-01-18,CUST-5595,10175.49,UPI,0.00,0.00,,0.00,0.00,101.75,10073.74
ORD-10669,2026-01-30,CUST-1139,9395.13,UPI,0.00,0.00,,0.00,0.00,93.95,9301.18
ORD-10670,2026-01-14,CUST-8236,1211.63,Card,0.02,0.00,,24.23,4.36,12.12,1170.92
ORD-10671,2026-01-16,CUST-4560,10344.57,UPI,0.00,0.00,,0.00,0.00,103.45,10241.12
ORD-10672,2026-01-15,CUST-8846,14177.84,Card,0.02,0.00,,283.56,51.04,141.78,13701.46
ORD-10673,2026-01-15,CUST-7358,6391.34,Card,0.02,0.00,,127.83,23.01,63.91,6176.59
ORD-10674,2026-01-29,CUST-6911,4289.52,UPI,0.00,0.00,,0.00,0.00,42.90,4246.62
ORD-10675,2026-01-26,CUST-6693,7876.77,UPI,0.00,0.00,,0.00,0.00,78.77,7798.00
ORD-10676,2026-01-05,CUST-2988,3009.27,Card,0.02,0.00,,60.19,10.83,30.09,2908.16
ORD-10677,2026-01-17,CUST-8162,9161.14,UPI,0.00,0.00,,0.00,0.00,91.61,9069.53
ORD-10678,2026-01-02,CUST-6755,8334.17,Card,0.02,0.00,,166.68,30.00,83.34,8054.15
ORD-10679,2026-01-23,CUST-2518,14281.06,UPI,0.00,0.00,,0.00,0.00,142.81,14138.25
ORD-10680,2026-01-12,CUST-4554,9797.87,UPI,0.00,5707.33,2026-01-15,0.00,0.00,97.98,3992.56
ORD-10681,2026-01-27,CUST-4849,6870.16,Card,0.02,0.00,,137.40,24.73,68.70,6639.33
ORD-10682,2026-01-27,CUST-5195,3892.96,UPI,0.00,0.00,,0.00,0.00,38.93,3854.03
ORD-10683,2026-01-19,CUST-7409,9261.42,UPI,0.00,0.00,,0.00,0.00,92.61,9168.81
ORD-10684,2026-01-21,CUST-2271,8896.27,Card,0.02,0.00,,177.93,32.03,88.96,8597.35
ORD-10685,2026-01-28,CUST-5396,8827.31,UPI,0.00,0.00,,0.00,0.00,88.27,8739.04
ORD-10686,2026-01-01,CUST-8817,6105.72,NetBanking,0.015,0.00,,91.59,16.49,61.06,5936.58
ORD-10687,2026-01-06,CUST-9367,10041.92,UPI,0.00,0.00,,0.00,0.00,100.42,9941.50
ORD-10688,2026-01-18,CUST-4490,13372.84,UPI,0.00,0.00,,0.00,0.00,133.73,13239.11
ORD-10689,2026-01-15,CUST-4676,7788.35,UPI,0.00,0.00,,0.00,0.00,77.88,7710.47
ORD-10690,2026-01-28,CUST-5138,9637.79,UPI,0.00,0.00,,0.00,0.00,96.38,9541.41
ORD-10691,2026-01-08,CUST-9560,12311.87,UPI,0.00,0.00,,0.00,0.00,123.12,12188.75
ORD-10692,2026-01-01,CUST-7136,434.04,UPI,0.00,0.00,,0.00,0.00,4.34,429.70
ORD-10693,2026-01-11,CUST-9252,6486.62,UPI,0.00,0.00,,0.00,0.00,64.87,6421.75
ORD-10694,2026-01-16,CUST-2629,14282.06,NetBanking,0.015,0.00,,214.23,38.56,142.82,13886.45
ORD-10695,2026-01-19,CUST-6283,14004.12,UPI,0.00,0.00,,0.00,0.00,140.04,13864.08
ORD-10696,2026-01-10,CUST-1869,11194.65,Card,0.02,0.00,,223.89,40.30,111.95,10818.51
ORD-10697,2026-01-19,CUST-9685,5692.47,Wallet,0.018,0.00,,102.46,18.44,56.92,5514.65
ORD-10698,2026-01-25,CUST-1294,4179.03,UPI,0.00,0.00,,0.00,0.00,41.79,4137.24
ORD-10699,2026-01-09,CUST-2873,11853.33,UPI,0.00,0.00,,0.00,0.00,118.53,11734.80
ORD-10700,2026-01-11,CUST-6307,12537.92,UPI,0.00,0.00,,0.00,0.00,125.38,12412.54
ORD-10701,2026-01-11,CUST-6668,11803.01,UPI,0.00,0.00,,0.00,0.00,118.03,11684.98
ORD-10702,2026-01-11,CUST-8352,3176.26,Card,0.02,0.00,,63.53,11.44,31.76,3069.53
ORD-10703,2026-01-11,CUST-9003,3308.43,UPI,0.00,0.00,,0.00,0.00,33.08,3275.35
ORD-10704,2026-01-06,CUST-9312,4051.50,UPI,0.00,0.00,,0.00,0.00,40.52,4010.98
ORD-10705,2026-01-05,CUST-3032,2947.57,Card,0.02,0.00,,58.95,10.61,29.48,2848.53
ORD-10706,2026-01-13,CUST-1802,12126.50,UPI,0.00,0.00,,0.00,0.00,121.27,12005.23
ORD-10707,2026-01-27,CUST-5841,8126.20,UPI,0.00,0.00,,0.00,0.00,81.26,8044.94
ORD-10708,2026-01-20,CUST-4927,11881.53,UPI,0.00,0.00,,0.00,0.00,118.82,11762.71
ORD-10709,2026-01-05,CUST-7121,5728.10,UPI,0.00,0.00,,0.00,0.00,57.28,5670.82
ORD-10710,2026-01-17,CUST-7972,6012.42,Card,0.02,0.00,,120.25,21.65,60.12,5810.40
ORD-10711,2026-01-22,CUST-3472,12910.49,Card,0.02,0.00,,258.21,46.48,129.10,12476.70
ORD-10712,2026-01-23,CUST-9143,11275.67,UPI,0.00,0.00,,0.00,0.00,112.76,11162.91
ORD-10713,2026-01-29,CUST-2700,6284.19,Card,0.02,0.00,,125.68,22.62,62.84,6073.05
ORD-10714,2026-01-16,CUST-7038,6558.21,Card,0.02,0.00,,131.16,23.61,65.58,6337.86
ORD-10715,2026-01-05,CUST-9837,11883.60,UPI,0.00,0.00,,0.00,0.00,118.84,11764.76
ORD-10716,2026-01-30,CUST-9912,6330.17,Card,0.02,0.00,,126.60,22.79,63.30,6117.48
ORD-10717,2026-01-26,CUST-2673,9592.66,Card,0.02,0.00,,191.85,34.53,95.93,9270.35
ORD-10718,2026-01-10,CUST-8178,3831.21,UPI,0.00,0.00,,0.00,0.00,38.31,3792.90
ORD-10719,2026-01-19,CUST-4453,14405.97,Card,0.02,0.00,,288.12,51.86,144.06,13921.93
ORD-10720,2026-01-15,CUST-4360,6548.38,UPI,0.00,0.00,,0.00,0.00,65.48,6482.90
ORD-10721,2026-01-15,CUST-6097,2741.07,UPI,0.00,0.00,,0.00,0.00,27.41,2713.66
ORD-10722,2026-01-22,CUST-2920,9545.00,UPI,0.00,0.00,,0.00,0.00,95.45,9449.55
ORD-10723,2026-01-17,CUST-5927,14010.28,UPI,0.00,0.00,,0.00,0.00,140.10,13870.18
ORD-10724,2026-01-17,CUST-6388,5999.52,NetBanking,0.015,0.00,,89.99,16.20,60.00,5833.33
ORD-10725,2026-01-17,CUST-1192,468.24,Card,0.02,0.00,,9.36,1.68,4.68,452.52
ORD-10726,2026-01-29,CUST-8374,13307.17,UPI,0.00,0.00,,0.00,0.00,133.07,13174.10
ORD-10727,2026-01-16,CUST-4893,10906.97,UPI,0.00,0.00,,0.00,0.00,109.07,10797.90
ORD-10728,2026-01-25,CUST-7773,11915.06,UPI,0.00,0.00,,0.00,0.00,119.15,11795.91
ORD-10729,2026-01-02,CUST-5008,13261.89,UPI,0.00,0.00,,0.00,0.00,132.62,13129.27
ORD-10730,2026-01-30,CUST-3104,12092.36,Wallet,0.018,0.00,,217.66,39.18,120.92,11714.60
ORD-10731,2026-01-08,CUST-3581,7293.05,UPI,0.00,0.00,,0.00,0.00,72.93,7220.12
ORD-10732,2026-01-15,CUST-9923,8274.66,International Card,0.03,0.00,,248.24,44.68,82.75,7898.99
ORD-10733,2026-01-13,CUST-3604,14840.42,UPI,0.00,0.00,,0.00,0.00,148.40,14692.02
ORD-10734,2026-01-10,CUST-1002,5387.70,UPI,0.00,0.00,,0.00,0.00,53.88,5333.82
ORD-10735,2026-01-30,CUST-6626,5668.33,UPI,0.00,0.00,,0.00,0.00,56.68,5611.65
ORD-10736,2026-01-27,CUST-4306,12504.24,NetBanking,0.015,0.00,,187.56,33.76,125.04,12157.88
ORD-10737,2026-01-28,CUST-2505,11637.58,UPI,0.00,0.00,,0.00,0.00,116.38,11521.20
ORD-10738,2026-01-08,CUST-1249,8310.88,UPI,0.00,0.00,,0.00,0.00,83.11,8227.77
ORD-10739,2026-01-26,CUST-4792,416.50,UPI,0.00,0.00,,0.00,0.00,4.17,412.33
ORD-10740,2026-01-27,CUST-5678,10004.76,UPI,0.00,0.00,,0.00,0.00,100.05,9904.71
ORD-10741,2026-01-26,CUST-1990,9037.90,Card,0.02,0.00,,180.76,32.54,90.38,8734.22
ORD-10742,2026-01-05,CUST-6876,9559.39,UPI,0.00,0.00,,0.00,0.00,95.59,9463.80
ORD-10743,2026-01-13,CUST-7410,4209.95,UPI,0.00,0.00,,0.00,0.00,42.10,4167.85
ORD-10744,2026-01-08,CUST-8404,3380.71,UPI,0.00,0.00,,0.00,0.00,33.81,3346.90
ORD-10745,2026-01-12,CUST-4278,8457.33,Card,0.02,0.00,,169.15,30.45,84.57,8173.16
ORD-10746,2026-01-19,CUST-1857,6871.49,Wallet,0.018,0.00,,123.69,22.26,68.71,6656.83
ORD-10747,2026-01-30,CUST-5334,9624.07,Card,0.02,0.00,,192.48,34.65,96.24,9300.70
ORD-10748,2026-01-30,CUST-7111,3025.71,Card,0.02,0.00,,60.51,10.89,30.26,2924.05
ORD-10749,2026-01-04,CUST-8957,1134.48,Card,0.02,0.00,,22.69,4.08,11.34,1096.37
ORD-10750,2026-01-23,CUST-5933,11843.28,Card,0.02,0.00,,236.87,42.64,118.43,11445.34
ORD-10751,2026-01-01,CUST-9960,7067.05,UPI,0.00,0.00,,0.00,0.00,70.67,6996.38
ORD-10752,2026-01-03,CUST-6710,8448.59,UPI,0.00,0.00,,0.00,0.00,84.49,8364.10
ORD-10753,2026-01-06,CUST-3103,3175.76,UPI,0.00,0.00,,0.00,0.00,31.76,3144.00
ORD-10754,2026-01-07,CUST-5172,12416.15,NetBanking,0.015,0.00,,186.24,33.52,124.16,12072.23
ORD-10755,2026-01-22,CUST-5988,1195.39,UPI,0.00,0.00,,0.00,0.00,11.95,1183.44
ORD-10756,2026-01-11,CUST-1956,11273.12,NetBanking,0.015,0.00,,169.10,30.44,112.73,10960.85
ORD-10757,2026-01-13,CUST-8002,3774.15,UPI,0.00,0.00,,0.00,0.00,37.74,3736.41
ORD-10758,2026-01-17,CUST-3850,531.90,UPI,0.00,0.00,,0.00,0.00,5.32,526.58
ORD-10759,2026-01-11,CUST-7644,3633.87,UPI,0.00,0.00,,0.00,0.00,36.34,3597.53
ORD-10760,2026-01-18,CUST-4504,11482.08,UPI,0.00,0.00,,0.00,0.00,114.82,11367.26
ORD-10761,2026-01-11,CUST-8609,8538.25,Card,0.02,0.00,,170.77,30.74,85.38,8251.36
ORD-10762,2026-01-10,CUST-1067,14862.05,Card,0.02,0.00,,297.24,53.50,148.62,14362.69
ORD-10763,2026-01-10,CUST-1572,5960.61,UPI,0.00,0.00,,0.00,0.00,59.61,5901.00
ORD-10764,2026-01-24,CUST-1650,13951.26,UPI,0.00,0.00,,0.00,0.00,139.51,13811.75
ORD-10765,2026-01-27,CUST-5996,14935.34,International Card,0.03,0.00,,448.06,80.65,149.35,14257.28
ORD-10766,2026-01-17,CUST-3217,10783.48,Card,0.02,0.00,,215.67,38.82,107.83,10421.16
ORD-10767,2026-01-11,CUST-3961,5563.98,NetBanking,0.015,0.00,,83.46,15.02,55.64,5409.86
ORD-10768,2026-01-11,CUST-4716,1004.98,Card,0.02,0.00,,20.10,3.62,10.05,971.21
ORD-10769,2026-01-22,CUST-3505,8409.38,Card,0.02,0.00,,168.19,30.27,84.09,8126.83
ORD-10770,2026-01-01,CUST-2678,3221.67,UPI,0.00,0.00,,0.00,0.00,32.22,3189.45
ORD-10771,2026-01-17,CUST-5749,1096.95,Card,0.02,203.72,2026-01-21,21.94,3.95,10.97,856.37
ORD-10772,2026-01-12,CUST-2319,12081.60,Wallet,0.018,0.00,,217.47,39.14,120.82,11704.17
ORD-10773,2026-01-24,CUST-9281,6147.93,UPI,0.00,0.00,,0.00,0.00,61.48,6086.45
ORD-10774,2026-01-06,CUST-4875,1362.66,Card,0.02,0.00,,27.25,4.91,13.63,1316.87
ORD-10775,2026-01-11,CUST-8175,1184.61,UPI,0.00,0.00,,0.00,0.00,11.85,1172.76
ORD-10776,2026-01-20,CUST-7582,13267.14,Card,0.02,0.00,,265.34,47.76,132.67,12821.37
ORD-10777,2026-01-13,CUST-2262,10315.12,UPI,0.00,0.00,,0.00,0.00,103.15,10211.97
ORD-10778,2026-01-09,CUST-3259,3400.16,Card,0.02,0.00,,68.00,12.24,34.00,3285.92
ORD-10779,2026-01-25,CUST-8431,14123.44,Card,0.02,0.00,,282.47,50.84,141.23,13648.90
ORD-10780,2026-01-28,CUST-6750,6060.23,Card,0.02,0.00,,121.20,21.82,60.60,5856.61
ORD-10781,2026-01-29,CUST-7034,8367.78,Card,0.02,0.00,,167.36,30.12,83.68,8086.62
ORD-10782,2026-01-26,CUST-9954,7142.79,UPI,0.00,0.00,,0.00,0.00,71.43,7071.36
ORD-10783,2026-01-20,CUST-7628,8042.24,International Card,0.03,0.00,,241.27,43.43,80.42,7677.12
ORD-10784,2026-01-08,CUST-6415,328.85,UPI,0.00,0.00,,0.00,0.00,3.29,325.56
ORD-10785,2026-01-08,CUST-1861,503.71,NetBanking,0.015,0.00,,7.56,1.36,5.04,489.75
ORD-10786,2026-01-04,CUST-9828,4676.69,Wallet,0.018,0.00,,84.18,15.15,46.77,4530.59
ORD-10787,2026-01-04,CUST-6457,5271.15,NetBanking,0.015,0.00,,79.07,14.23,52.71,5125.14
ORD-10788,2026-01-23,CUST-8542,10658.80,Card,0.02,0.00,,213.18,38.37,106.59,10300.66
ORD-10789,2026-01-06,CUST-2289,7681.53,UPI,0.00,0.00,,0.00,0.00,76.82,7604.71
ORD-10790,2026-01-16,CUST-6462,1417.63,UPI,0.00,0.00,,0.00,0.00,14.18,1403.45
ORD-10791,2026-01-25,CUST-7324,6395.39,UPI,0.00,0.00,,0.00,0.00,63.95,6331.44
ORD-10792,2026-01-16,CUST-1529,10074.74,Card,0.02,0.00,,201.49,36.27,100.75,9736.23
ORD-10793,2026-01-15,CUST-7094,8162.74,NetBanking,0.015,0.00,,122.44,22.04,81.63,7936.63
ORD-10794,2026-01-09,CUST-5135,5697.72,UPI,0.00,0.00,,0.00,0.00,56.98,5640.74
ORD-10795,2026-01-16,CUST-1446,8481.77,Card,0.02,0.00,,169.64,30.54,84.82,8196.77
ORD-10796,2026-01-25,CUST-1226,12035.83,UPI,0.00,0.00,,0.00,0.00,120.36,11915.47
ORD-10797,2026-01-27,CUST-3535,3107.00,Wallet,0.018,0.00,,55.93,10.07,31.07,3009.93
ORD-10798,2026-01-19,CUST-2881,13070.17,UPI,0.00,0.00,,0.00,0.00,130.70,12939.47
ORD-10799,2026-01-08,CUST-2695,4335.36,UPI,0.00,0.00,,0.00,0.00,43.35,4292.01
ORD-10800,2026-01-21,CUST-6570,3436.91,UPI,0.00,0.00,,0.00,0.00,34.37,3402.54
ORD-10801,2026-01-22,CUST-7855,8469.74,UPI,0.00,0.00,,0.00,0.00,84.70,8385.04
ORD-10802,2026-01-03,CUST-5482,13430.98,UPI,0.00,0.00,,0.00,0.00,134.31,13296.67
ORD-10803,2026-01-29,CUST-6374,5197.21,International Card,0.03,1176.25,2026-01-30,155.92,28.07,51.97,3785.00
ORD-10804,2026-01-26,CUST-4558,8916.21,Card,0.02,0.00,,178.32,32.10,89.16,8616.63
ORD-10805,2026-01-10,CUST-9112,9484.47,Card,0.02,0.00,,189.69,34.14,94.84,9165.80
ORD-10806,2026-01-01,CUST-4968,5398.05,UPI,0.00,0.00,,0.00,0.00,53.98,5344.07
ORD-10807,2026-01-18,CUST-6850,792.87,UPI,0.00,0.00,,0.00,0.00,7.93,784.94
ORD-10808,2026-01-26,CUST-2134,13644.83,UPI,0.00,0.00,,0.00,0.00,136.45,13508.38
ORD-10809,2026-01-25,CUST-2724,2486.48,UPI,0.00,0.00,,0.00,0.00,24.86,2461.62
ORD-10810,2026-01-17,CUST-4357,14993.45,Card,0.02,0.00,,299.87,53.98,149.93,14489.67
ORD-10811,2026-01-30,CUST-3828,10181.11,Card,0.02,4309.67,2026-02-04,203.62,36.65,101.81,5529.36
ORD-10812,2026-01-20,CUST-1142,13676.96,UPI,0.00,0.00,,0.00,0.00,136.77,13540.19
ORD-10813,2026-01-23,CUST-8069,8357.17,UPI,0.00,0.00,,0.00,0.00,83.57,8273.60
ORD-10814,2026-01-01,CUST-3786,11355.26,UPI,0.00,0.00,,0.00,0.00,113.55,11241.71
ORD-10815,2026-01-12,CUST-2504,11646.04,Wallet,0.018,0.00,,209.63,37.73,116.46,11282.22
ORD-10816,2026-01-27,CUST-4303,3157.65,UPI,0.00,0.00,,0.00,0.00,31.58,3126.07
ORD-10817,2026-01-17,CUST-2504,3706.61,Card,0.02,0.00,,74.13,13.34,37.07,3582.07
ORD-10818,2026-01-23,CUST-5485,5615.11,UPI,0.00,0.00,,0.00,0.00,56.15,5558.96
ORD-10819,2026-01-19,CUST-5917,1495.72,UPI,0.00,0.00,,0.00,0.00,14.96,1480.76
ORD-10820,2026-01-24,CUST-8282,4547.88,UPI,0.00,0.00,,0.00,0.00,45.48,4502.40
ORD-10821,2026-01-27,CUST-9464,9870.08,UPI,0.00,0.00,,0.00,0.00,98.70,9771.38
ORD-10822,2026-01-06,CUST-8538,7693.69,UPI,0.00,0.00,,0.00,0.00,76.94,7616.75
ORD-10823,2026-01-04,CUST-3105,6943.16,Card,0.02,0.00,,138.86,24.99,69.43,6709.88
ORD-10824,2026-01-04,CUST-6366,6647.54,Card,0.02,0.00,,132.95,23.93,66.48,6424.18
ORD-10825,2026-01-14,CUST-9039,4834.82,NetBanking,0.015,0.00,,72.52,13.05,48.35,4700.90
ORD-10826,2026-01-16,CUST-7603,2948.85,UPI,0.00,0.00,,0.00,0.00,29.49,2919.36
ORD-10827,2026-01-12,CUST-1183,9009.15,UPI,0.00,0.00,,0.00,0.00,90.09,8919.06
ORD-10828,2026-01-25,CUST-8678,7622.47,UPI,0.00,0.00,,0.00,0.00,76.22,7546.25
ORD-10829,2026-01-10,CUST-2096,11317.42,Card,0.02,0.00,,226.35,40.74,113.17,10937.16
ORD-10830,2026-01-03,CUST-5247,12297.64,Card,0.02,0.00,,245.95,44.27,122.98,11884.44
ORD-10831,2026-01-15,CUST-2186,3344.22,Card,0.02,0.00,,66.88,12.04,33.44,3231.86
ORD-10832,2026-01-02,CUST-3398,5480.18,Card,0.02,0.00,,109.60,19.73,54.80,5296.05
ORD-10833,2026-01-16,CUST-3230,1784.45,UPI,0.00,0.00,,0.00,0.00,17.84,1766.61
ORD-10834,2026-01-03,CUST-8545,9136.20,NetBanking,0.015,0.00,,137.04,24.67,91.36,8883.13
ORD-10835,2026-01-21,CUST-7589,7390.10,UPI,0.00,0.00,,0.00,0.00,73.90,7316.20
ORD-10836,2026-01-26,CUST-1249,2228.92,Card,0.02,0.00,,44.58,8.02,22.29,2154.03
ORD-10837,2026-01-24,CUST-3672,869.69,UPI,0.00,339.80,2026-01-26,0.00,0.00,8.70,521.19
ORD-10838,2026-01-28,CUST-3773,7942.52,Card,0.02,0.00,,158.85,28.59,79.43,7675.65
ORD-10839,2026-01-10,CUST-5440,14151.36,UPI,0.00,0.00,,0.00,0.00,141.51,14009.85
ORD-10840,2026-01-05,CUST-7009,8737.49,UPI,0.00,0.00,,0.00,0.00,87.37,8650.12
ORD-10841,2026-01-13,CUST-4932,3548.87,NetBanking,0.015,0.00,,53.23,9.58,35.49,3450.57
ORD-10842,2026-01-08,CUST-3866,9949.02,UPI,0.00,0.00,,0.00,0.00,99.49,9849.53
ORD-10843,2026-01-26,CUST-1890,11272.78,Card,0.02,0.00,,225.46,40.58,112.73,10894.01
ORD-10844,2026-01-28,CUST-4961,11944.85,UPI,0.00,0.00,,0.00,0.00,119.45,11825.40
ORD-10845,2026-01-24,CUST-7686,980.93,Card,0.02,0.00,,19.62,3.53,9.81,947.97
ORD-10846,2026-01-08,CUST-3432,3942.30,Card,0.02,0.00,,78.85,14.19,39.42,3809.84
ORD-10847,2026-01-21,CUST-6454,12346.30,UPI,0.00,0.00,,0.00,0.00,123.46,12222.84
ORD-10848,2026-01-08,CUST-7845,12124.57,UPI,0.00,0.00,,0.00,0.00,121.25,12003.32
ORD-10849,2026-01-17,CUST-1165,7107.06,UPI,0.00,0.00,,0.00,0.00,71.07,7035.99
ORD-10850,2026-01-14,CUST-8693,5838.67,NetBanking,0.015,0.00,,87.58,15.76,58.39,5676.94
ORD-10851,2026-01-27,CUST-1268,6995.04,UPI,0.00,0.00,,0.00,0.00,69.95,6925.09
ORD-10852,2026-01-06,CUST-8984,6427.27,Card,0.02,0.00,,128.55,23.14,64.27,6211.31
ORD-10853,2026-01-26,CUST-5485,2586.04,Card,0.02,0.00,,51.72,9.31,25.86,2499.15
ORD-10854,2026-01-17,CUST-6368,10778.35,UPI,0.00,0.00,,0.00,0.00,107.78,10670.57
ORD-10855,2026-01-23,CUST-8566,9269.38,Wallet,0.018,0.00,,166.85,30.03,92.69,8979.81
ORD-10856,2026-01-17,CUST-3466,5449.06,Card,0.02,0.00,,108.98,19.62,54.49,5265.97
ORD-10857,2026-01-16,CUST-2895,4930.85,UPI,0.00,0.00,,0.00,0.00,49.31,4881.54
ORD-10858,2026-01-18,CUST-6184,6772.91,Card,0.02,0.00,,135.46,24.38,67.73,6545.34
ORD-10859,2026-01-14,CUST-2956,1237.60,UPI,0.00,0.00,,0.00,0.00,12.38,1225.22
ORD-10860,2026-01-27,CUST-5827,13627.28,UPI,0.00,0.00,,0.00,0.00,136.27,13491.01
ORD-10861,2026-01-13,CUST-6313,8444.20,UPI,0.00,0.00,,0.00,0.00,84.44,8359.76
ORD-10862,2026-01-11,CUST-4558,3462.60,NetBanking,0.015,0.00,,51.94,9.35,34.63,3366.68
ORD-10863,2026-01-19,CUST-5198,9604.13,Card,0.02,0.00,,192.08,34.57,96.04,9281.44
ORD-10864,2026-01-10,CUST-9849,837.18,Card,0.02,0.00,,16.74,3.01,8.37,809.06
ORD-10865,2026-01-02,CUST-5266,13425.20,Card,0.02,7673.68,2026-01-05,268.50,48.33,134.25,5300.44
ORD-10866,2026-01-14,CUST-7763,5809.80,Wallet,0.018,0.00,,104.58,18.82,58.10,5628.30
ORD-10867,2026-01-18,CUST-2447,8302.58,UPI,0.00,0.00,,0.00,0.00,83.03,8219.55
ORD-10868,2026-01-06,CUST-3671,13288.46,Card,0.02,0.00,,265.77,47.84,132.88,12841.97
ORD-10869,2026-01-11,CUST-8263,14493.06,UPI,0.00,0.00,,0.00,0.00,144.93,14348.13
ORD-10870,2026-01-05,CUST-1725,12342.32,UPI,0.00,0.00,,0.00,0.00,123.42,12218.90
ORD-10871,2026-01-22,CUST-3806,4135.74,International Card,0.03,1661.59,2026-01-27,124.07,22.33,41.36,2286.39
ORD-10872,2026-01-14,CUST-1224,6578.56,UPI,0.00,0.00,,0.00,0.00,65.79,6512.77
ORD-10873,2026-01-10,CUST-2106,13329.37,UPI,0.00,0.00,,0.00,0.00,133.29,13196.08
ORD-10874,2026-01-23,CUST-3971,2131.42,Card,0.02,0.00,,42.63,7.67,21.31,2059.81
ORD-10875,2026-01-10,CUST-1717,10918.64,Card,0.02,0.00,,218.37,39.31,109.19,10551.77
ORD-10876,2026-01-09,CUST-2048,9993.44,Card,0.02,0.00,,199.87,35.98,99.93,9657.66
ORD-10877,2026-01-03,CUST-6578,550.87,NetBanking,0.015,0.00,,8.26,1.49,5.51,535.61
ORD-10878,2026-01-23,CUST-4792,3625.83,NetBanking,0.015,0.00,,54.39,9.79,36.26,3525.39
ORD-10879,2026-01-10,CUST-7197,3362.73,UPI,0.00,1778.81,2026-01-14,0.00,0.00,33.63,1550.29
ORD-10880,2026-01-26,CUST-7799,367.28,Card,0.02,0.00,,7.35,1.32,3.67,354.94
ORD-10881,2026-01-16,CUST-3345,8907.61,UPI,0.00,0.00,,0.00,0.00,89.08,8818.53
ORD-10882,2026-01-02,CUST-5922,8123.45,Card,0.02,0.00,,162.47,29.24,81.23,7850.51
ORD-10883,2026-01-15,CUST-5670,948.48,UPI,0.00,0.00,,0.00,0.00,9.48,939.00
ORD-10884,2026-01-17,CUST-1464,3545.97,NetBanking,0.015,0.00,,53.19,9.57,35.46,3447.75
ORD-10885,2026-01-16,CUST-3851,6860.87,UPI,0.00,0.00,,0.00,0.00,68.61,6792.26
ORD-10886,2026-01-30,CUST-7543,5113.57,Card,0.02,0.00,,102.27,18.41,51.14,4941.75
ORD-10887,2026-01-29,CUST-7940,5149.14,UPI,0.00,0.00,,0.00,0.00,51.49,5097.65
ORD-10888,2026-01-19,CUST-5713,3287.11,UPI,0.00,0.00,,0.00,0.00,32.87,3254.24
ORD-10889,2026-01-29,CUST-5933,5329.07,UPI,0.00,0.00,,0.00,0.00,53.29,5275.78
ORD-10890,2026-01-18,CUST-8108,12444.88,Card,0.02,0.00,,248.90,44.80,124.45,12026.73
ORD-10891,2026-01-02,CUST-2909,4045.46,NetBanking,0.015,0.00,,60.68,10.92,40.45,3933.41
ORD-10892,2026-01-04,CUST-8910,1844.83,Card,0.02,0.00,,36.90,6.64,18.45,1782.84
ORD-10893,2026-01-15,CUST-9339,10161.76,NetBanking,0.015,0.00,,152.43,27.44,101.62,9880.27
ORD-10894,2026-01-20,CUST-7781,8120.25,UPI,0.00,4830.56,2026-01-21,0.00,0.00,81.20,3208.49
ORD-10895,2026-01-10,CUST-7792,2511.78,International Card,0.03,0.00,,75.35,13.56,25.12,2397.75
ORD-10896,2026-01-30,CUST-6308,9640.95,International Card,0.03,0.00,,289.23,52.06,96.41,9203.25
ORD-10897,2026-01-27,CUST-2907,6807.34,Card,0.02,0.00,,136.15,24.51,68.07,6578.61
ORD-10898,2026-01-16,CUST-9207,3182.62,Wallet,0.018,0.00,,57.29,10.31,31.83,3083.19
ORD-10899,2026-01-01,CUST-6002,8431.62,Card,0.02,4293.30,2026-01-06,168.63,30.35,84.32,3855.02
ORD-10900,2026-01-17,CUST-8392,7485.04,UPI,0.00,0.00,,0.00,0.00,74.85,7410.19
ORD-10901,2026-01-21,CUST-7761,11913.66,Card,0.02,0.00,,238.27,42.89,119.14,11513.36
ORD-10902,2026-01-19,CUST-7553,4459.90,UPI,0.00,0.00,,0.00,0.00,44.60,4415.30
ORD-10903,2026-01-03,CUST-1011,2446.28,NetBanking,0.015,0.00,,36.69,6.60,24.46,2378.53
ORD-10904,2026-01-17,CUST-3077,5795.89,UPI,0.00,1924.43,2026-01-20,0.00,0.00,57.96,3813.50
ORD-10905,2026-01-08,CUST-6856,9454.89,Card,0.02,0.00,,189.10,34.04,94.55,9137.20
ORD-10906,2026-01-05,CUST-2269,2138.41,Card,0.02,0.00,,42.77,7.70,21.38,2066.56
ORD-10907,2026-01-11,CUST-6672,14954.26,UPI,0.00,0.00,,0.00,0.00,149.54,14804.72
ORD-10908,2026-01-12,CUST-6543,2070.52,UPI,0.00,0.00,,0.00,0.00,20.71,2049.81
ORD-10909,2026-01-25,CUST-4809,12661.83,UPI,0.00,0.00,,0.00,0.00,126.62,12535.21
ORD-10910,2026-01-19,CUST-2409,10024.60,Wallet,0.018,0.00,,180.44,32.48,100.25,9711.43
ORD-10911,2026-01-12,CUST-3172,565.33,UPI,0.00,0.00,,0.00,0.00,5.65,559.68
ORD-10912,2026-01-05,CUST-8825,2086.79,NetBanking,0.015,0.00,,31.30,5.63,20.87,2028.99
ORD-10913,2026-01-22,CUST-7135,12803.60,International Card,0.03,0.00,,384.11,69.14,128.04,12222.31
ORD-10914,2026-01-16,CUST-5535,11924.43,Card,0.02,0.00,,238.49,42.93,119.24,11523.77
ORD-10915,2026-01-18,CUST-9386,3953.81,Card,0.02,0.00,,79.08,14.23,39.54,3820.96
ORD-10916,2026-01-05,CUST-6874,8983.23,UPI,0.00,0.00,,0.00,0.00,89.83,8893.40
ORD-10917,2026-01-16,CUST-8148,12591.49,UPI,0.00,0.00,,0.00,0.00,125.91,12465.58
ORD-10918,2026-01-15,CUST-6675,13878.96,UPI,0.00,0.00,,0.00,0.00,138.79,13740.17
ORD-10919,2026-01-05,CUST-4866,6150.00,Card,0.02,0.00,,123.00,22.14,61.50,5943.36
ORD-10920,2026-01-15,CUST-1864,401.78,UPI,0.00,0.00,,0.00,0.00,4.02,397.76
ORD-10921,2026-01-14,CUST-3237,8196.43,NetBanking,0.015,0.00,,122.95,22.13,81.96,7969.39
ORD-10922,2026-01-03,CUST-1325,12221.42,UPI,0.00,0.00,,0.00,0.00,122.21,12099.21
ORD-10923,2026-01-05,CUST-5603,3540.77,UPI,0.00,0.00,,0.00,0.00,35.41,3505.36
ORD-10924,2026-01-12,CUST-8754,12479.90,Wallet,0.018,0.00,,224.64,40.44,124.80,12090.02
ORD-10925,2026-01-22,CUST-3575,14934.42,Card,0.02,0.00,,298.69,53.76,149.34,14432.63
ORD-10926,2026-01-26,CUST-8604,4725.01,UPI,0.00,0.00,,0.00,0.00,47.25,4677.76
ORD-10927,2026-01-06,CUST-5103,4865.54,UPI,0.00,0.00,,0.00,0.00,48.66,4816.88
ORD-10928,2026-01-03,CUST-6594,1969.52,Card,0.02,0.00,,39.39,7.09,19.70,1903.34
ORD-10929,2026-01-07,CUST-1242,7599.39,Card,0.02,0.00,,151.99,27.36,75.99,7344.05
ORD-10930,2026-01-13,CUST-7331,11558.98,UPI,0.00,0.00,,0.00,0.00,115.59,11443.39
ORD-10931,2026-01-13,CUST-6162,3104.44,UPI,0.00,0.00,,0.00,0.00,31.04,3073.40
ORD-10932,2026-01-16,CUST-7770,7281.67,Card,0.02,0.00,,145.63,26.21,72.82,7037.01
ORD-10933,2026-01-20,CUST-5306,12519.77,Wallet,0.018,0.00,,225.36,40.56,125.20,12128.65
ORD-10934,2026-01-23,CUST-2802,9639.06,NetBanking,0.015,3364.66,2026-01-29,144.59,26.03,96.39,6007.39
ORD-10935,2026-01-06,CUST-1941,9059.21,Card,0.02,0.00,,181.18,32.61,90.59,8754.83
ORD-10936,2026-01-03,CUST-2466,2208.19,NetBanking,0.015,0.00,,33.12,5.96,22.08,2147.03
ORD-10937,2026-01-07,CUST-8833,11602.62,UPI,0.00,0.00,,0.00,0.00,116.03,11486.59
ORD-10938,2026-01-05,CUST-4892,4873.44,UPI,0.00,0.00,,0.00,0.00,48.73,4824.71
ORD-10939,2026-01-22,CUST-4637,5104.01,Card,0.02,0.00,,102.08,18.37,51.04,4932.52
ORD-10940,2026-01-17,CUST-9557,4747.14,UPI,0.00,0.00,,0.00,0.00,47.47,4699.67
ORD-10941,2026-01-13,CUST-9982,4906.14,Card,0.02,0.00,,98.12,17.66,49.06,4741.30
ORD-10942,2026-01-25,CUST-8008,7687.79,UPI,0.00,0.00,,0.00,0.00,76.88,7610.91
ORD-10943,2026-01-17,CUST-2773,5449.98,UPI,0.00,0.00,,0.00,0.00,54.50,5395.48
ORD-10944,2026-01-24,CUST-1946,202.76,Card,0.02,0.00,,4.06,0.73,2.03,195.94
ORD-10945,2026-01-22,CUST-9435,6074.83,UPI,0.00,0.00,,0.00,0.00,60.75,6014.08
ORD-10946,2026-01-07,CUST-2192,2871.67,UPI,0.00,0.00,,0.00,0.00,28.72,2842.95
ORD-10947,2026-01-18,CUST-7106,5203.65,UPI,0.00,0.00,,0.00,0.00,52.04,5151.61
ORD-10948,2026-01-02,CUST-2539,11068.61,UPI,0.00,0.00,,0.00,0.00,110.69,10957.92
ORD-10949,2026-01-01,CUST-8345,13104.31,Card,0.02,0.00,,262.09,47.18,131.04,12664.00
ORD-10950,2026-01-19,CUST-3339,8196.13,UPI,0.00,0.00,,0.00,0.00,81.96,8114.17
ORD-10951,2026-01-14,CUST-6275,4585.62,UPI,0.00,0.00,,0.00,0.00,45.86,4539.76
ORD-10952,2026-01-27,CUST-5516,1393.11,Wallet,0.018,0.00,,25.08,4.51,13.93,1349.59
ORD-10953,2026-01-07,CUST-4715,3171.41,UPI,0.00,0.00,,0.00,0.00,31.71,3139.70
ORD-10954,2026-01-12,CUST-7365,5524.95,UPI,0.00,0.00,,0.00,0.00,55.25,5469.70
ORD-10955,2026-01-29,CUST-9448,4981.88,International Card,0.03,0.00,,149.46,26.90,49.82,4755.70
ORD-10956,2026-01-06,CUST-5677,9129.35,NetBanking,0.015,0.00,,136.94,24.65,91.29,8876.47
ORD-10957,2026-01-18,CUST-8933,14051.87,Card,0.02,0.00,,281.04,50.59,140.52,13579.72
ORD-10958,2026-01-05,CUST-8797,9345.39,UPI,0.00,0.00,,0.00,0.00,93.45,9251.94
ORD-10959,2026-01-12,CUST-2184,8590.01,UPI,0.00,0.00,,0.00,0.00,85.90,8504.11
ORD-10960,2026-01-07,CUST-4956,1923.59,UPI,0.00,0.00,,0.00,0.00,19.24,1904.35
ORD-10961,2026-01-18,CUST-1421,3401.73,UPI,0.00,1735.71,2026-01-22,0.00,0.00,34.02,1632.00
ORD-10962,2026-01-27,CUST-7748,1208.01,UPI,0.00,0.00,,0.00,0.00,12.08,1195.93
ORD-10963,2026-01-10,CUST-4096,6791.72,UPI,0.00,0.00,,0.00,0.00,67.92,6723.80
ORD-10964,2026-01-14,CUST-6798,9155.32,UPI,0.00,0.00,,0.00,0.00,91.55,9063.77
ORD-10965,2026-01-09,CUST-5524,12330.22,NetBanking,0.015,0.00,,184.95,33.29,123.30,11988.68
ORD-10966,2026-01-21,CUST-9671,12591.11,UPI,0.00,0.00,,0.00,0.00,125.91,12465.20
ORD-10967,2026-01-07,CUST-1924,382.65,UPI,0.00,0.00,,0.00,0.00,3.83,378.82
ORD-10968,2026-01-29,CUST-9226,957.02,UPI,0.00,0.00,,0.00,0.00,9.57,947.45
ORD-10969,2026-01-19,CUST-4138,5865.20,NetBanking,0.015,0.00,,87.98,15.84,58.65,5702.73
ORD-10970,2026-01-04,CUST-1556,8388.70,UPI,0.00,0.00,,0.00,0.00,83.89,8304.81
ORD-10971,2026-01-09,CUST-4899,4019.94,UPI,0.00,0.00,,0.00,0.00,40.20,3979.74
ORD-10972,2026-01-07,CUST-5321,2942.10,UPI,0.00,0.00,,0.00,0.00,29.42,2912.68
ORD-10973,2026-01-01,CUST-3313,14200.37,NetBanking,0.015,0.00,,213.01,38.34,142.00,13807.02
ORD-10974,2026-01-25,CUST-1305,2714.33,UPI,0.00,0.00,,0.00,0.00,27.14,2687.19
ORD-10975,2026-01-16,CUST-4917,3838.54,UPI,0.00,0.00,,0.00,0.00,38.39,3800.15
ORD-10976,2026-01-15,CUST-6649,13935.17,UPI,0.00,0.00,,0.00,0.00,139.35,13795.82
ORD-10977,2026-01-27,CUST-2342,10122.43,Card,0.02,0.00,,202.45,36.44,101.22,9782.32
ORD-10978,2026-01-15,CUST-7280,6348.56,UPI,0.00,0.00,,0.00,0.00,63.49,6285.07
ORD-10979,2026-01-14,CUST-6089,813.14,Wallet,0.018,0.00,,14.64,2.64,8.13,787.73
ORD-10980,2026-01-24,CUST-3653,7458.05,UPI,0.00,0.00,,0.00,0.00,74.58,7383.47
ORD-10981,2026-01-18,CUST-9558,3275.19,Card,0.02,0.00,,65.50,11.79,32.75,3165.15
ORD-10982,2026-01-15,CUST-5683,1276.48,UPI,0.00,0.00,,0.00,0.00,12.76,1263.72
ORD-10983,2026-01-11,CUST-6266,14889.22,UPI,0.00,0.00,,0.00,0.00,148.89,14740.33
ORD-10984,2026-01-22,CUST-5658,11147.31,Card,0.02,2200.33,2026-01-28,222.95,40.13,111.47,8572.43
ORD-10985,2026-01-23,CUST-6979,11027.12,UPI,0.00,0.00,,0.00,0.00,110.27,10916.85
ORD-10986,2026-01-20,CUST-4197,1082.34,Card,0.02,0.00,,21.65,3.90,10.82,1045.97
ORD-10987,2026-01-03,CUST-2191,8319.11,UPI,0.00,0.00,,0.00,0.00,83.19,8235.92
ORD-10988,2026-01-22,CUST-7671,9565.48,Card,0.02,0.00,,191.31,34.44,95.65,9244.08
ORD-10989,2026-01-08,CUST-5086,8662.48,UPI,0.00,0.00,,0.00,0.00,86.62,8575.86
ORD-10990,2026-01-09,CUST-5758,4681.88,Card,0.02,0.00,,93.64,16.86,46.82,4524.56
ORD-10991,2026-01-30,CUST-6708,8987.95,Card,0.02,0.00,,179.76,32.36,89.88,8685.95
ORD-10992,2026-01-25,CUST-6014,4862.16,UPI,0.00,0.00,,0.00,0.00,48.62,4813.54
ORD-10993,2026-01-15,CUST-5530,5451.51,Card,0.02,0.00,,109.03,19.63,54.52,5268.33
ORD-10994,2026-01-06,CUST-5340,8597.39,Card,0.02,0.00,,171.95,30.95,85.97,8308.52
ORD-10995,2026-01-16,CUST-7772,1101.75,Card,0.02,0.00,,22.04,3.97,11.02,1064.72
ORD-10996,2026-01-26,CUST-9488,7544.34,UPI,0.00,0.00,,0.00,0.00,75.44,7468.90
ORD-10997,2026-01-13,CUST-2677,1749.20,UPI,0.00,0.00,,0.00,0.00,17.49,1731.71
ORD-10998,2026-01-01,CUST-6650,9460.09,Card,0.02,0.00,,189.20,34.06,94.60,9142.23
ORD-10999,2026-01-13,CUST-2058,13469.30,UPI,0.00,7149.94,2026-01-16,0.00,0.00,134.69,6184.67
ORD-11000,2026-01-02,CUST-1220,12190.38,UPI,0.00,0.00,,0.00,0.00,121.90,12068.48
ORD-11001,2026-01-19,CUST-8209,2875.62,UPI,0.00,0.00,,0.00,0.00,28.76,2846.86
ORD-11002,2026-01-23,CUST-6521,4734.95,Card,0.02,0.00,,94.70,17.05,47.35,4575.85
ORD-11003,2026-01-26,CUST-8237,9308.23,UPI,0.00,0.00,,0.00,0.00,93.08,9215.15
ORD-11004,2026-01-10,CUST-2033,7867.55,UPI,0.00,0.00,,0.00,0.00,78.68,7788.87
ORD-11005,2026-01-20,CUST-5476,12215.62,UPI,0.00,0.00,,0.00,0.00,122.16,12093.46
ORD-11006,2026-01-09,CUST-7297,14004.74,UPI,0.00,0.00,,0.00,0.00,140.05,13864.69
ORD-11007,2026-01-20,CUST-4332,8555.94,Card,0.02,0.00,,171.12,30.80,85.56,8268.46
ORD-11008,2026-01-13,CUST-7915,14954.85,Card,0.02,0.00,,299.10,53.84,149.55,14452.36
ORD-11009,2026-01-08,CUST-1066,928.47,UPI,0.00,0.00,,0.00,0.00,9.28,919.19
ORD-11010,2026-01-21,CUST-6730,13567.71,UPI,0.00,0.00,,0.00,0.00,135.68,13432.03
ORD-11011,2026-01-13,CUST-4339,5477.26,Wallet,0.018,1950.49,2026-01-15,98.59,17.75,54.77,3355.66
ORD-11012,2026-01-24,CUST-1571,3303.42,Wallet,0.018,0.00,,59.46,10.70,33.03,3200.23
ORD-11013,2026-01-23,CUST-1178,13317.07,UPI,0.00,0.00,,0.00,0.00,133.17,13183.90
ORD-11014,2026-01-20,CUST-3795,1006.10,UPI,0.00,0.00,,0.00,0.00,10.06,996.04
ORD-11015,2026-01-26,CUST-1731,3260.90,UPI,0.00,0.00,,0.00,0.00,32.61,3228.29
ORD-11016,2026-01-18,CUST-3933,4836.34,Card,0.02,0.00,,96.73,17.41,48.36,4673.84
ORD-11017,2026-01-28,CUST-2490,7946.43,Wallet,0.018,0.00,,143.04,25.75,79.46,7698.18
ORD-11018,2026-01-09,CUST-3371,11966.86,UPI,0.00,0.00,,0.00,0.00,119.67,11847.19
ORD-11019,2026-01-14,CUST-8088,9934.20,Card,0.02,4907.35,2026-01-20,198.68,35.76,99.34,4693.07
ORD-11020,2026-01-15,CUST-6109,1813.40,UPI,0.00,0.00,,0.00,0.00,18.13,1795.27
ORD-11021,2026-01-20,CUST-7738,13157.23,UPI,0.00,0.00,,0.00,0.00,131.57,13025.66
ORD-11022,2026-01-27,CUST-7691,2371.09,Card,0.02,0.00,,47.42,8.54,23.71,2291.42
ORD-11023,2026-01-29,CUST-4197,5107.93,UPI,0.00,0.00,,0.00,0.00,51.08,5056.85
ORD-11024,2026-01-26,CUST-8037,4818.55,NetBanking,0.015,0.00,,72.28,13.01,48.19,4685.07
ORD-11025,2026-01-14,CUST-8090,14295.32,UPI,0.00,0.00,,0.00,0.00,142.95,14152.37
ORD-11026,2026-01-30,CUST-5922,12216.80,Wallet,0.018,0.00,,219.90,39.58,122.17,11835.15
ORD-11027,2026-01-27,CUST-4968,9048.03,UPI,0.00,0.00,,0.00,0.00,90.48,8957.55
ORD-11028,2026-01-03,CUST-1378,9647.59,UPI,0.00,0.00,,0.00,0.00,96.48,9551.11
ORD-11029,2026-01-01,CUST-2754,3422.15,UPI,0.00,0.00,,0.00,0.00,34.22,3387.93
ORD-11030,2026-01-27,CUST-5938,10214.34,Card,0.02,0.00,,204.29,36.77,102.14,9871.14
ORD-11031,2026-01-05,CUST-7120,4756.54,UPI,0.00,0.00,,0.00,0.00,47.57,4708.97
ORD-11032,2026-01-16,CUST-7146,10698.95,UPI,0.00,0.00,,0.00,0.00,106.99,10591.96
ORD-11033,2026-01-16,CUST-2340,5572.15,NetBanking,0.015,0.00,,83.58,15.04,55.72,5417.81
ORD-11034,2026-01-23,CUST-6969,6235.11,NetBanking,0.015,3620.78,2026-01-28,93.53,16.84,62.35,2441.61
ORD-11035,2026-01-18,CUST-7947,3649.48,Card,0.02,0.00,,72.99,13.14,36.49,3526.86
ORD-11036,2026-01-13,CUST-6480,2157.86,Wallet,0.018,0.00,,38.84,6.99,21.58,2090.45
ORD-11037,2026-01-30,CUST-2907,8255.01,Wallet,0.018,0.00,,148.59,26.75,82.55,7997.12
ORD-11038,2026-01-12,CUST-8265,2678.40,UPI,0.00,431.07,2026-01-13,0.00,0.00,26.78,2220.55
ORD-11039,2026-01-06,CUST-3061,14744.55,UPI,0.00,0.00,,0.00,0.00,147.45,14597.10
ORD-11040,2026-01-14,CUST-5435,6448.45,Card,0.02,0.00,,128.97,23.21,64.48,6231.79
ORD-11041,2026-01-16,CUST-7449,9801.46,UPI,0.00,0.00,,0.00,0.00,98.01,9703.45
ORD-11042,2026-01-26,CUST-3550,11331.29,UPI,0.00,0.00,,0.00,0.00,113.31,11217.98
ORD-11043,2026-01-06,CUST-7468,4042.13,UPI,0.00,0.00,,0.00,0.00,40.42,4001.71
ORD-11044,2026-01-05,CUST-7852,12958.73,UPI,0.00,0.00,,0.00,0.00,129.59,12829.14
ORD-11045,2026-01-22,CUST-8893,11185.93,UPI,0.00,0.00,,0.00,0.00,111.86,11074.07
ORD-11046,2026-01-14,CUST-8104,3631.25,Card,0.02,0.00,,72.63,13.07,36.31,3509.24
ORD-11047,2026-01-29,CUST-4153,1280.45,Card,0.02,0.00,,25.61,4.61,12.80,1237.43
ORD-11048,2026-01-10,CUST-2128,11290.81,Wallet,0.018,0.00,,203.23,36.58,112.91,10938.09
ORD-11049,2026-01-02,CUST-6718,11303.86,UPI,0.00,0.00,,0.00,0.00,113.04,11190.82
ORD-11050,2026-01-24,CUST-3741,5250.42,UPI,0.00,0.00,,0.00,0.00,52.50,5197.92
ORD-11051,2026-01-10,CUST-7801,13017.33,UPI,0.00,0.00,,0.00,0.00,130.17,12887.16
ORD-11052,2026-01-26,CUST-4779,14834.84,UPI,0.00,0.00,,0.00,0.00,148.35,14686.49
ORD-11053,2026-01-08,CUST-5565,11781.00,NetBanking,0.015,0.00,,176.72,31.81,117.81,11454.66
ORD-11054,2026-01-18,CUST-3410,4152.71,UPI,0.00,0.00,,0.00,0.00,41.53,4111.18
ORD-11055,2026-01-15,CUST-2867,14319.83,UPI,0.00,7905.52,2026-01-20,0.00,0.00,143.20,6271.11
ORD-11056,2026-01-06,CUST-1240,2227.91,UPI,0.00,0.00,,0.00,0.00,22.28,2205.63
ORD-11057,2026-01-22,CUST-4768,4512.14,UPI,0.00,0.00,,0.00,0.00,45.12,4467.02
ORD-11058,2026-01-22,CUST-3173,7495.76,UPI,0.00,0.00,,0.00,0.00,74.96,7420.80
ORD-11059,2026-01-30,CUST-3159,10691.71,International Card,0.03,0.00,,320.75,57.74,106.92,10206.30
ORD-11060,2026-01-23,CUST-2230,11790.79,UPI,0.00,0.00,,0.00,0.00,117.91,11672.88
ORD-11061,2026-01-19,CUST-9107,507.22,Card,0.02,270.01,2026-01-21,10.14,1.83,5.07,220.17
ORD-11062,2026-01-05,CUST-7464,14340.63,UPI,0.00,0.00,,0.00,0.00,143.41,14197.22
ORD-11063,2026-01-12,CUST-1060,7346.20,UPI,0.00,0.00,,0.00,0.00,73.46,7272.74
ORD-11064,2026-01-04,CUST-1585,7636.49,UPI,0.00,0.00,,0.00,0.00,76.36,7560.13
ORD-11065,2026-01-07,CUST-5011,9167.71,UPI,0.00,0.00,,0.00,0.00,91.68,9076.03
ORD-11066,2026-01-13,CUST-6325,8259.42,UPI,0.00,0.00,,0.00,0.00,82.59,8176.83
ORD-11067,2026-01-10,CUST-9316,6818.58,NetBanking,0.015,0.00,,102.28,18.41,68.19,6629.70
ORD-11068,2026-01-09,CUST-9320,2505.44,UPI,0.00,0.00,,0.00,0.00,25.05,2480.39
ORD-11069,2026-01-18,CUST-1901,6320.04,UPI,0.00,0.00,,0.00,0.00,63.20,6256.84
ORD-11070,2026-01-07,CUST-4918,14313.76,UPI,0.00,2713.14,2026-01-13,0.00,0.00,143.14,11457.48
ORD-11071,2026-01-27,CUST-4140,2289.75,Card,0.02,0.00,,45.80,8.24,22.90,2212.81
ORD-11072,2026-01-23,CUST-9997,5847.92,Card,0.02,0.00,,116.96,21.05,58.48,5651.43
ORD-11073,2026-01-15,CUST-3460,2361.11,Wallet,0.018,0.00,,42.50,7.65,23.61,2287.35
ORD-11074,2026-01-03,CUST-8481,9456.42,NetBanking,0.015,0.00,,141.85,25.53,94.56,9194.48
ORD-11075,2026-01-01,CUST-4644,4842.81,Card,0.02,0.00,,96.86,17.43,48.43,4680.09
ORD-11076,2026-01-07,CUST-4161,9027.71,NetBanking,0.015,0.00,,135.42,24.38,90.28,8777.63
ORD-11077,2026-01-17,CUST-5078,4638.48,Card,0.02,0.00,,92.77,16.70,46.38,4482.63
ORD-11078,2026-01-09,CUST-7175,5565.03,NetBanking,0.015,0.00,,83.48,15.03,55.65,5410.87
ORD-11079,2026-01-14,CUST-5593,7193.23,UPI,0.00,0.00,,0.00,0.00,71.93,7121.30
ORD-11080,2026-01-13,CUST-4672,10321.28,UPI,0.00,0.00,,0.00,0.00,103.21,10218.07
ORD-11081,2026-01-01,CUST-7858,1024.96,Card,0.02,0.00,,20.50,3.69,10.25,990.52
ORD-11082,2026-01-06,CUST-5136,1392.60,UPI,0.00,0.00,,0.00,0.00,13.93,1378.67
ORD-11083,2026-01-17,CUST-5823,13680.23,UPI,0.00,0.00,,0.00,0.00,136.80,13543.43
ORD-11084,2026-01-30,CUST-8127,4753.65,Wallet,0.018,0.00,,85.57,15.40,47.54,4605.14
ORD-11085,2026-01-16,CUST-4001,11175.18,UPI,0.00,0.00,,0.00,0.00,111.75,11063.43
ORD-11086,2026-01-24,CUST-9777,8111.48,UPI,0.00,0.00,,0.00,0.00,81.11,8030.37
ORD-11087,2026-01-05,CUST-1556,5052.01,UPI,0.00,0.00,,0.00,0.00,50.52,5001.49
ORD-11088,2026-01-04,CUST-8505,7629.72,Card,0.02,0.00,,152.59,27.47,76.30,7373.36
ORD-11089,2026-01-12,CUST-8246,7588.14,UPI,0.00,0.00,,0.00,0.00,75.88,7512.26
ORD-11090,2026-01-26,CUST-1153,4073.92,Card,0.02,0.00,,81.48,14.67,40.74,3937.03
ORD-11091,2026-01-03,CUST-1786,8620.54,Card,0.02,0.00,,172.41,31.03,86.21,8330.89
ORD-11092,2026-01-03,CUST-6994,11985.25,NetBanking,0.015,0.00,,179.78,32.36,119.85,11653.26
ORD-11093,2026-01-04,CUST-9052,9100.48,UPI,0.00,0.00,,0.00,0.00,91.00,9009.48
ORD-11094,2026-01-24,CUST-2212,11223.41,UPI,0.00,1473.11,2026-01-29,0.00,0.00,112.23,9638.07
ORD-11095,2026-01-26,CUST-8367,11284.65,UPI,0.00,0.00,,0.00,0.00,112.85,11171.80
ORD-11096,2026-01-16,CUST-3713,3220.15,UPI,0.00,0.00,,0.00,0.00,32.20,3187.95
ORD-11097,2026-01-13,CUST-1723,3397.27,Wallet,0.018,0.00,,61.15,11.01,33.97,3291.14
ORD-11098,2026-01-11,CUST-2537,6521.15,UPI,0.00,0.00,,0.00,0.00,65.21,6455.94
ORD-11099,2026-01-12,CUST-7048,10667.73,UPI,0.00,0.00,,0.00,0.00,106.68,10561.05
ORD-11100,2026-01-26,CUST-8067,6545.71,UPI,0.00,1826.13,2026-01-27,0.00,0.00,65.46,4654.12
ORD-11101,2026-01-23,CUST-7447,8349.77,UPI,0.00,0.00,,0.00,0.00,83.50,8266.27
ORD-11102,2026-01-03,CUST-8489,12862.16,UPI,0.00,0.00,,0.00,0.00,128.62,12733.54
ORD-11103,2026-01-12,CUST-2532,7832.01,UPI,0.00,0.00,,0.00,0.00,78.32,7753.69
ORD-11104,2026-01-18,CUST-1523,12663.18,Card,0.02,0.00,,253.26,45.59,126.63,12237.70
ORD-11105,2026-01-08,CUST-6190,8421.36,Card,0.02,0.00,,168.43,30.32,84.21,8138.40
ORD-11106,2026-01-21,CUST-7500,11696.62,NetBanking,0.015,0.00,,175.45,31.58,116.97,11372.62
ORD-11107,2026-01-03,CUST-1534,11877.54,UPI,0.00,0.00,,0.00,0.00,118.78,11758.76
ORD-11108,2026-01-06,CUST-5500,11270.64,NetBanking,0.015,0.00,,169.06,30.43,112.71,10958.44
ORD-11109,2026-01-10,CUST-1471,11133.40,UPI,0.00,0.00,,0.00,0.00,111.33,11022.07
ORD-11110,2026-01-10,CUST-4723,3054.48,UPI,0.00,0.00,,0.00,0.00,30.54,3023.94
ORD-11111,2026-01-10,CUST-2936,1995.28,UPI,0.00,0.00,,0.00,0.00,19.95,1975.33
ORD-11112,2026-01-12,CUST-5611,2783.93,Card,0.02,0.00,,55.68,10.02,27.84,2690.39
ORD-11113,2026-01-25,CUST-4203,8823.75,UPI,0.00,0.00,,0.00,0.00,88.24,8735.51
ORD-11114,2026-01-10,CUST-1865,2920.01,UPI,0.00,0.00,,0.00,0.00,29.20,2890.81
ORD-11115,2026-01-25,CUST-7795,7448.83,UPI,0.00,0.00,,0.00,0.00,74.49,7374.34
ORD-11116,2026-01-21,CUST-1739,3123.83,NetBanking,0.015,0.00,,46.86,8.43,31.24,3037.30
ORD-11117,2026-01-29,CUST-5555,7698.95,NetBanking,0.015,0.00,,115.48,20.79,76.99,7485.69
ORD-11118,2026-01-22,CUST-4732,2225.31,UPI,0.00,0.00,,0.00,0.00,22.25,2203.06
ORD-11119,2026-01-23,CUST-6413,743.35,UPI,0.00,0.00,,0.00,0.00,7.43,735.92
ORD-11120,2026-01-23,CUST-9569,934.99,Card,0.02,0.00,,18.70,3.37,9.35,903.57
ORD-11121,2026-01-19,CUST-9084,7866.55,Card,0.02,0.00,,157.33,28.32,78.67,7602.23
ORD-11122,2026-01-24,CUST-9992,6551.41,UPI,0.00,0.00,,0.00,0.00,65.51,6485.90
ORD-11123,2026-01-12,CUST-6935,1890.71,UPI,0.00,0.00,,0.00,0.00,18.91,1871.80
ORD-11124,2026-01-10,CUST-9216,1964.31,UPI,0.00,0.00,,0.00,0.00,19.64,1944.67
ORD-11125,2026-01-30,CUST-9534,1945.99,UPI,0.00,0.00,,0.00,0.00,19.46,1926.53
ORD-11126,2026-01-21,CUST-7401,4083.64,UPI,0.00,1325.30,2026-01-23,0.00,0.00,40.84,2717.50
ORD-11127,2026-01-29,CUST-5497,5119.92,UPI,0.00,0.00,,0.00,0.00,51.20,5068.72
ORD-11128,2026-01-12,CUST-1308,1672.52,Card,0.02,0.00,,33.45,6.02,16.73,1616.32
ORD-11129,2026-01-26,CUST-4235,7846.09,UPI,0.00,0.00,,0.00,0.00,78.46,7767.63
ORD-11130,2026-01-10,CUST-7353,6943.61,UPI,0.00,0.00,,0.00,0.00,69.44,6874.17
ORD-11131,2026-01-22,CUST-6839,4906.99,Wallet,0.018,0.00,,88.33,15.90,49.07,4753.69
ORD-11132,2026-01-08,CUST-5152,8300.41,UPI,0.00,0.00,,0.00,0.00,83.00,8217.41
ORD-11133,2026-01-19,CUST-6378,12810.32,Card,0.02,0.00,,256.21,46.12,128.10,12379.89
ORD-11134,2026-01-12,CUST-2131,14462.54,UPI,0.00,0.00,,0.00,0.00,144.63,14317.91
ORD-11135,2026-01-02,CUST-6092,6032.53,NetBanking,0.015,0.00,,90.49,16.29,60.33,5865.42
ORD-11136,2026-01-23,CUST-9445,11541.94,UPI,0.00,0.00,,0.00,0.00,115.42,11426.52
ORD-11137,2026-01-05,CUST-3892,4218.95,UPI,0.00,0.00,,0.00,0.00,42.19,4176.76
ORD-11138,2026-01-24,CUST-7782,10112.37,UPI,0.00,0.00,,0.00,0.00,101.12,10011.25
ORD-11139,2026-01-15,CUST-4823,2491.89,UPI,0.00,0.00,,0.00,0.00,24.92,2466.97
ORD-11140,2026-01-12,CUST-5516,14933.56,UPI,0.00,0.00,,0.00,0.00,149.34,14784.22
ORD-11141,2026-01-17,CUST-5314,12739.59,UPI,0.00,0.00,,0.00,0.00,127.40,12612.19
ORD-11142,2026-01-30,CUST-9446,6497.48,Card,0.02,761.61,2026-02-05,129.95,23.39,64.97,5517.56
ORD-11143,2026-01-26,CUST-5452,4666.78,UPI,0.00,0.00,,0.00,0.00,46.67,4620.11
ORD-11144,2026-01-05,CUST-3803,5942.00,NetBanking,0.015,0.00,,89.13,16.04,59.42,5777.41
ORD-11145,2026-01-14,CUST-2868,6790.06,UPI,0.00,0.00,,0.00,0.00,67.90,6722.16
ORD-11146,2026-01-11,CUST-9613,4278.39,UPI,0.00,0.00,,0.00,0.00,42.78,4235.61
ORD-11147,2026-01-08,CUST-4172,13955.17,UPI,0.00,0.00,,0.00,0.00,139.55,13815.62
ORD-11148,2026-01-06,CUST-3446,1144.16,UPI,0.00,0.00,,0.00,0.00,11.44,1132.72
ORD-11149,2026-01-12,CUST-4985,895.49,UPI,0.00,0.00,,0.00,0.00,8.95,886.54
ORD-11150,2026-01-02,CUST-5196,6631.06,NetBanking,0.015,0.00,,99.47,17.90,66.31,6447.38
ORD-11151,2026-01-03,CUST-6629,3437.82,UPI,0.00,0.00,,0.00,0.00,34.38,3403.44
ORD-11152,2026-01-04,CUST-8422,6779.69,Card,0.02,0.00,,135.59,24.41,67.80,6551.89
ORD-11153,2026-01-12,CUST-8795,4638.96,UPI,0.00,0.00,,0.00,0.00,46.39,4592.57
ORD-11154,2026-01-26,CUST-8952,6119.75,UPI,0.00,0.00,,0.00,0.00,61.20,6058.55
ORD-11155,2026-01-10,CUST-9102,446.57,UPI,0.00,0.00,,0.00,0.00,4.47,442.10
ORD-11156,2026-01-04,CUST-9624,4378.24,Card,0.02,0.00,,87.56,15.76,43.78,4231.14
ORD-11157,2026-01-17,CUST-5567,2139.67,Card,0.02,0.00,,42.79,7.70,21.40,2067.78
ORD-11158,2026-01-15,CUST-6287,4798.59,UPI,0.00,0.00,,0.00,0.00,47.99,4750.60
ORD-11159,2026-01-17,CUST-7617,8814.64,Card,0.02,0.00,,176.29,31.73,88.15,8518.47
ORD-11160,2026-01-04,CUST-5573,5913.55,Wallet,0.018,0.00,,106.44,19.16,59.14,5728.81
ORD-11161,2026-01-22,CUST-6233,12971.80,UPI,0.00,0.00,,0.00,0.00,129.72,12842.08
ORD-11162,2026-01-23,CUST-6588,6374.03,NetBanking,0.015,0.00,,95.61,17.21,63.74,6197.47
ORD-11163,2026-01-23,CUST-4317,8453.79,UPI,0.00,0.00,,0.00,0.00,84.54,8369.25
ORD-11164,2026-01-05,CUST-8060,4504.98,UPI,0.00,0.00,,0.00,0.00,45.05,4459.93
ORD-11165,2026-01-30,CUST-9236,3051.61,UPI,0.00,0.00,,0.00,0.00,30.52,3021.09
ORD-11166,2026-01-20,CUST-9210,7180.07,UPI,0.00,0.00,,0.00,0.00,71.80,7108.27
ORD-11167,2026-01-04,CUST-8674,14110.88,UPI,0.00,0.00,,0.00,0.00,141.11,13969.77
ORD-11168,2026-01-10,CUST-1452,6863.50,UPI,0.00,0.00,,0.00,0.00,68.64,6794.86
ORD-11169,2026-01-19,CUST-8572,1631.08,Card,0.02,0.00,,32.62,5.87,16.31,1576.28
ORD-11170,2026-01-21,CUST-8892,1372.35,UPI,0.00,266.78,2026-01-27,0.00,0.00,13.72,1091.85
ORD-11171,2026-01-29,CUST-4367,6539.61,UPI,0.00,0.00,,0.00,0.00,65.40,6474.21
ORD-11172,2026-01-01,CUST-6111,13420.91,UPI,0.00,0.00,,0.00,0.00,134.21,13286.70
ORD-11173,2026-01-26,CUST-7238,13333.88,NetBanking,0.015,0.00,,200.01,36.00,133.34,12964.53
ORD-11174,2026-01-21,CUST-9283,13918.23,Wallet,0.018,0.00,,250.53,45.10,139.18,13483.42
ORD-11175,2026-01-20,CUST-1693,13378.53,UPI,0.00,0.00,,0.00,0.00,133.79,13244.74
ORD-11176,2026-01-15,CUST-6724,12389.95,Card,0.02,0.00,,247.80,44.60,123.90,11973.65
ORD-11177,2026-01-10,CUST-5372,6005.55,UPI,0.00,0.00,,0.00,0.00,60.06,5945.49
ORD-11178,2026-01-13,CUST-1997,1145.73,UPI,0.00,0.00,,0.00,0.00,11.46,1134.27
ORD-11179,2026-01-02,CUST-5052,7188.95,Card,0.02,0.00,,143.78,25.88,71.89,6947.40
ORD-11180,2026-01-21,CUST-6616,13662.01,UPI,0.00,0.00,,0.00,0.00,136.62,13525.39
ORD-11181,2026-01-19,CUST-9695,1551.62,UPI,0.00,0.00,,0.00,0.00,15.52,1536.10
ORD-11182,2026-01-20,CUST-3376,410.11,UPI,0.00,0.00,,0.00,0.00,4.10,406.01
ORD-11183,2026-01-04,CUST-6585,4455.17,UPI,0.00,0.00,,0.00,0.00,44.55,4410.62
ORD-11184,2026-01-04,CUST-7567,2703.60,Wallet,0.018,0.00,,48.66,8.76,27.04,2619.14
ORD-11185,2026-01-12,CUST-3775,1073.94,UPI,0.00,0.00,,0.00,0.00,10.74,1063.20
ORD-11186,2026-01-05,CUST-6176,10086.45,UPI,0.00,0.00,,0.00,0.00,100.86,9985.59
ORD-11187,2026-01-11,CUST-6398,5890.83,UPI,0.00,0.00,,0.00,0.00,58.91,5831.92
ORD-11188,2026-01-15,CUST-1919,5170.48,UPI,0.00,0.00,,0.00,0.00,51.70,5118.78
ORD-11189,2026-01-13,CUST-2099,10641.25,UPI,0.00,0.00,,0.00,0.00,106.41,10534.84
ORD-11190,2026-01-10,CUST-2070,2324.46,UPI,0.00,0.00,,0.00,0.00,23.24,2301.22
ORD-11191,2026-01-22,CUST-8194,10662.95,Card,0.02,0.00,,213.26,38.39,106.63,10304.67
ORD-11192,2026-01-18,CUST-2502,10826.61,UPI,0.00,0.00,,0.00,0.00,108.27,10718.34
ORD-11193,2026-01-06,CUST-7654,8801.99,Card,0.02,0.00,,176.04,31.69,88.02,8506.24
ORD-11194,2026-01-19,CUST-3594,8345.20,UPI,0.00,0.00,,0.00,0.00,83.45,8261.75
ORD-11195,2026-01-07,CUST-4539,4980.25,NetBanking,0.015,0.00,,74.70,13.45,49.80,4842.30
ORD-11196,2026-01-14,CUST-5911,11099.80,UPI,0.00,3253.84,2026-01-15,0.00,0.00,111.00,7734.96
ORD-11197,2026-01-07,CUST-6816,909.13,Wallet,0.018,0.00,,16.36,2.94,9.09,880.74
ORD-11198,2026-01-10,CUST-7523,14628.58,UPI,0.00,0.00,,0.00,0.00,146.29,14482.29
ORD-11199,2026-01-30,CUST-3064,3775.70,Card,0.02,0.00,,75.51,13.59,37.76,3648.84
ORD-11200,2026-01-28,CUST-3042,1510.96,Card,0.02,0.00,,30.22,5.44,15.11,1460.19
ORD-11201,2026-01-06,CUST-4250,3322.35,NetBanking,0.015,1733.96,2026-01-08,49.84,8.97,33.22,1496.36
ORD-11202,2026-01-03,CUST-7658,2179.92,Wallet,0.018,0.00,,39.24,7.06,21.80,2111.82
ORD-11203,2026-01-12,CUST-9879,3457.33,UPI,0.00,0.00,,0.00,0.00,34.57,3422.76
ORD-11204,2026-01-10,CUST-8398,10787.39,UPI,0.00,0.00,,0.00,0.00,107.87,10679.52
ORD-11205,2026-01-10,CUST-4557,14651.56,Wallet,0.018,0.00,,263.73,47.47,146.52,14193.84
ORD-11206,2026-01-25,CUST-1687,4890.18,UPI,0.00,0.00,,0.00,0.00,48.90,4841.28
ORD-11207,2026-01-08,CUST-4395,11249.73,UPI,0.00,0.00,,0.00,0.00,112.50,11137.23
ORD-11208,2026-01-04,CUST-6360,1101.40,Card,0.02,335.48,2026-01-08,22.03,3.97,11.01,728.91
ORD-11209,2026-01-28,CUST-3581,4700.60,NetBanking,0.015,0.00,,70.51,12.69,47.01,4570.39
ORD-11210,2026-01-26,CUST-3443,10959.87,Card,0.02,0.00,,219.20,39.46,109.60,10591.61
ORD-11211,2026-01-09,CUST-9684,9223.29,Wallet,0.018,0.00,,166.02,29.88,92.23,8935.16
ORD-11212,2026-01-08,CUST-4957,8610.38,UPI,0.00,0.00,,0.00,0.00,86.10,8524.28
ORD-11213,2026-01-05,CUST-9714,10888.80,UPI,0.00,0.00,,0.00,0.00,108.89,10779.91
ORD-11214,2026-01-20,CUST-8746,957.25,UPI,0.00,0.00,,0.00,0.00,9.57,947.68
ORD-11215,2026-01-02,CUST-2093,2890.10,UPI,0.00,0.00,,0.00,0.00,28.90,2861.20
ORD-11216,2026-01-18,CUST-7539,2172.61,Wallet,0.018,0.00,,39.11,7.04,21.73,2104.73
ORD-11217,2026-01-29,CUST-4990,1771.96,Card,0.02,0.00,,35.44,6.38,17.72,1712.42
ORD-11218,2026-01-22,CUST-2875,1886.70,Card,0.02,0.00,,37.73,6.79,18.87,1823.31
ORD-11219,2026-01-05,CUST-9240,9766.83,UPI,0.00,0.00,,0.00,0.00,97.67,9669.16
ORD-11220,2026-01-07,CUST-3833,9656.65,UPI,0.00,0.00,,0.00,0.00,96.57,9560.08
ORD-11221,2026-01-10,CUST-5777,6593.76,International Card,0.03,0.00,,197.81,35.61,65.94,6294.40
ORD-11222,2026-01-16,CUST-1821,8858.52,UPI,0.00,0.00,,0.00,0.00,88.59,8769.93
ORD-11223,2026-01-13,CUST-4535,1779.33,Card,0.02,0.00,,35.59,6.41,17.79,1719.54
ORD-11224,2026-01-13,CUST-3707,9465.61,UPI,0.00,0.00,,0.00,0.00,94.66,9370.95
ORD-11225,2026-01-27,CUST-9089,4010.69,UPI,0.00,0.00,,0.00,0.00,40.11,3970.58
ORD-11226,2026-01-06,CUST-3500,14156.15,Card,0.02,0.00,,283.12,50.96,141.56,13680.51
ORD-11227,2026-01-26,CUST-1350,8668.15,Wallet,0.018,0.00,,156.03,28.09,86.68,8397.35
ORD-11228,2026-01-26,CUST-3226,6664.02,UPI,0.00,0.00,,0.00,0.00,66.64,6597.38
ORD-11229,2026-01-29,CUST-3419,9882.46,International Card,0.03,0.00,,296.47,53.36,98.82,9433.81
ORD-11230,2026-01-01,CUST-8718,14621.70,Wallet,0.018,0.00,,263.19,47.37,146.22,14164.92
ORD-11231,2026-01-11,CUST-5433,13214.00,UPI,0.00,0.00,,0.00,0.00,132.14,13081.86
ORD-11232,2026-01-28,CUST-3944,13694.91,UPI,0.00,3850.28,2026-01-30,0.00,0.00,136.95,9707.68
ORD-11233,2026-01-30,CUST-4007,12410.52,NetBanking,0.015,0.00,,186.16,33.51,124.11,12066.74
ORD-11234,2026-01-06,CUST-5284,14213.83,UPI,0.00,0.00,,0.00,0.00,142.14,14071.69
ORD-11235,2026-01-21,CUST-1048,5205.82,Wallet,0.018,0.00,,93.70,16.87,52.06,5043.19
ORD-11236,2026-01-05,CUST-6820,11293.27,Card,0.02,0.00,,225.87,40.66,112.93,10913.81
ORD-11237,2026-01-26,CUST-5366,9901.55,UPI,0.00,0.00,,0.00,0.00,99.02,9802.53
ORD-11238,2026-01-20,CUST-5958,14597.35,International Card,0.03,0.00,,437.92,78.83,145.97,13934.63
ORD-11239,2026-01-02,CUST-1437,11105.03,UPI,0.00,0.00,,0.00,0.00,111.05,10993.98
ORD-11240,2026-01-06,CUST-6336,13181.38,UPI,0.00,0.00,,0.00,0.00,131.81,13049.57
ORD-11241,2026-01-06,CUST-9391,13684.58,NetBanking,0.015,0.00,,205.27,36.95,136.85,13305.51
ORD-11242,2026-01-20,CUST-3311,12687.19,UPI,0.00,0.00,,0.00,0.00,126.87,12560.32
ORD-11243,2026-01-16,CUST-6785,11346.16,Card,0.02,0.00,,226.92,40.85,113.46,10964.93
ORD-11244,2026-01-13,CUST-9740,1043.64,Card,0.02,0.00,,20.87,3.76,10.44,1008.57
ORD-11245,2026-01-16,CUST-5709,925.27,Card,0.02,0.00,,18.51,3.33,9.25,894.18
ORD-11246,2026-01-01,CUST-6192,4404.06,International Card,0.03,0.00,,132.12,23.78,44.04,4204.12
ORD-11247,2026-01-29,CUST-2840,9459.62,Card,0.02,0.00,,189.19,34.05,94.60,9141.78
ORD-11248,2026-01-05,CUST-7697,3247.05,UPI,0.00,0.00,,0.00,0.00,32.47,3214.58
ORD-11249,2026-01-14,CUST-3881,10207.70,NetBanking,0.015,0.00,,153.12,27.56,102.08,9924.94
ORD-11250,2026-01-10,CUST-1947,5280.85,UPI,0.00,0.00,,0.00,0.00,52.81,5228.04
ORD-11251,2026-01-26,CUST-1564,11765.64,Card,0.02,0.00,,235.31,42.36,117.66,11370.31
ORD-11252,2026-01-12,CUST-1804,7558.99,Wallet,0.018,0.00,,136.06,24.49,75.59,7322.85
ORD-11253,2026-01-01,CUST-7906,14377.97,UPI,0.00,0.00,,0.00,0.00,143.78,14234.19
ORD-11254,2026-01-15,CUST-8938,10740.86,UPI,0.00,0.00,,0.00,0.00,107.41,10633.45
ORD-11255,2026-01-12,CUST-9089,7356.90,UPI,0.00,0.00,,0.00,0.00,73.57,7283.33
ORD-11256,2026-01-24,CUST-7683,3489.78,UPI,0.00,0.00,,0.00,0.00,34.90,3454.88
ORD-11257,2026-01-19,CUST-2294,10314.76,Card,0.02,0.00,,206.30,37.13,103.15,9968.18
ORD-11258,2026-01-19,CUST-2603,6829.98,UPI,0.00,0.00,,0.00,0.00,68.30,6761.68
ORD-11259,2026-01-18,CUST-9488,5447.31,Card,0.02,0.00,,108.95,19.61,54.47,5264.28
ORD-11260,2026-01-03,CUST-4787,4132.15,NetBanking,0.015,0.00,,61.98,11.16,41.32,4017.69
ORD-11261,2026-01-15,CUST-8169,13623.39,UPI,0.00,0.00,,0.00,0.00,136.23,13487.16
ORD-11262,2026-01-18,CUST-9867,3015.37,UPI,0.00,0.00,,0.00,0.00,30.15,2985.22
ORD-11263,2026-01-03,CUST-6231,12310.96,UPI,0.00,0.00,,0.00,0.00,123.11,12187.85
ORD-11264,2026-01-16,CUST-2849,7796.26,UPI,0.00,0.00,,0.00,0.00,77.96,7718.30
ORD-11265,2026-01-24,CUST-1618,11057.91,NetBanking,0.015,0.00,,165.87,29.86,110.58,10751.60
ORD-11266,2026-01-04,CUST-8633,5440.16,Card,0.02,0.00,,108.80,19.58,54.40,5257.38
ORD-11267,2026-01-21,CUST-3431,1009.46,UPI,0.00,0.00,,0.00,0.00,10.09,999.37
ORD-11268,2026-01-26,CUST-2620,6578.56,UPI,0.00,0.00,,0.00,0.00,65.79,6512.77
ORD-11269,2026-01-14,CUST-7704,2621.52,Card,0.02,0.00,,52.43,9.44,26.22,2533.43
ORD-11270,2026-01-27,CUST-9032,14786.89,Card,0.02,0.00,,295.74,53.23,147.87,14290.05
ORD-11271,2026-01-20,CUST-2537,1784.03,Card,0.02,0.00,,35.68,6.42,17.84,1724.09
ORD-11272,2026-01-16,CUST-6507,9533.40,UPI,0.00,0.00,,0.00,0.00,95.33,9438.07
ORD-11273,2026-01-03,CUST-9697,14055.41,Wallet,0.018,0.00,,253.00,45.54,140.55,13616.32
ORD-11274,2026-01-13,CUST-9553,11113.99,UPI,0.00,0.00,,0.00,0.00,111.14,11002.85
ORD-11275,2026-01-09,CUST-8281,10871.61,UPI,0.00,0.00,,0.00,0.00,108.72,10762.89
ORD-11276,2026-01-29,CUST-4932,4633.43,UPI,0.00,0.00,,0.00,0.00,46.33,4587.10
ORD-11277,2026-01-07,CUST-1719,14044.29,Wallet,0.018,0.00,,252.80,45.50,140.44,13605.55
ORD-11278,2026-01-10,CUST-9511,883.71,Card,0.02,0.00,,17.67,3.18,8.84,854.02
ORD-11279,2026-01-20,CUST-7713,304.24,NetBanking,0.015,0.00,,4.56,0.82,3.04,295.82
ORD-11280,2026-01-23,CUST-4936,14488.64,Wallet,0.018,0.00,,260.80,46.94,144.89,14036.01
ORD-11281,2026-01-12,CUST-5652,14472.43,UPI,0.00,0.00,,0.00,0.00,144.72,14327.71
ORD-11282,2026-01-30,CUST-3161,4221.42,NetBanking,0.015,0.00,,63.32,11.40,42.21,4104.49
ORD-11283,2026-01-30,CUST-7041,6111.60,UPI,0.00,0.00,,0.00,0.00,61.12,6050.48
ORD-11284,2026-01-19,CUST-2164,13610.29,UPI,0.00,0.00,,0.00,0.00,136.10,13474.19
ORD-11285,2026-01-02,CUST-2468,2325.60,Card,0.02,0.00,,46.51,8.37,23.26,2247.46
ORD-11286,2026-01-15,CUST-6073,4727.24,UPI,0.00,0.00,,0.00,0.00,47.27,4679.97
ORD-11287,2026-01-10,CUST-1767,14759.28,UPI,0.00,0.00,,0.00,0.00,147.59,14611.69
ORD-11288,2026-01-30,CUST-2790,5550.79,UPI,0.00,0.00,,0.00,0.00,55.51,5495.28
ORD-11289,2026-01-26,CUST-1312,12277.64,UPI,0.00,0.00,,0.00,0.00,122.78,12154.86
ORD-11290,2026-01-26,CUST-3032,10781.30,UPI,0.00,0.00,,0.00,0.00,107.81,10673.49
ORD-11291,2026-01-18,CUST-9788,9476.20,UPI,0.00,0.00,,0.00,0.00,94.76,9381.44
ORD-11292,2026-01-21,CUST-8866,6855.22,UPI,0.00,0.00,,0.00,0.00,68.55,6786.67
ORD-11293,2026-01-30,CUST-5920,14394.45,UPI,0.00,0.00,,0.00,0.00,143.94,14250.51
ORD-11294,2026-01-19,CUST-5868,5281.99,UPI,0.00,0.00,,0.00,0.00,52.82,5229.17
ORD-11295,2026-01-27,CUST-9159,8881.71,UPI,0.00,0.00,,0.00,0.00,88.82,8792.89
ORD-11296,2026-01-10,CUST-8867,10827.41,UPI,0.00,0.00,,0.00,0.00,108.27,10719.14
ORD-11297,2026-01-15,CUST-9719,12234.50,Card,0.02,0.00,,244.69,44.04,122.35,11823.42
ORD-11298,2026-01-05,CUST-7875,1225.76,Card,0.02,0.00,,24.52,4.41,12.26,1184.57
ORD-11299,2026-01-15,CUST-6738,6831.67,UPI,0.00,0.00,,0.00,0.00,68.32,6763.35
ORD-11300,2026-01-30,CUST-4215,10590.82,UPI,0.00,0.00,,0.00,0.00,105.91,10484.91
ORD-11301,2026-01-17,CUST-2392,13060.59,Wallet,0.018,5185.94,2026-01-19,235.09,42.32,130.61,7466.63
ORD-11302,2026-01-08,CUST-7985,1408.86,UPI,0.00,0.00,,0.00,0.00,14.09,1394.77
ORD-11303,2026-01-14,CUST-5869,7405.06,Wallet,0.018,0.00,,133.29,23.99,74.05,7173.73
ORD-11304,2026-01-19,CUST-6782,6956.33,UPI,0.00,0.00,,0.00,0.00,69.56,6886.77
ORD-11305,2026-01-21,CUST-7376,2888.15,UPI,0.00,0.00,,0.00,0.00,28.88,2859.27
ORD-11306,2026-01-20,CUST-8064,13913.46,Card,0.02,0.00,,278.27,50.09,139.13,13445.97
ORD-11307,2026-01-06,CUST-3178,1446.35,International Card,0.03,0.00,,43.39,7.81,14.46,1380.69
ORD-11308,2026-01-16,CUST-9895,8869.96,UPI,0.00,0.00,,0.00,0.00,88.70,8781.26
ORD-11309,2026-01-20,CUST-6579,9790.85,UPI,0.00,0.00,,0.00,0.00,97.91,9692.94
ORD-11310,2026-01-05,CUST-5224,10166.61,Card,0.02,0.00,,203.33,36.60,101.67,9825.01
ORD-11311,2026-01-13,CUST-6249,565.12,UPI,0.00,0.00,,0.00,0.00,5.65,559.47
ORD-11312,2026-01-22,CUST-1355,14940.71,NetBanking,0.015,0.00,,224.11,40.34,149.41,14526.85
ORD-11313,2026-01-16,CUST-2013,815.09,UPI,0.00,0.00,,0.00,0.00,8.15,806.94
ORD-11314,2026-01-16,CUST-6791,5255.24,UPI,0.00,2312.96,2026-01-21,0.00,0.00,52.55,2889.73
ORD-11315,2026-01-08,CUST-8961,14707.87,Card,0.02,0.00,,294.16,52.95,147.08,14213.68
ORD-11316,2026-01-16,CUST-2460,9413.70,UPI,0.00,0.00,,0.00,0.00,94.14,9319.56
ORD-11317,2026-01-23,CUST-2428,12693.95,UPI,0.00,0.00,,0.00,0.00,126.94,12567.01
ORD-11318,2026-01-12,CUST-9547,1393.91,Card,0.02,0.00,,27.88,5.02,13.94,1347.07
ORD-11319,2026-01-26,CUST-2779,3391.02,NetBanking,0.015,0.00,,50.87,9.16,33.91,3297.08
ORD-11320,2026-01-14,CUST-3773,14529.49,UPI,0.00,0.00,,0.00,0.00,145.29,14384.20
ORD-11321,2026-01-05,CUST-9802,8598.16,UPI,0.00,0.00,,0.00,0.00,85.98,8512.18
ORD-11322,2026-01-07,CUST-4677,6114.94,International Card,0.03,0.00,,183.45,33.02,61.15,5837.32
ORD-11323,2026-01-11,CUST-2400,407.41,Card,0.02,0.00,,8.15,1.47,4.07,393.72
ORD-11324,2026-01-07,CUST-5196,12375.33,UPI,0.00,0.00,,0.00,0.00,123.75,12251.58
ORD-11325,2026-01-29,CUST-8422,12308.55,Card,0.02,0.00,,246.17,44.31,123.09,11894.98
ORD-11326,2026-01-25,CUST-3975,3310.84,UPI,0.00,0.00,,0.00,0.00,33.11,3277.73
ORD-11327,2026-01-01,CUST-1818,12927.12,UPI,0.00,0.00,,0.00,0.00,129.27,12797.85
ORD-11328,2026-01-25,CUST-3418,9717.30,Card,0.02,0.00,,194.35,34.98,97.17,9390.80
ORD-11329,2026-01-07,CUST-5792,12094.66,NetBanking,0.015,0.00,,181.42,32.66,120.95,11759.63
ORD-11330,2026-01-05,CUST-4543,11078.39,NetBanking,0.015,0.00,,166.18,29.91,110.78,10771.52
ORD-11331,2026-01-20,CUST-9699,12262.23,UPI,0.00,0.00,,0.00,0.00,122.62,12139.61
ORD-11332,2026-01-10,CUST-9742,14453.79,Wallet,0.018,0.00,,260.17,46.83,144.54,14002.25
ORD-11333,2026-01-16,CUST-4243,2107.76,Card,0.02,0.00,,42.16,7.59,21.08,2036.93
ORD-11334,2026-01-13,CUST-8135,11875.93,UPI,0.00,0.00,,0.00,0.00,118.76,11757.17
ORD-11335,2026-01-22,CUST-4401,13130.43,UPI,0.00,0.00,,0.00,0.00,131.30,12999.13
ORD-11336,2026-01-26,CUST-5155,4479.22,UPI,0.00,0.00,,0.00,0.00,44.79,4434.43
ORD-11337,2026-01-29,CUST-9624,1368.16,UPI,0.00,0.00,,0.00,0.00,13.68,1354.48
ORD-11338,2026-01-11,CUST-3233,8128.20,UPI,0.00,0.00,,0.00,0.00,81.28,8046.92
ORD-11339,2026-01-07,CUST-6559,7184.16,UPI,0.00,0.00,,0.00,0.00,71.84,7112.32
ORD-11340,2026-01-07,CUST-6649,8900.95,Wallet,0.018,0.00,,160.22,28.84,89.01,8622.88
ORD-11341,2026-01-19,CUST-8799,7399.94,UPI,0.00,0.00,,0.00,0.00,74.00,7325.94
ORD-11342,2026-01-10,CUST-5439,14249.36,UPI,0.00,0.00,,0.00,0.00,142.49,14106.87
ORD-11343,2026-01-29,CUST-5317,4744.90,UPI,0.00,0.00,,0.00,0.00,47.45,4697.45
ORD-11344,2026-01-26,CUST-2447,1413.76,UPI,0.00,0.00,,0.00,0.00,14.14,1399.62
ORD-11345,2026-01-11,CUST-8151,4021.76,UPI,0.00,0.00,,0.00,0.00,40.22,3981.54
ORD-11346,2026-01-20,CUST-2672,10697.58,UPI,0.00,0.00,,0.00,0.00,106.98,10590.60
ORD-11347,2026-01-06,CUST-8734,8543.31,UPI,0.00,0.00,,0.00,0.00,85.43,8457.88
ORD-11348,2026-01-15,CUST-9428,12817.63,UPI,0.00,0.00,,0.00,0.00,128.18,12689.45
ORD-11349,2026-01-14,CUST-1766,10895.72,UPI,0.00,0.00,,0.00,0.00,108.96,10786.76
ORD-11350,2026-01-10,CUST-4513,3100.51,Wallet,0.018,0.00,,55.81,10.05,31.01,3003.64
ORD-11351,2026-01-25,CUST-8795,8263.41,UPI,0.00,0.00,,0.00,0.00,82.63,8180.78
ORD-11352,2026-01-28,CUST-7370,14839.05,UPI,0.00,0.00,,0.00,0.00,148.39,14690.66
ORD-11353,2026-01-19,CUST-6021,1881.96,UPI,0.00,0.00,,0.00,0.00,18.82,1863.14
ORD-11354,2026-01-17,CUST-6085,4640.99,UPI,0.00,0.00,,0.00,0.00,46.41,4594.58
ORD-11355,2026-01-05,CUST-3510,13226.29,UPI,0.00,0.00,,0.00,0.00,132.26,13094.03
ORD-11356,2026-01-20,CUST-9405,14011.26,Card,0.02,0.00,,280.23,50.44,140.11,13540.48
ORD-11357,2026-01-11,CUST-3971,5552.66,UPI,0.00,0.00,,0.00,0.00,55.53,5497.13
ORD-11358,2026-01-05,CUST-4345,2688.15,UPI,0.00,0.00,,0.00,0.00,26.88,2661.27
ORD-11359,2026-01-03,CUST-4554,2788.28,Card,0.02,0.00,,55.77,10.04,27.88,2694.59
ORD-11360,2026-01-07,CUST-8095,2972.73,UPI,0.00,0.00,,0.00,0.00,29.73,2943.00
ORD-11361,2026-01-11,CUST-6330,10051.63,UPI,0.00,0.00,,0.00,0.00,100.52,9951.11
ORD-11362,2026-01-18,CUST-2174,5710.15,UPI,0.00,0.00,,0.00,0.00,57.10,5653.05
ORD-11363,2026-01-09,CUST-5466,8584.47,Card,0.02,0.00,,171.69,30.90,85.84,8296.04
ORD-11364,2026-01-08,CUST-9434,4334.22,UPI,0.00,0.00,,0.00,0.00,43.34,4290.88
ORD-11365,2026-01-06,CUST-3765,8511.60,UPI,0.00,0.00,,0.00,0.00,85.12,8426.48
ORD-11366,2026-01-02,CUST-2422,8983.75,UPI,0.00,0.00,,0.00,0.00,89.84,8893.91
ORD-11367,2026-01-28,CUST-5749,525.33,NetBanking,0.015,0.00,,7.88,1.42,5.25,510.78
ORD-11368,2026-01-19,CUST-6463,2207.27,UPI,0.00,0.00,,0.00,0.00,22.07,2185.20
ORD-11369,2026-01-24,CUST-2313,14997.77,UPI,0.00,0.00,,0.00,0.00,149.98,14847.79
ORD-11370,2026-01-24,CUST-1320,13825.30,UPI,0.00,0.00,,0.00,0.00,138.25,13687.05
ORD-11371,2026-01-08,CUST-7854,6157.39,Wallet,0.018,0.00,,110.83,19.95,61.57,5965.04
ORD-11372,2026-01-03,CUST-4867,7358.62,UPI,0.00,0.00,,0.00,0.00,73.59,7285.03
ORD-11373,2026-01-08,CUST-9809,13353.54,Card,0.02,0.00,,267.07,48.07,133.54,12904.86
ORD-11374,2026-01-04,CUST-7404,1751.57,UPI,0.00,0.00,,0.00,0.00,17.52,1734.05
ORD-11375,2026-01-15,CUST-6560,11752.48,UPI,0.00,0.00,,0.00,0.00,117.52,11634.96
ORD-11376,2026-01-07,CUST-3523,898.93,UPI,0.00,0.00,,0.00,0.00,8.99,889.94
ORD-11377,2026-01-10,CUST-3001,5452.98,UPI,0.00,0.00,,0.00,0.00,54.53,5398.45
ORD-11378,2026-01-05,CUST-7035,2555.55,UPI,0.00,0.00,,0.00,0.00,25.56,2529.99
ORD-11379,2026-01-23,CUST-2724,3389.59,UPI,0.00,0.00,,0.00,0.00,33.90,3355.69
ORD-11380,2026-01-09,CUST-1209,2704.21,UPI,0.00,394.04,2026-01-12,0.00,0.00,27.04,2283.13
ORD-11381,2026-01-19,CUST-4110,2774.87,UPI,0.00,832.92,2026-01-22,0.00,0.00,27.75,1914.20
ORD-11382,2026-01-19,CUST-9475,10019.66,NetBanking,0.015,0.00,,150.29,27.05,100.20,9742.12
ORD-11383,2026-01-10,CUST-6917,7891.34,UPI,0.00,0.00,,0.00,0.00,78.91,7812.43
ORD-11384,2026-01-16,CUST-4845,1641.18,UPI,0.00,0.00,,0.00,0.00,16.41,1624.77
ORD-11385,2026-01-30,CUST-4329,13939.91,UPI,0.00,0.00,,0.00,0.00,139.40,13800.51
ORD-11386,2026-01-02,CUST-1235,9860.38,UPI,0.00,0.00,,0.00,0.00,98.60,9761.78
ORD-11387,2026-01-15,CUST-8173,3085.15,NetBanking,0.015,0.00,,46.28,8.33,30.85,2999.69
ORD-11388,2026-01-27,CUST-7400,10761.39,UPI,0.00,0.00,,0.00,0.00,107.61,10653.78
ORD-11389,2026-01-05,CUST-8777,4683.59,Card,0.02,0.00,,93.67,16.86,46.84,4526.22
ORD-11390,2026-01-15,CUST-2777,13242.51,UPI,0.00,0.00,,0.00,0.00,132.43,13110.08
ORD-11391,2026-01-24,CUST-2325,462.16,Card,0.02,192.07,2026-01-27,9.24,1.66,4.62,254.57
ORD-11392,2026-01-06,CUST-3869,7657.91,UPI,0.00,0.00,,0.00,0.00,76.58,7581.33
ORD-11393,2026-01-15,CUST-2918,5554.17,UPI,0.00,0.00,,0.00,0.00,55.54,5498.63
ORD-11394,2026-01-16,CUST-2824,14014.51,Card,0.02,0.00,,280.29,50.45,140.15,13543.62
ORD-11395,2026-01-21,CUST-6316,633.63,Card,0.02,0.00,,12.67,2.28,6.34,612.34
ORD-11396,2026-01-01,CUST-7382,1405.81,UPI,0.00,0.00,,0.00,0.00,14.06,1391.75
ORD-11397,2026-01-03,CUST-6002,7106.91,UPI,0.00,3259.16,2026-01-06,0.00,0.00,71.07,3776.68
ORD-11398,2026-01-04,CUST-4622,6438.37,UPI,0.00,0.00,,0.00,0.00,64.38,6373.99
ORD-11399,2026-01-01,CUST-5151,11484.18,Wallet,0.018,0.00,,206.72,37.21,114.84,11125.41
ORD-11400,2026-01-03,CUST-3892,10145.89,Card,0.02,0.00,,202.92,36.53,101.46,9804.98
ORD-11401,2026-01-20,CUST-4718,4250.26,International Card,0.03,0.00,,127.51,22.95,42.50,4057.30
ORD-11402,2026-01-29,CUST-1191,308.90,UPI,0.00,118.81,2026-02-02,0.00,0.00,3.09,187.00
ORD-11403,2026-01-30,CUST-5335,6823.00,Wallet,0.018,0.00,,122.81,22.11,68.23,6609.85
ORD-11404,2026-01-13,CUST-6494,1160.51,UPI,0.00,0.00,,0.00,0.00,11.61,1148.90
ORD-11405,2026-01-13,CUST-9817,8815.74,UPI,0.00,0.00,,0.00,0.00,88.16,8727.58
ORD-11406,2026-01-15,CUST-2568,12487.00,Card,0.02,0.00,,249.74,44.95,124.87,12067.44
ORD-11407,2026-01-08,CUST-8903,13700.67,UPI,0.00,6448.28,2026-01-13,0.00,0.00,137.01,7115.38
ORD-11408,2026-01-05,CUST-7009,13369.58,Card,0.02,0.00,,267.39,48.13,133.70,12920.36
ORD-11409,2026-01-25,CUST-2394,3850.52,UPI,0.00,0.00,,0.00,0.00,38.51,3812.01
ORD-11410,2026-01-03,CUST-4620,12531.24,UPI,0.00,0.00,,0.00,0.00,125.31,12405.93
ORD-11411,2026-01-20,CUST-3650,9579.56,UPI,0.00,0.00,,0.00,0.00,95.80,9483.76
ORD-11412,2026-01-14,CUST-6501,12765.85,UPI,0.00,0.00,,0.00,0.00,127.66,12638.19
ORD-11413,2026-01-29,CUST-5976,8321.94,Card,0.02,0.00,,166.44,29.96,83.22,8042.32
ORD-11414,2026-01-16,CUST-6264,9972.97,UPI,0.00,3060.37,2026-01-19,0.00,0.00,99.73,6812.87
ORD-11415,2026-01-09,CUST-7755,907.16,UPI,0.00,0.00,,0.00,0.00,9.07,898.09
ORD-11416,2026-01-17,CUST-7222,3147.52,UPI,0.00,0.00,,0.00,0.00,31.48,3116.04
ORD-11417,2026-01-25,CUST-9593,12000.58,UPI,0.00,0.00,,0.00,0.00,120.01,11880.57
ORD-11418,2026-01-20,CUST-1225,4081.66,UPI,0.00,0.00,,0.00,0.00,40.82,4040.84
ORD-11419,2026-01-18,CUST-4727,11549.36,UPI,0.00,0.00,,0.00,0.00,115.49,11433.87
ORD-11420,2026-01-22,CUST-7558,14130.93,NetBanking,0.015,0.00,,211.96,38.15,141.31,13739.51
ORD-11421,2026-01-28,CUST-1581,8519.74,Card,0.02,0.00,,170.39,30.67,85.20,8233.48
ORD-11422,2026-01-27,CUST-3268,8037.10,UPI,0.00,3708.48,2026-01-30,0.00,0.00,80.37,4248.25
ORD-11423,2026-01-14,CUST-5134,2331.25,International Card,0.03,0.00,,69.94,12.59,23.31,2225.41
ORD-11424,2026-01-01,CUST-2963,12648.22,International Card,0.03,0.00,,379.45,68.30,126.48,12073.99
ORD-11425,2026-01-30,CUST-7166,13618.47,UPI,0.00,0.00,,0.00,0.00,136.18,13482.29
ORD-11426,2026-01-03,CUST-9101,10340.98,International Card,0.03,0.00,,310.23,55.84,103.41,9871.50
ORD-11427,2026-01-30,CUST-5607,1019.33,UPI,0.00,0.00,,0.00,0.00,10.19,1009.14
ORD-11428,2026-01-27,CUST-3224,11542.00,Card,0.02,0.00,,230.84,41.55,115.42,11154.19
ORD-11429,2026-01-06,CUST-1837,14540.38,Card,0.02,0.00,,290.81,52.35,145.40,14051.82
ORD-11430,2026-01-05,CUST-5647,8968.90,UPI,0.00,0.00,,0.00,0.00,89.69,8879.21
ORD-11431,2026-01-19,CUST-5357,1863.31,UPI,0.00,0.00,,0.00,0.00,18.63,1844.68
ORD-11432,2026-01-11,CUST-5784,4298.93,UPI,0.00,0.00,,0.00,0.00,42.99,4255.94
ORD-11433,2026-01-23,CUST-1292,13391.45,UPI,0.00,0.00,,0.00,0.00,133.91,13257.54
ORD-11434,2026-01-10,CUST-3374,1384.94,UPI,0.00,197.19,2026-01-14,0.00,0.00,13.85,1173.90
ORD-11435,2026-01-04,CUST-2763,8482.33,UPI,0.00,0.00,,0.00,0.00,84.82,8397.51
ORD-11436,2026-01-05,CUST-5439,11786.16,NetBanking,0.015,0.00,,176.79,31.82,117.86,11459.69
ORD-11437,2026-01-29,CUST-8869,12710.88,Card,0.02,0.00,,254.22,45.76,127.11,12283.79
ORD-11438,2026-01-11,CUST-1028,11929.59,UPI,0.00,0.00,,0.00,0.00,119.30,11810.29
ORD-11439,2026-01-17,CUST-6755,12561.61,UPI,0.00,0.00,,0.00,0.00,125.62,12435.99
ORD-11440,2026-01-02,CUST-4581,1909.49,UPI,0.00,0.00,,0.00,0.00,19.09,1890.40
ORD-11441,2026-01-25,CUST-1614,13045.91,UPI,0.00,0.00,,0.00,0.00,130.46,12915.45
ORD-11442,2026-01-02,CUST-6906,9426.49,Wallet,0.018,0.00,,169.68,30.54,94.26,9132.01
ORD-11443,2026-01-29,CUST-7941,7523.42,UPI,0.00,0.00,,0.00,0.00,75.23,7448.19
ORD-11444,2026-01-19,CUST-4845,2337.66,UPI,0.00,0.00,,0.00,0.00,23.38,2314.28
ORD-11445,2026-01-13,CUST-9128,325.73,Card,0.02,0.00,,6.51,1.17,3.26,314.79
ORD-11446,2026-01-27,CUST-1604,4391.64,NetBanking,0.015,0.00,,65.87,11.86,43.92,4269.99
ORD-11447,2026-01-29,CUST-8320,6169.79,Card,0.02,0.00,,123.40,22.21,61.70,5962.48
ORD-11448,2026-01-06,CUST-6780,8489.72,UPI,0.00,0.00,,0.00,0.00,84.90,8404.82
ORD-11449,2026-01-23,CUST-8846,286.80,UPI,0.00,0.00,,0.00,0.00,2.87,283.93
ORD-11450,2026-01-21,CUST-2069,10660.69,Wallet,0.018,0.00,,191.89,34.54,106.61,10327.65
ORD-11451,2026-01-28,CUST-1519,8620.04,NetBanking,0.015,0.00,,129.30,23.27,86.20,8381.27
ORD-11452,2026-01-15,CUST-1597,1481.97,Card,0.02,0.00,,29.64,5.34,14.82,1432.17
ORD-11453,2026-01-27,CUST-9780,11899.60,UPI,0.00,0.00,,0.00,0.00,119.00,11780.60
ORD-11454,2026-01-15,CUST-5798,1939.03,UPI,0.00,0.00,,0.00,0.00,19.39,1919.64
ORD-11455,2026-01-17,CUST-3855,8095.51,Card,0.02,0.00,,161.91,29.14,80.96,7823.50
ORD-11456,2026-01-11,CUST-4768,7944.64,UPI,0.00,0.00,,0.00,0.00,79.45,7865.19
ORD-11457,2026-01-06,CUST-5311,11772.60,UPI,0.00,0.00,,0.00,0.00,117.73,11654.87
ORD-11458,2026-01-25,CUST-9940,1045.00,Card,0.02,0.00,,20.90,3.76,10.45,1009.89
ORD-11459,2026-01-09,CUST-4671,8934.53,UPI,0.00,0.00,,0.00,0.00,89.35,8845.18
ORD-11460,2026-01-24,CUST-9444,9847.65,Card,0.02,0.00,,196.95,35.45,98.48,9516.77
ORD-11461,2026-01-14,CUST-7691,4430.45,UPI,0.00,0.00,,0.00,0.00,44.30,4386.15
ORD-11462,2026-01-18,CUST-1550,6684.05,NetBanking,0.015,0.00,,100.26,18.05,66.84,6498.90
ORD-11463,2026-01-13,CUST-5409,1225.71,UPI,0.00,0.00,,0.00,0.00,12.26,1213.45
ORD-11464,2026-01-29,CUST-7843,10229.69,UPI,0.00,0.00,,0.00,0.00,102.30,10127.39
ORD-11465,2026-01-06,CUST-2079,4161.49,UPI,0.00,0.00,,0.00,0.00,41.61,4119.88
ORD-11466,2026-01-10,CUST-8982,13405.12,UPI,0.00,0.00,,0.00,0.00,134.05,13271.07
ORD-11467,2026-01-18,CUST-9791,6548.00,Card,0.02,0.00,,130.96,23.57,65.48,6327.99
ORD-11468,2026-01-07,CUST-3653,2197.68,UPI,0.00,0.00,,0.00,0.00,21.98,2175.70
ORD-11469,2026-01-01,CUST-3514,5331.44,Card,0.02,0.00,,106.63,19.19,53.31,5152.31
ORD-11470,2026-01-24,CUST-1789,6039.36,Card,0.02,0.00,,120.79,21.74,60.39,5836.44
ORD-11471,2026-01-24,CUST-6389,13125.00,UPI,0.00,0.00,,0.00,0.00,131.25,12993.75
ORD-11472,2026-01-23,CUST-2231,9579.99,UPI,0.00,0.00,,0.00,0.00,95.80,9484.19
ORD-11473,2026-01-16,CUST-1421,9900.45,UPI,0.00,0.00,,0.00,0.00,99.00,9801.45
ORD-11474,2026-01-11,CUST-2564,10473.15,UPI,0.00,0.00,,0.00,0.00,104.73,10368.42
ORD-11475,2026-01-28,CUST-2308,8243.57,UPI,0.00,0.00,,0.00,0.00,82.44,8161.13
ORD-11476,2026-01-14,CUST-5811,10220.16,NetBanking,0.015,0.00,,153.30,27.59,102.20,9937.07
ORD-11477,2026-01-26,CUST-5480,5461.84,NetBanking,0.015,0.00,,81.93,14.75,54.62,5310.54
ORD-11478,2026-01-30,CUST-9934,257.93,UPI,0.00,0.00,,0.00,0.00,2.58,255.35
ORD-11479,2026-01-14,CUST-4632,12017.57,UPI,0.00,0.00,,0.00,0.00,120.18,11897.39
ORD-11480,2026-01-28,CUST-1556,1658.49,UPI,0.00,0.00,,0.00,0.00,16.58,1641.91
ORD-11481,2026-01-12,CUST-1873,12884.03,UPI,0.00,0.00,,0.00,0.00,128.84,12755.19
ORD-11482,2026-01-30,CUST-7382,3614.87,UPI,0.00,0.00,,0.00,0.00,36.15,3578.72
ORD-11483,2026-01-05,CUST-1486,12448.20,UPI,0.00,0.00,,0.00,0.00,124.48,12323.72
ORD-11484,2026-01-26,CUST-3261,5192.91,UPI,0.00,0.00,,0.00,0.00,51.93,5140.98
ORD-11485,2026-01-30,CUST-1238,7002.56,UPI,0.00,0.00,,0.00,0.00,70.03,6932.53
ORD-11486,2026-01-24,CUST-2667,10033.87,Card,0.02,0.00,,200.68,36.12,100.34,9696.73
ORD-11487,2026-01-29,CUST-9023,14089.03,UPI,0.00,0.00,,0.00,0.00,140.89,13948.14
ORD-11488,2026-01-28,CUST-8714,12955.29,UPI,0.00,0.00,,0.00,0.00,129.55,12825.74
ORD-11489,2026-01-21,CUST-3440,1296.31,International Card,0.03,0.00,,38.89,7.00,12.96,1237.46
ORD-11490,2026-01-09,CUST-3367,4703.75,UPI,0.00,1527.74,2026-01-12,0.00,0.00,47.04,3128.97
ORD-11491,2026-01-06,CUST-4262,7085.04,UPI,0.00,0.00,,0.00,0.00,70.85,7014.19
ORD-11492,2026-01-28,CUST-5677,1154.61,Wallet,0.018,0.00,,20.78,3.74,11.55,1118.54
ORD-11493,2026-01-26,CUST-5109,7897.71,Card,0.02,0.00,,157.95,28.43,78.98,7632.35
ORD-11494,2026-01-04,CUST-8727,7767.82,NetBanking,0.015,3120.35,2026-01-07,116.52,20.97,77.68,4432.30
ORD-11495,2026-01-08,CUST-5521,422.33,UPI,0.00,0.00,,0.00,0.00,4.22,418.11
ORD-11496,2026-01-07,CUST-3001,6506.61,Card,0.02,0.00,,130.13,23.42,65.07,6287.99
ORD-11497,2026-01-28,CUST-7035,13146.26,Wallet,0.018,0.00,,236.63,42.59,131.46,12735.58
ORD-11498,2026-01-16,CUST-9736,8348.07,NetBanking,0.015,0.00,,125.22,22.54,83.48,8116.83
ORD-11499,2026-01-01,CUST-9974,4426.58,Wallet,0.018,0.00,,79.68,14.34,44.27,4288.29
ORD-11500,2026-01-11,CUST-3956,8781.12,Card,0.02,0.00,,175.62,31.61,87.81,8486.08
ORD-11501,2026-01-29,CUST-3170,11868.31,NetBanking,0.015,0.00,,178.02,32.04,118.68,11539.57
ORD-11502,2026-01-08,CUST-7458,2858.92,UPI,0.00,0.00,,0.00,0.00,28.59,2830.33
ORD-11503,2026-01-11,CUST-4091,12151.54,UPI,0.00,0.00,,0.00,0.00,121.52,12030.02
ORD-11504,2026-01-04,CUST-6173,14049.09,Card,0.02,0.00,,280.98,50.58,140.49,13577.04
ORD-11505,2026-01-12,CUST-1801,14633.62,Wallet,0.018,0.00,,263.41,47.41,146.34,14176.46
ORD-11506,2026-01-02,CUST-1349,3119.19,UPI,0.00,0.00,,0.00,0.00,31.19,3088.00
ORD-11507,2026-01-21,CUST-1583,13986.86,UPI,0.00,0.00,,0.00,0.00,139.87,13846.99
ORD-11508,2026-01-08,CUST-4401,13580.88,UPI,0.00,0.00,,0.00,0.00,135.81,13445.07
ORD-11509,2026-01-27,CUST-7772,4474.82,Card,0.02,0.00,,89.50,16.11,44.75,4324.46
ORD-11510,2026-01-18,CUST-3889,11229.57,UPI,0.00,0.00,,0.00,0.00,112.30,11117.27
ORD-11511,2026-01-10,CUST-7902,6843.00,Card,0.02,0.00,,136.86,24.63,68.43,6613.08
ORD-11512,2026-01-26,CUST-5240,10409.39,Card,0.02,0.00,,208.19,37.47,104.09,10059.64
ORD-11513,2026-01-29,CUST-5047,4272.82,Wallet,0.018,0.00,,76.91,13.84,42.73,4139.34
ORD-11514,2026-01-26,CUST-5663,13653.28,Wallet,0.018,0.00,,245.76,44.24,136.53,13226.75
ORD-11515,2026-01-09,CUST-9163,4689.79,UPI,0.00,0.00,,0.00,0.00,46.90,4642.89
ORD-11516,2026-01-16,CUST-9859,4106.84,UPI,0.00,0.00,,0.00,0.00,41.07,4065.77
ORD-11517,2026-01-22,CUST-5922,6633.24,UPI,0.00,0.00,,0.00,0.00,66.33,6566.91
ORD-11518,2026-01-08,CUST-7521,4130.70,Card,0.02,0.00,,82.61,14.87,41.31,3991.91
ORD-11519,2026-01-23,CUST-2155,7089.21,Wallet,0.018,0.00,,127.61,22.97,70.89,6867.74
ORD-11520,2026-01-06,CUST-5491,5501.64,UPI,0.00,0.00,,0.00,0.00,55.02,5446.62
ORD-11521,2026-01-29,CUST-8848,13531.25,Wallet,0.018,0.00,,243.56,43.84,135.31,13108.54
ORD-11522,2026-01-02,CUST-4175,254.11,UPI,0.00,0.00,,0.00,0.00,2.54,251.57
ORD-11523,2026-01-29,CUST-9210,12910.86,Card,0.02,0.00,,258.22,46.48,129.11,12477.05
ORD-11524,2026-01-12,CUST-9190,5472.67,UPI,0.00,0.00,,0.00,0.00,54.73,5417.94
ORD-11525,2026-01-09,CUST-2885,6357.85,Wallet,0.018,0.00,,114.44,20.60,63.58,6159.23
ORD-11526,2026-01-03,CUST-4758,5818.07,Card,0.02,0.00,,116.36,20.94,58.18,5622.59
ORD-11527,2026-01-12,CUST-1869,6296.81,Wallet,0.018,1291.72,2026-01-16,113.34,20.40,62.97,4808.38
ORD-11528,2026-01-28,CUST-7979,8331.54,Card,0.02,0.00,,166.63,29.99,83.32,8051.60
ORD-11529,2026-01-09,CUST-1076,10885.35,NetBanking,0.015,0.00,,163.28,29.39,108.85,10583.83
ORD-11530,2026-01-07,CUST-3873,2105.57,Wallet,0.018,0.00,,37.90,6.82,21.06,2039.79
ORD-11531,2026-01-26,CUST-1244,5864.39,Card,0.02,0.00,,117.29,21.11,58.64,5667.35
ORD-11532,2026-01-09,CUST-9333,10160.52,UPI,0.00,0.00,,0.00,0.00,101.61,10058.91
ORD-11533,2026-01-17,CUST-8325,2375.82,Card,0.02,0.00,,47.52,8.55,23.76,2295.99
ORD-11534,2026-01-16,CUST-9234,6812.23,UPI,0.00,0.00,,0.00,0.00,68.12,6744.11
ORD-11535,2026-01-16,CUST-8631,6321.94,UPI,0.00,0.00,,0.00,0.00,63.22,6258.72
ORD-11536,2026-01-17,CUST-8413,6115.85,Wallet,0.018,0.00,,110.09,19.82,61.16,5924.78
ORD-11537,2026-01-28,CUST-5701,5560.29,Card,0.02,0.00,,111.21,20.02,55.60,5373.46
ORD-11538,2026-01-20,CUST-1745,9104.96,UPI,0.00,0.00,,0.00,0.00,91.05,9013.91
ORD-11539,2026-01-22,CUST-1939,6653.50,Card,0.02,0.00,,133.07,23.95,66.54,6429.94
ORD-11540,2026-01-22,CUST-9853,8141.79,Wallet,0.018,0.00,,146.55,26.38,81.42,7887.44
ORD-11541,2026-01-02,CUST-4414,13185.63,UPI,0.00,0.00,,0.00,0.00,131.86,13053.77
ORD-11542,2026-01-22,CUST-6295,12848.36,NetBanking,0.015,0.00,,192.73,34.69,128.48,12492.46
ORD-11543,2026-01-03,CUST-6221,2562.56,NetBanking,0.015,0.00,,38.44,6.92,25.63,2491.57
ORD-11544,2026-01-18,CUST-7722,10645.23,NetBanking,0.015,0.00,,159.68,28.74,106.45,10350.36
ORD-11545,2026-01-25,CUST-5890,6001.57,UPI,0.00,0.00,,0.00,0.00,60.02,5941.55
ORD-11546,2026-01-24,CUST-5366,8096.61,UPI,0.00,0.00,,0.00,0.00,80.97,8015.64
ORD-11547,2026-01-20,CUST-7265,2668.11,Card,0.02,0.00,,53.36,9.60,26.68,2578.47
ORD-11548,2026-01-27,CUST-7152,13557.62,UPI,0.00,0.00,,0.00,0.00,135.58,13422.04
ORD-11549,2026-01-17,CUST-4621,11152.26,UPI,0.00,0.00,,0.00,0.00,111.52,11040.74
ORD-11550,2026-01-13,CUST-6799,6146.84,UPI,0.00,0.00,,0.00,0.00,61.47,6085.37
ORD-11551,2026-01-04,CUST-5512,243.09,UPI,0.00,0.00,,0.00,0.00,2.43,240.66
ORD-11552,2026-01-04,CUST-5243,9614.78,UPI,0.00,0.00,,0.00,0.00,96.15,9518.63
ORD-11553,2026-01-30,CUST-9593,14952.75,UPI,0.00,0.00,,0.00,0.00,149.53,14803.22
ORD-11554,2026-01-25,CUST-9459,8944.07,UPI,0.00,5065.79,2026-01-28,0.00,0.00,89.44,3788.84
ORD-11555,2026-01-25,CUST-8522,10996.92,UPI,0.00,0.00,,0.00,0.00,109.97,10886.95
ORD-11556,2026-01-25,CUST-9808,13962.08,UPI,0.00,0.00,,0.00,0.00,139.62,13822.46
ORD-11557,2026-01-18,CUST-7287,12079.31,UPI,0.00,0.00,,0.00,0.00,120.79,11958.52
ORD-11558,2026-01-26,CUST-2423,424.58,UPI,0.00,0.00,,0.00,0.00,4.25,420.33
ORD-11559,2026-01-29,CUST-7766,9094.17,UPI,0.00,0.00,,0.00,0.00,90.94,9003.23
ORD-11560,2026-01-27,CUST-3402,7921.80,UPI,0.00,4645.98,2026-01-28,0.00,0.00,79.22,3196.60
ORD-11561,2026-01-10,CUST-7236,2902.85,Card,0.02,0.00,,58.06,10.45,29.03,2805.31
ORD-11562,2026-01-17,CUST-2695,6220.98,UPI,0.00,0.00,,0.00,0.00,62.21,6158.77
ORD-11563,2026-01-19,CUST-9855,8933.89,UPI,0.00,0.00,,0.00,0.00,89.34,8844.55
ORD-11564,2026-01-10,CUST-8464,14919.99,UPI,0.00,0.00,,0.00,0.00,149.20,14770.79
ORD-11565,2026-01-01,CUST-4088,838.92,UPI,0.00,0.00,,0.00,0.00,8.39,830.53
ORD-11566,2026-01-29,CUST-8377,9882.60,UPI,0.00,0.00,,0.00,0.00,98.83,9783.77
ORD-11567,2026-01-12,CUST-1973,14393.56,Card,0.02,0.00,,287.87,51.82,143.94,13909.93
ORD-11568,2026-01-07,CUST-4129,10028.69,UPI,0.00,0.00,,0.00,0.00,100.29,9928.40
ORD-11569,2026-01-28,CUST-2181,3338.26,UPI,0.00,0.00,,0.00,0.00,33.38,3304.88
ORD-11570,2026-01-21,CUST-6939,11857.62,UPI,0.00,0.00,,0.00,0.00,118.58,11739.04
ORD-11571,2026-01-07,CUST-9283,1876.39,Card,0.02,0.00,,37.53,6.76,18.76,1813.34
ORD-11572,2026-01-22,CUST-5537,1420.01,Card,0.02,0.00,,28.40,5.11,14.20,1372.30
ORD-11573,2026-01-25,CUST-8741,2750.77,Card,0.02,0.00,,55.02,9.90,27.51,2658.34
ORD-11574,2026-01-08,CUST-7981,8001.78,Card,0.02,4472.03,2026-01-09,160.04,28.81,80.02,3260.88
ORD-11575,2026-01-09,CUST-6958,11096.56,Card,0.02,0.00,,221.93,39.95,110.97,10723.71
ORD-11576,2026-01-21,CUST-1179,886.76,Card,0.02,0.00,,17.74,3.19,8.87,856.96
ORD-11577,2026-01-06,CUST-5460,1341.74,UPI,0.00,0.00,,0.00,0.00,13.42,1328.32
ORD-11578,2026-01-28,CUST-5830,4351.81,NetBanking,0.015,0.00,,65.28,11.75,43.52,4231.26
ORD-11579,2026-01-19,CUST-9298,4913.09,Card,0.02,0.00,,98.26,17.69,49.13,4748.01
ORD-11580,2026-01-20,CUST-1865,1237.50,NetBanking,0.015,0.00,,18.56,3.34,12.38,1203.22
ORD-11581,2026-01-19,CUST-6192,9243.15,Card,0.02,0.00,,184.86,33.27,92.43,8932.59
ORD-11582,2026-01-14,CUST-2879,13593.44,NetBanking,0.015,0.00,,203.90,36.70,135.93,13216.91
ORD-11583,2026-01-21,CUST-2754,5474.58,UPI,0.00,0.00,,0.00,0.00,54.75,5419.83
ORD-11584,2026-01-14,CUST-6392,14725.42,UPI,0.00,0.00,,0.00,0.00,147.25,14578.17
ORD-11585,2026-01-04,CUST-3377,7274.39,UPI,0.00,0.00,,0.00,0.00,72.74,7201.65
ORD-11586,2026-01-25,CUST-7576,3970.56,Wallet,0.018,0.00,,71.47,12.86,39.71,3846.52
ORD-11587,2026-01-18,CUST-2717,11411.72,NetBanking,0.015,0.00,,171.18,30.81,114.12,11095.61
ORD-11588,2026-01-04,CUST-8986,7089.48,UPI,0.00,0.00,,0.00,0.00,70.89,7018.59
ORD-11589,2026-01-15,CUST-6769,1424.53,Wallet,0.018,0.00,,25.64,4.62,14.25,1380.02
ORD-11590,2026-01-05,CUST-1886,6691.45,Card,0.02,0.00,,133.83,24.09,66.91,6466.62
ORD-11591,2026-01-07,CUST-8727,1254.62,NetBanking,0.015,0.00,,18.82,3.39,12.55,1219.86
ORD-11592,2026-01-27,CUST-5298,1789.73,UPI,0.00,669.93,2026-01-30,0.00,0.00,17.90,1101.90
ORD-11593,2026-01-14,CUST-1906,8203.21,Wallet,0.018,0.00,,147.66,26.58,82.03,7946.94
ORD-11594,2026-01-29,CUST-8939,8628.25,UPI,0.00,0.00,,0.00,0.00,86.28,8541.97
ORD-11595,2026-01-01,CUST-4081,8249.39,UPI,0.00,0.00,,0.00,0.00,82.49,8166.90
ORD-11596,2026-01-03,CUST-3933,13058.26,Card,0.02,0.00,,261.17,47.01,130.58,12619.50
ORD-11597,2026-01-24,CUST-2741,13602.62,UPI,0.00,0.00,,0.00,0.00,136.03,13466.59
ORD-11598,2026-01-27,CUST-9282,7305.60,UPI,0.00,0.00,,0.00,0.00,73.06,7232.54
ORD-11599,2026-01-04,CUST-8928,13732.24,UPI,0.00,0.00,,0.00,0.00,137.32,13594.92
ORD-11600,2026-01-10,CUST-9378,8374.60,UPI,0.00,3853.88,2026-01-12,0.00,0.00,83.75,4436.97
ORD-11601,2026-01-09,CUST-9330,5021.54,NetBanking,0.015,0.00,,75.32,13.56,50.22,4882.44
ORD-11602,2026-01-22,CUST-9759,11224.01,UPI,0.00,3636.32,2026-01-28,0.00,0.00,112.24,7475.45
ORD-11603,2026-01-15,CUST-5537,14465.96,Card,0.02,4558.05,2026-01-19,289.32,52.08,144.66,9421.85
ORD-11604,2026-01-17,CUST-4988,1599.43,Card,0.02,0.00,,31.99,5.76,15.99,1545.69
ORD-11605,2026-01-06,CUST-9652,2279.39,Card,0.02,0.00,,45.59,8.21,22.79,2202.80
ORD-11606,2026-01-30,CUST-8600,13929.58,Wallet,0.018,0.00,,250.73,45.13,139.30,13494.42
ORD-11607,2026-01-12,CUST-2751,1354.31,UPI,0.00,0.00,,0.00,0.00,13.54,1340.77
ORD-11608,2026-01-10,CUST-7889,13457.73,Card,0.02,0.00,,269.15,48.45,134.58,13005.55
ORD-11609,2026-01-18,CUST-6121,12063.97,Card,0.02,0.00,,241.28,43.43,120.64,11658.62
ORD-11610,2026-01-29,CUST-5939,1265.32,UPI,0.00,0.00,,0.00,0.00,12.65,1252.67
ORD-11611,2026-01-18,CUST-1976,661.96,Wallet,0.018,0.00,,11.92,2.15,6.62,641.27
ORD-11612,2026-01-16,CUST-7282,5566.23,UPI,0.00,0.00,,0.00,0.00,55.66,5510.57
ORD-11613,2026-01-22,CUST-5183,14243.96,UPI,0.00,0.00,,0.00,0.00,142.44,14101.52
ORD-11614,2026-01-25,CUST-4644,3276.09,NetBanking,0.015,0.00,,49.14,8.85,32.76,3185.34
ORD-11615,2026-01-29,CUST-4614,2999.25,Card,0.02,0.00,,59.99,10.80,29.99,2898.47
ORD-11616,2026-01-09,CUST-5332,1032.45,UPI,0.00,0.00,,0.00,0.00,10.32,1022.13
ORD-11617,2026-01-16,CUST-8939,4173.80,Card,0.02,0.00,,83.48,15.03,41.74,4033.55
ORD-11618,2026-01-16,CUST-2845,5377.09,UPI,0.00,0.00,,0.00,0.00,53.77,5323.32
ORD-11619,2026-01-03,CUST-2509,7167.62,Card,0.02,0.00,,143.35,25.80,71.68,6926.79
ORD-11620,2026-01-05,CUST-8714,7545.17,UPI,0.00,0.00,,0.00,0.00,75.45,7469.72
ORD-11621,2026-01-04,CUST-5242,14776.95,Wallet,0.018,0.00,,265.99,47.88,147.77,14315.31
ORD-11622,2026-01-26,CUST-1667,6916.93,UPI,0.00,0.00,,0.00,0.00,69.17,6847.76
ORD-11623,2026-01-17,CUST-7823,5723.47,UPI,0.00,0.00,,0.00,0.00,57.23,5666.24
ORD-11624,2026-01-29,CUST-2025,7883.61,UPI,0.00,0.00,,0.00,0.00,78.84,7804.77
ORD-11625,2026-01-13,CUST-2848,4092.78,UPI,0.00,0.00,,0.00,0.00,40.93,4051.85
ORD-11626,2026-01-13,CUST-2298,10314.83,Card,0.02,0.00,,206.30,37.13,103.15,9968.25
ORD-11627,2026-01-22,CUST-6969,12651.83,Card,0.02,0.00,,253.04,45.55,126.52,12226.72
ORD-11628,2026-01-01,CUST-8690,4436.63,UPI,0.00,0.00,,0.00,0.00,44.37,4392.26
ORD-11629,2026-01-29,CUST-3666,12226.67,UPI,0.00,5438.66,2026-01-30,0.00,0.00,122.27,6665.74
ORD-11630,2026-01-18,CUST-6899,8671.63,UPI,0.00,0.00,,0.00,0.00,86.72,8584.91
ORD-11631,2026-01-04,CUST-8226,10110.25,Wallet,0.018,0.00,,181.98,32.76,101.10,9794.41
ORD-11632,2026-01-17,CUST-3982,6477.94,UPI,0.00,0.00,,0.00,0.00,64.78,6413.16
ORD-11633,2026-01-21,CUST-9146,7381.78,UPI,0.00,0.00,,0.00,0.00,73.82,7307.96
ORD-11634,2026-01-29,CUST-1671,10768.96,UPI,0.00,0.00,,0.00,0.00,107.69,10661.27
ORD-11635,2026-01-26,CUST-2074,8403.65,UPI,0.00,0.00,,0.00,0.00,84.04,8319.61
ORD-11636,2026-01-10,CUST-7327,10604.28,UPI,0.00,0.00,,0.00,0.00,106.04,10498.24
ORD-11637,2026-01-26,CUST-5608,13471.85,UPI,0.00,0.00,,0.00,0.00,134.72,13337.13
ORD-11638,2026-01-01,CUST-5284,13694.96,Card,0.02,0.00,,273.90,49.30,136.95,13234.81
ORD-11639,2026-01-18,CUST-2754,14343.46,Card,0.02,0.00,,286.87,51.64,143.43,13861.52
ORD-11640,2026-01-09,CUST-7806,2689.52,NetBanking,0.015,0.00,,40.34,7.26,26.90,2615.02
ORD-11641,2026-01-26,CUST-6241,4164.53,Card,0.02,0.00,,83.29,14.99,41.65,4024.60
ORD-11642,2026-01-15,CUST-2782,9194.89,UPI,0.00,0.00,,0.00,0.00,91.95,9102.94
ORD-11643,2026-01-19,CUST-4757,7295.93,UPI,0.00,0.00,,0.00,0.00,72.96,7222.97
ORD-11644,2026-01-14,CUST-5239,8449.95,NetBanking,0.015,0.00,,126.75,22.82,84.50,8215.88
ORD-11645,2026-01-19,CUST-2446,5145.32,NetBanking,0.015,2754.80,2026-01-20,77.18,13.89,51.45,2248.00
ORD-11646,2026-01-16,CUST-1864,7558.08,Card,0.02,4049.44,2026-01-21,151.16,27.21,75.58,3254.69
ORD-11647,2026-01-27,CUST-5659,2246.03,UPI,0.00,0.00,,0.00,0.00,22.46,2223.57
ORD-11648,2026-01-13,CUST-4041,6429.27,Wallet,0.018,0.00,,115.73,20.83,64.29,6228.42
ORD-11649,2026-01-28,CUST-3750,6079.91,UPI,0.00,0.00,,0.00,0.00,60.80,6019.11
ORD-11650,2026-01-18,CUST-2631,1359.41,UPI,0.00,0.00,,0.00,0.00,13.59,1345.82
ORD-11651,2026-01-28,CUST-8804,10097.55,UPI,0.00,0.00,,0.00,0.00,100.98,9996.57
ORD-11652,2026-01-01,CUST-7264,2120.79,Card,0.02,0.00,,42.42,7.64,21.21,2049.52
ORD-11653,2026-01-04,CUST-7655,9179.00,Wallet,0.018,0.00,,165.22,29.74,91.79,8892.25
ORD-11654,2026-01-21,CUST-4574,14431.71,Card,0.02,0.00,,288.63,51.95,144.32,13946.81
ORD-11655,2026-01-20,CUST-8209,3740.32,Card,0.02,0.00,,74.81,13.47,37.40,3614.64
ORD-11656,2026-01-19,CUST-7249,8493.16,Card,0.02,0.00,,169.86,30.57,84.93,8207.80
ORD-11657,2026-01-03,CUST-6873,8304.72,Card,0.02,0.00,,166.09,29.90,83.05,8025.68
ORD-11658,2026-01-21,CUST-6778,12571.85,UPI,0.00,0.00,,0.00,0.00,125.72,12446.13
ORD-11659,2026-01-21,CUST-5262,3097.04,NetBanking,0.015,0.00,,46.46,8.36,30.97,3011.25
ORD-11660,2026-01-25,CUST-7616,13148.48,Card,0.02,0.00,,262.97,47.33,131.48,12706.70
ORD-11661,2026-01-09,CUST-7633,14427.75,UPI,0.00,0.00,,0.00,0.00,144.28,14283.47
ORD-11662,2026-01-04,CUST-3397,9135.42,UPI,0.00,0.00,,0.00,0.00,91.35,9044.07
ORD-11663,2026-01-24,CUST-7883,12862.72,UPI,0.00,0.00,,0.00,0.00,128.63,12734.09
ORD-11664,2026-01-25,CUST-5268,3649.06,Card,0.02,0.00,,72.98,13.14,36.49,3526.45
ORD-11665,2026-01-14,CUST-4872,4531.54,UPI,0.00,0.00,,0.00,0.00,45.32,4486.22
ORD-11666,2026-01-08,CUST-5261,11050.66,UPI,0.00,0.00,,0.00,0.00,110.51,10940.15
ORD-11667,2026-01-24,CUST-1544,11245.44,UPI,0.00,0.00,,0.00,0.00,112.45,11132.99
ORD-11668,2026-01-27,CUST-7780,7423.95,Card,0.02,0.00,,148.48,26.73,74.24,7174.50
ORD-11669,2026-01-19,CUST-3708,10857.50,Card,0.02,0.00,,217.15,39.09,108.58,10492.68
ORD-11670,2026-01-12,CUST-5088,5867.47,UPI,0.00,0.00,,0.00,0.00,58.67,5808.80
ORD-11671,2026-01-01,CUST-5299,3041.84,NetBanking,0.015,0.00,,45.63,8.21,30.42,2957.58
ORD-11672,2026-01-18,CUST-5784,1939.85,International Card,0.03,0.00,,58.20,10.48,19.40,1851.77
ORD-11673,2026-01-03,CUST-8192,11075.79,UPI,0.00,0.00,,0.00,0.00,110.76,10965.03
ORD-11674,2026-01-18,CUST-8028,4825.65,Wallet,0.018,0.00,,86.86,15.63,48.26,4674.90
ORD-11675,2026-01-07,CUST-7142,9446.97,UPI,0.00,0.00,,0.00,0.00,94.47,9352.50
ORD-11676,2026-01-11,CUST-3484,2846.85,Wallet,0.018,0.00,,51.24,9.22,28.47,2757.92
ORD-11677,2026-01-27,CUST-4983,6836.44,UPI,0.00,0.00,,0.00,0.00,68.36,6768.08
ORD-11678,2026-01-27,CUST-7839,8574.77,UPI,0.00,0.00,,0.00,0.00,85.75,8489.02
ORD-11679,2026-01-25,CUST-4285,9828.98,NetBanking,0.015,0.00,,147.43,26.54,98.29,9556.72
ORD-11680,2026-01-18,CUST-7182,8737.87,UPI,0.00,0.00,,0.00,0.00,87.38,8650.49
ORD-11681,2026-01-14,CUST-3114,12600.52,NetBanking,0.015,0.00,,189.01,34.02,126.01,12251.48
ORD-11682,2026-01-18,CUST-3284,2105.46,Card,0.02,0.00,,42.11,7.58,21.05,2034.72
ORD-11683,2026-01-13,CUST-5648,6686.82,UPI,0.00,0.00,,0.00,0.00,66.87,6619.95
ORD-11684,2026-01-17,CUST-4683,7356.13,Card,0.02,0.00,,147.12,26.48,73.56,7108.97
ORD-11685,2026-01-18,CUST-5218,1284.03,NetBanking,0.015,0.00,,19.26,3.47,12.84,1248.46
ORD-11686,2026-01-17,CUST-7403,1830.55,Card,0.02,0.00,,36.61,6.59,18.31,1769.04
ORD-11687,2026-01-30,CUST-5102,10947.60,NetBanking,0.015,0.00,,164.21,29.56,109.48,10644.35
ORD-11688,2026-01-30,CUST-7034,9713.47,Card,0.02,0.00,,194.27,34.97,97.13,9387.10
ORD-11689,2026-01-15,CUST-7476,11592.63,Card,0.02,0.00,,231.85,41.73,115.93,11203.12
ORD-11690,2026-01-11,CUST-1209,7860.92,Card,0.02,0.00,,157.22,28.30,78.61,7596.79
ORD-11691,2026-01-29,CUST-2284,1288.74,UPI,0.00,0.00,,0.00,0.00,12.89,1275.85
ORD-11692,2026-01-07,CUST-3787,9300.56,UPI,0.00,0.00,,0.00,0.00,93.01,9207.55
ORD-11693,2026-01-07,CUST-1849,11258.92,UPI,0.00,0.00,,0.00,0.00,112.59,11146.33
ORD-11694,2026-01-01,CUST-1329,11127.60,UPI,0.00,0.00,,0.00,0.00,111.28,11016.32
ORD-11695,2026-01-11,CUST-5238,2077.29,UPI,0.00,0.00,,0.00,0.00,20.77,2056.52
ORD-11696,2026-01-16,CUST-4235,4116.81,Card,0.02,0.00,,82.34,14.82,41.17,3978.48
ORD-11697,2026-01-14,CUST-8770,8493.90,Card,0.02,0.00,,169.88,30.58,84.94,8208.50
ORD-11698,2026-01-19,CUST-5782,296.58,UPI,0.00,43.30,2026-01-20,0.00,0.00,2.97,250.31
ORD-11699,2026-01-14,CUST-1502,3708.64,UPI,0.00,0.00,,0.00,0.00,37.09,3671.55
ORD-11700,2026-01-05,CUST-2050,10489.82,UPI,0.00,0.00,,0.00,0.00,104.90,10384.92
ORD-11701,2026-01-19,CUST-2329,6229.26,UPI,0.00,0.00,,0.00,0.00,62.29,6166.97
ORD-11702,2026-01-16,CUST-6084,13939.37,UPI,0.00,0.00,,0.00,0.00,139.39,13799.98
ORD-11703,2026-01-17,CUST-6302,7047.78,NetBanking,0.015,0.00,,105.72,19.03,70.48,6852.55
ORD-11704,2026-01-11,CUST-2160,12190.07,UPI,0.00,0.00,,0.00,0.00,121.90,12068.17
ORD-11705,2026-01-21,CUST-5635,8781.55,UPI,0.00,0.00,,0.00,0.00,87.82,8693.73
ORD-11706,2026-01-24,CUST-9370,7058.19,Card,0.02,0.00,,141.16,25.41,70.58,6821.04
ORD-11707,2026-01-12,CUST-2212,4679.08,Card,0.02,0.00,,93.58,16.84,46.79,4521.87
ORD-11708,2026-01-09,CUST-6283,2097.18,UPI,0.00,0.00,,0.00,0.00,20.97,2076.21
ORD-11709,2026-01-29,CUST-6137,13398.94,UPI,0.00,0.00,,0.00,0.00,133.99,13264.95
ORD-11710,2026-01-08,CUST-2292,5994.75,Card,0.02,0.00,,119.90,21.58,59.95,5793.32
ORD-11711,2026-01-17,CUST-9625,4381.60,UPI,0.00,0.00,,0.00,0.00,43.82,4337.78
ORD-11712,2026-01-15,CUST-5182,7657.55,Card,0.02,0.00,,153.15,27.57,76.58,7400.25
ORD-11713,2026-01-16,CUST-9953,3601.13,Card,0.02,0.00,,72.02,12.96,36.01,3480.14
ORD-11714,2026-01-14,CUST-7818,6672.74,Wallet,0.018,0.00,,120.11,21.62,66.73,6464.28
ORD-11715,2026-01-04,CUST-3328,9649.14,UPI,0.00,0.00,,0.00,0.00,96.49,9552.65
ORD-11716,2026-01-23,CUST-2234,12815.97,UPI,0.00,0.00,,0.00,0.00,128.16,12687.81
ORD-11717,2026-01-27,CUST-7034,4101.36,Wallet,0.018,0.00,,73.82,13.29,41.01,3973.24
ORD-11718,2026-01-27,CUST-2331,3210.51,UPI,0.00,0.00,,0.00,0.00,32.11,3178.40
ORD-11719,2026-01-25,CUST-8126,4099.41,UPI,0.00,0.00,,0.00,0.00,40.99,4058.42
ORD-11720,2026-01-09,CUST-3793,4865.21,UPI,0.00,0.00,,0.00,0.00,48.65,4816.56
ORD-11721,2026-01-28,CUST-6467,12847.62,UPI,0.00,2717.85,2026-01-29,0.00,0.00,128.48,10001.29
ORD-11722,2026-01-19,CUST-6947,7321.58,UPI,0.00,0.00,,0.00,0.00,73.22,7248.36
ORD-11723,2026-01-27,CUST-4424,9868.69,UPI,0.00,0.00,,0.00,0.00,98.69,9770.00
ORD-11724,2026-01-18,CUST-7032,8206.60,Card,0.02,0.00,,164.13,29.54,82.07,7930.86
ORD-11725,2026-01-03,CUST-3314,5172.00,Card,0.02,0.00,,103.44,18.62,51.72,4998.22
ORD-11726,2026-01-20,CUST-8902,3251.80,NetBanking,0.015,0.00,,48.78,8.78,32.52,3161.72
ORD-11727,2026-01-01,CUST-7884,13606.58,NetBanking,0.015,0.00,,204.10,36.74,136.07,13229.67
ORD-11728,2026-01-09,CUST-8485,3701.21,Card,0.02,0.00,,74.02,13.32,37.01,3576.86
ORD-11729,2026-01-24,CUST-1716,9295.21,NetBanking,0.015,0.00,,139.43,25.10,92.95,9037.73
ORD-11730,2026-01-07,CUST-4037,9757.24,UPI,0.00,0.00,,0.00,0.00,97.57,9659.67
ORD-11731,2026-01-19,CUST-1233,6275.74,UPI,0.00,0.00,,0.00,0.00,62.76,6212.98
ORD-11732,2026-01-11,CUST-1889,4490.23,UPI,0.00,0.00,,0.00,0.00,44.90,4445.33
ORD-11733,2026-01-25,CUST-1731,14602.54,UPI,0.00,0.00,,0.00,0.00,146.03,14456.51
ORD-11734,2026-01-09,CUST-9326,9075.63,Card,0.02,0.00,,181.51,32.67,90.76,8770.69
ORD-11735,2026-01-08,CUST-6008,8125.72,UPI,0.00,0.00,,0.00,0.00,81.26,8044.46
ORD-11736,2026-01-20,CUST-8171,5951.76,UPI,0.00,0.00,,0.00,0.00,59.52,5892.24
ORD-11737,2026-01-26,CUST-4088,7786.24,Card,0.02,0.00,,155.72,28.03,77.86,7524.63
ORD-11738,2026-01-03,CUST-8313,4885.72,UPI,0.00,0.00,,0.00,0.00,48.86,4836.86
ORD-11739,2026-01-09,CUST-9090,12064.31,UPI,0.00,0.00,,0.00,0.00,120.64,11943.67
ORD-11740,2026-01-28,CUST-4430,10649.66,UPI,0.00,0.00,,0.00,0.00,106.50,10543.16
ORD-11741,2026-01-20,CUST-8145,5003.40,Card,0.02,0.00,,100.07,18.01,50.03,4835.29
ORD-11742,2026-01-12,CUST-1242,4781.48,UPI,0.00,0.00,,0.00,0.00,47.81,4733.67
ORD-11743,2026-01-28,CUST-9494,12124.00,Card,0.02,0.00,,242.48,43.65,121.24,11716.63
ORD-11744,2026-01-15,CUST-1646,234.74,UPI,0.00,0.00,,0.00,0.00,2.35,232.39
ORD-11745,2026-01-23,CUST-7572,1883.68,UPI,0.00,0.00,,0.00,0.00,18.84,1864.84
ORD-11746,2026-01-12,CUST-2374,2841.07,UPI,0.00,0.00,,0.00,0.00,28.41,2812.66
ORD-11747,2026-01-04,CUST-2690,9502.45,UPI,0.00,0.00,,0.00,0.00,95.02,9407.43
ORD-11748,2026-01-04,CUST-7852,4997.20,Wallet,0.018,1611.86,2026-01-07,89.95,16.19,49.97,3229.23
ORD-11749,2026-01-13,CUST-1444,5518.22,UPI,0.00,0.00,,0.00,0.00,55.18,5463.04
ORD-11750,2026-01-10,CUST-5008,2626.02,UPI,0.00,0.00,,0.00,0.00,26.26,2599.76
ORD-11751,2026-01-30,CUST-1493,11888.47,Card,0.02,0.00,,237.77,42.80,118.88,11489.02
ORD-11752,2026-01-19,CUST-5761,9124.61,UPI,0.00,0.00,,0.00,0.00,91.25,9033.36
ORD-11753,2026-01-16,CUST-5190,12507.29,UPI,0.00,6746.94,2026-01-19,0.00,0.00,125.07,5635.28
ORD-11754,2026-01-24,CUST-1755,14732.20,NetBanking,0.015,0.00,,220.98,39.78,147.32,14324.12
ORD-11755,2026-01-23,CUST-5060,10387.30,Card,0.02,0.00,,207.75,37.40,103.87,10038.28
ORD-11756,2026-01-05,CUST-8130,1448.94,UPI,0.00,170.90,2026-01-08,0.00,0.00,14.49,1263.55
ORD-11757,2026-01-29,CUST-1560,13841.55,Card,0.02,0.00,,276.83,49.83,138.42,13376.47
ORD-11758,2026-01-15,CUST-2461,3165.03,UPI,0.00,0.00,,0.00,0.00,31.65,3133.38
ORD-11759,2026-01-08,CUST-3515,7345.59,UPI,0.00,0.00,,0.00,0.00,73.46,7272.13
ORD-11760,2026-01-29,CUST-2287,12611.60,Card,0.02,0.00,,252.23,45.40,126.12,12187.85
ORD-11761,2026-01-12,CUST-7922,4859.65,UPI,0.00,0.00,,0.00,0.00,48.60,4811.05
ORD-11762,2026-01-16,CUST-8416,10638.54,Card,0.02,0.00,,212.77,38.30,106.39,10281.08
ORD-11763,2026-01-11,CUST-7364,14867.64,UPI,0.00,0.00,,0.00,0.00,148.68,14718.96
ORD-11764,2026-01-20,CUST-1815,12351.96,UPI,0.00,0.00,,0.00,0.00,123.52,12228.44
ORD-11765,2026-01-02,CUST-5867,12676.95,UPI,0.00,0.00,,0.00,0.00,126.77,12550.18
ORD-11766,2026-01-23,CUST-6319,7203.56,Card,0.02,0.00,,144.07,25.93,72.04,6961.52
ORD-11767,2026-01-21,CUST-6353,7568.46,NetBanking,0.015,0.00,,113.53,20.44,75.68,7358.81
ORD-11768,2026-01-29,CUST-2384,3605.25,UPI,0.00,0.00,,0.00,0.00,36.05,3569.20
ORD-11769,2026-01-29,CUST-8238,12130.23,UPI,0.00,0.00,,0.00,0.00,121.30,12008.93
ORD-11770,2026-01-10,CUST-9664,11956.89,UPI,0.00,0.00,,0.00,0.00,119.57,11837.32
ORD-11771,2026-01-15,CUST-3970,14601.07,Wallet,0.018,0.00,,262.82,47.31,146.01,14144.93
ORD-11772,2026-01-18,CUST-1025,10634.94,UPI,0.00,0.00,,0.00,0.00,106.35,10528.59
ORD-11773,2026-01-15,CUST-6154,7179.81,Card,0.02,0.00,,143.60,25.85,71.80,6938.56
ORD-11774,2026-01-19,CUST-8192,10647.06,Wallet,0.018,0.00,,191.65,34.50,106.47,10314.44
ORD-11775,2026-01-28,CUST-6957,2911.33,Card,0.02,0.00,,58.23,10.48,29.11,2813.51
ORD-11776,2026-01-07,CUST-4395,4005.35,Wallet,0.018,0.00,,72.10,12.98,40.05,3880.22
ORD-11777,2026-01-05,CUST-7071,419.87,UPI,0.00,0.00,,0.00,0.00,4.20,415.67
ORD-11778,2026-01-17,CUST-8507,8645.84,UPI,0.00,0.00,,0.00,0.00,86.46,8559.38
ORD-11779,2026-01-26,CUST-6756,5101.88,UPI,0.00,0.00,,0.00,0.00,51.02,5050.86
ORD-11780,2026-01-28,CUST-5942,8086.57,Wallet,0.018,0.00,,145.56,26.20,80.87,7833.94
ORD-11781,2026-01-27,CUST-5027,3364.26,UPI,0.00,0.00,,0.00,0.00,33.64,3330.62
ORD-11782,2026-01-16,CUST-6938,14268.97,Card,0.02,0.00,,285.38,51.37,142.69,13789.53
ORD-11783,2026-01-04,CUST-5853,12967.59,UPI,0.00,0.00,,0.00,0.00,129.68,12837.91
ORD-11784,2026-01-06,CUST-7474,4938.76,Wallet,0.018,0.00,,88.90,16.00,49.39,4784.47
ORD-11785,2026-01-28,CUST-5349,1879.24,UPI,0.00,0.00,,0.00,0.00,18.79,1860.45
ORD-11786,2026-01-12,CUST-2421,5915.11,Wallet,0.018,0.00,,106.47,19.16,59.15,5730.33
ORD-11787,2026-01-10,CUST-5408,7523.46,Card,0.02,0.00,,150.47,27.08,75.23,7270.68
ORD-11788,2026-01-14,CUST-3575,11839.95,UPI,0.00,0.00,,0.00,0.00,118.40,11721.55
ORD-11789,2026-01-04,CUST-1065,11020.32,UPI,0.00,0.00,,0.00,0.00,110.20,10910.12
ORD-11790,2026-01-25,CUST-7255,4491.81,Card,0.02,0.00,,89.84,16.17,44.92,4340.88
ORD-11791,2026-01-09,CUST-5419,4392.79,UPI,0.00,0.00,,0.00,0.00,43.93,4348.86
ORD-11792,2026-01-26,CUST-8032,13036.85,UPI,0.00,0.00,,0.00,0.00,130.37,12906.48
ORD-11793,2026-01-02,CUST-7629,14569.39,UPI,0.00,0.00,,0.00,0.00,145.69,14423.70
ORD-11794,2026-01-05,CUST-1264,10426.08,UPI,0.00,0.00,,0.00,0.00,104.26,10321.82
ORD-11795,2026-01-29,CUST-6692,9743.87,UPI,0.00,0.00,,0.00,0.00,97.44,9646.43
ORD-11796,2026-01-26,CUST-5549,4695.11,Wallet,0.018,0.00,,84.51,15.21,46.95,4548.44
ORD-11797,2026-01-25,CUST-7065,12392.27,UPI,0.00,0.00,,0.00,0.00,123.92,12268.35
ORD-11798,2026-01-24,CUST-5677,6153.96,Card,0.02,0.00,,123.08,22.15,61.54,5947.19
ORD-11799,2026-01-02,CUST-8640,6425.33,UPI,0.00,0.00,,0.00,0.00,64.25,6361.08
ORD-11800,2026-01-07,CUST-9245,973.58,Card,0.02,0.00,,19.47,3.50,9.74,940.87
ORD-11801,2026-01-27,CUST-7976,12277.30,NetBanking,0.015,0.00,,184.16,33.15,122.77,11937.22
ORD-11802,2026-01-23,CUST-3939,13663.96,International Card,0.03,0.00,,409.92,73.79,136.64,13043.61
ORD-11803,2026-01-11,CUST-1340,1034.74,NetBanking,0.015,0.00,,15.52,2.79,10.35,1006.08
ORD-11804,2026-01-11,CUST-6202,3512.51,UPI,0.00,0.00,,0.00,0.00,35.13,3477.38
ORD-11805,2026-01-24,CUST-9720,14054.66,UPI,0.00,0.00,,0.00,0.00,140.55,13914.11
ORD-11806,2026-01-28,CUST-7981,6045.86,UPI,0.00,0.00,,0.00,0.00,60.46,5985.40
ORD-11807,2026-01-17,CUST-3775,8819.53,Card,0.02,0.00,,176.39,31.75,88.20,8523.19
ORD-11808,2026-01-06,CUST-1890,6229.60,Wallet,0.018,0.00,,112.13,20.18,62.30,6034.99
ORD-11809,2026-01-05,CUST-2369,3975.29,UPI,0.00,0.00,,0.00,0.00,39.75,3935.54
ORD-11810,2026-01-02,CUST-2894,2533.38,UPI,0.00,0.00,,0.00,0.00,25.33,2508.05
ORD-11811,2026-01-05,CUST-9592,5631.57,UPI,0.00,0.00,,0.00,0.00,56.32,5575.25
ORD-11812,2026-01-15,CUST-1267,10953.75,Wallet,0.018,0.00,,197.17,35.49,109.54,10611.55
ORD-11813,2026-01-02,CUST-3822,3888.22,UPI,0.00,0.00,,0.00,0.00,38.88,3849.34
ORD-11814,2026-01-25,CUST-2257,14636.67,Card,0.02,0.00,,292.73,52.69,146.37,14144.88
ORD-11815,2026-01-20,CUST-9910,4836.48,UPI,0.00,0.00,,0.00,0.00,48.36,4788.12
ORD-11816,2026-01-30,CUST-3911,8310.72,Card,0.02,0.00,,166.21,29.92,83.11,8031.48
ORD-11817,2026-01-04,CUST-2109,2459.34,Card,0.02,0.00,,49.19,8.85,24.59,2376.71
ORD-11818,2026-01-24,CUST-3956,6908.27,Card,0.02,0.00,,138.17,24.87,69.08,6676.15
ORD-11819,2026-01-05,CUST-9676,800.82,UPI,0.00,0.00,,0.00,0.00,8.01,792.81
ORD-11820,2026-01-28,CUST-8675,10799.00,UPI,0.00,0.00,,0.00,0.00,107.99,10691.01
ORD-11821,2026-01-26,CUST-2151,3310.60,UPI,0.00,0.00,,0.00,0.00,33.11,3277.49
ORD-11822,2026-01-12,CUST-9402,406.45,Card,0.02,0.00,,8.13,1.46,4.06,392.80
ORD-11823,2026-01-16,CUST-8494,1128.29,NetBanking,0.015,0.00,,16.92,3.05,11.28,1097.04
ORD-11824,2026-01-29,CUST-1713,13308.39,Card,0.02,0.00,,266.17,47.91,133.08,12861.23
ORD-11825,2026-01-24,CUST-1784,6091.69,UPI,0.00,0.00,,0.00,0.00,60.92,6030.77
ORD-11826,2026-01-09,CUST-4718,13128.62,UPI,0.00,0.00,,0.00,0.00,131.29,12997.33
ORD-11827,2026-01-11,CUST-4708,6730.86,UPI,0.00,0.00,,0.00,0.00,67.31,6663.55
ORD-11828,2026-01-21,CUST-2555,10459.50,UPI,0.00,0.00,,0.00,0.00,104.60,10354.90
ORD-11829,2026-01-29,CUST-2787,12653.31,Card,0.02,0.00,,253.07,45.55,126.53,12228.16
ORD-11830,2026-01-02,CUST-4880,500.15,UPI,0.00,0.00,,0.00,0.00,5.00,495.15
ORD-11831,2026-01-22,CUST-6067,8875.88,Card,0.02,0.00,,177.52,31.95,88.76,8577.65
ORD-11832,2026-01-16,CUST-1414,11945.76,Card,0.02,0.00,,238.92,43.01,119.46,11544.37
ORD-11833,2026-01-26,CUST-4897,9155.50,UPI,0.00,0.00,,0.00,0.00,91.56,9063.94
ORD-11834,2026-01-23,CUST-5570,2743.73,UPI,0.00,0.00,,0.00,0.00,27.44,2716.29
ORD-11835,2026-01-25,CUST-5477,5248.20,UPI,0.00,0.00,,0.00,0.00,52.48,5195.72
ORD-11836,2026-01-21,CUST-5759,13565.84,NetBanking,0.015,0.00,,203.49,36.63,135.66,13190.06
ORD-11837,2026-01-30,CUST-6373,9367.79,NetBanking,0.015,0.00,,140.52,25.29,93.68,9108.30
ORD-11838,2026-01-18,CUST-5796,7044.36,Wallet,0.018,0.00,,126.80,22.82,70.44,6824.30
ORD-11839,2026-01-18,CUST-1815,8406.44,UPI,0.00,0.00,,0.00,0.00,84.06,8322.38
ORD-11840,2026-01-21,CUST-1416,11344.20,NetBanking,0.015,3788.17,2026-01-27,170.16,30.63,113.44,7241.80
ORD-11841,2026-01-21,CUST-2421,14442.08,NetBanking,0.015,0.00,,216.63,38.99,144.42,14042.04
ORD-11842,2026-01-17,CUST-3962,4372.56,UPI,0.00,0.00,,0.00,0.00,43.73,4328.83
ORD-11843,2026-01-25,CUST-6880,12227.86,UPI,0.00,0.00,,0.00,0.00,122.28,12105.58
ORD-11844,2026-01-06,CUST-3260,10617.92,Card,0.02,0.00,,212.36,38.22,106.18,10261.16
ORD-11845,2026-01-17,CUST-9774,1873.88,UPI,0.00,0.00,,0.00,0.00,18.74,1855.14
ORD-11846,2026-01-30,CUST-8864,11204.46,Card,0.02,0.00,,224.09,40.34,112.04,10827.99
ORD-11847,2026-01-10,CUST-3274,2576.93,UPI,0.00,0.00,,0.00,0.00,25.77,2551.16
ORD-11848,2026-01-24,CUST-6974,12817.57,UPI,0.00,0.00,,0.00,0.00,128.18,12689.39
ORD-11849,2026-01-12,CUST-6311,4513.97,UPI,0.00,0.00,,0.00,0.00,45.14,4468.83
ORD-11850,2026-01-13,CUST-8045,14549.44,Card,0.02,0.00,,290.99,52.38,145.49,14060.58
ORD-11851,2026-01-16,CUST-8843,8927.99,UPI,0.00,0.00,,0.00,0.00,89.28,8838.71
ORD-11852,2026-01-05,CUST-6556,4891.61,NetBanking,0.015,0.00,,73.37,13.21,48.92,4756.11
ORD-11853,2026-01-14,CUST-9860,3297.46,UPI,0.00,0.00,,0.00,0.00,32.97,3264.49
ORD-11854,2026-01-23,CUST-7635,5823.41,UPI,0.00,0.00,,0.00,0.00,58.23,5765.18
ORD-11855,2026-01-15,CUST-1726,11466.88,Wallet,0.018,0.00,,206.40,37.15,114.67,11108.66
ORD-11856,2026-01-08,CUST-3815,2656.61,Card,0.02,0.00,,53.13,9.56,26.57,2567.35
ORD-11857,2026-01-20,CUST-1607,13636.52,UPI,0.00,0.00,,0.00,0.00,136.37,13500.15
ORD-11858,2026-01-08,CUST-2074,10529.98,UPI,0.00,0.00,,0.00,0.00,105.30,10424.68
ORD-11859,2026-01-13,CUST-4838,10748.76,UPI,0.00,0.00,,0.00,0.00,107.49,10641.27
ORD-11860,2026-01-24,CUST-7683,3851.86,UPI,0.00,1619.15,2026-01-28,0.00,0.00,38.52,2194.19
ORD-11861,2026-01-15,CUST-4389,11260.27,UPI,0.00,0.00,,0.00,0.00,112.60,11147.67
ORD-11862,2026-01-10,CUST-8211,10398.81,Card,0.02,0.00,,207.98,37.44,103.99,10049.40
ORD-11863,2026-01-14,CUST-9640,11827.87,Card,0.02,0.00,,236.56,42.58,118.28,11430.45
ORD-11864,2026-01-19,CUST-2480,13695.71,Card,0.02,0.00,,273.91,49.30,136.96,13235.54
ORD-11865,2026-01-24,CUST-4680,3215.89,Card,0.02,0.00,,64.32,11.58,32.16,3107.83
ORD-11866,2026-01-08,CUST-6616,8083.75,Card,0.02,0.00,,161.68,29.10,80.84,7812.13
ORD-11867,2026-01-21,CUST-9422,4770.94,Card,0.02,0.00,,95.42,17.18,47.71,4610.63
ORD-11868,2026-01-23,CUST-3347,4372.67,UPI,0.00,0.00,,0.00,0.00,43.73,4328.94
ORD-11869,2026-01-08,CUST-8098,10632.68,UPI,0.00,0.00,,0.00,0.00,106.33,10526.35
ORD-11870,2026-01-21,CUST-4046,14352.07,UPI,0.00,0.00,,0.00,0.00,143.52,14208.55
ORD-11871,2026-01-09,CUST-1023,13995.58,Card,0.02,0.00,,279.91,50.38,139.96,13525.33
ORD-11872,2026-01-07,CUST-8652,466.96,Wallet,0.018,0.00,,8.41,1.51,4.67,452.37
ORD-11873,2026-01-29,CUST-8143,13499.52,Wallet,0.018,0.00,,242.99,43.74,135.00,13077.79
ORD-11874,2026-01-01,CUST-2779,5129.69,UPI,0.00,0.00,,0.00,0.00,51.30,5078.39
ORD-11875,2026-01-01,CUST-1258,6482.49,UPI,0.00,0.00,,0.00,0.00,64.82,6417.67
ORD-11876,2026-01-10,CUST-5341,2469.80,Card,0.02,983.21,2026-01-13,49.40,8.89,24.70,1403.60
ORD-11877,2026-01-24,CUST-4196,13859.37,NetBanking,0.015,0.00,,207.89,37.42,138.59,13475.47
ORD-11878,2026-01-07,CUST-2193,916.26,UPI,0.00,0.00,,0.00,0.00,9.16,907.10
ORD-11879,2026-01-21,CUST-7993,4099.91,UPI,0.00,0.00,,0.00,0.00,41.00,4058.91
ORD-11880,2026-01-12,CUST-1573,11948.88,Card,0.02,0.00,,238.98,43.02,119.49,11547.39
ORD-11881,2026-01-10,CUST-7127,10525.17,UPI,0.00,0.00,,0.00,0.00,105.25,10419.92
ORD-11882,2026-01-21,CUST-9166,1604.64,UPI,0.00,0.00,,0.00,0.00,16.05,1588.59
ORD-11883,2026-01-05,CUST-5526,2814.32,UPI,0.00,0.00,,0.00,0.00,28.14,2786.18
ORD-11884,2026-01-02,CUST-7852,2088.13,NetBanking,0.015,0.00,,31.32,5.64,20.88,2030.29
ORD-11885,2026-01-04,CUST-8822,5730.02,UPI,0.00,0.00,,0.00,0.00,57.30,5672.72
ORD-11886,2026-01-15,CUST-4932,1547.34,Card,0.02,0.00,,30.95,5.57,15.47,1495.35
ORD-11887,2026-01-14,CUST-8147,8532.59,UPI,0.00,0.00,,0.00,0.00,85.33,8447.26
ORD-11888,2026-01-23,CUST-1092,10029.46,UPI,0.00,0.00,,0.00,0.00,100.29,9929.17
ORD-11889,2026-01-25,CUST-8018,4532.57,UPI,0.00,0.00,,0.00,0.00,45.33,4487.24
ORD-11890,2026-01-05,CUST-7875,6018.92,UPI,0.00,0.00,,0.00,0.00,60.19,5958.73
ORD-11891,2026-01-02,CUST-7125,12943.73,UPI,0.00,0.00,,0.00,0.00,129.44,12814.29
ORD-11892,2026-01-18,CUST-3500,4550.63,UPI,0.00,0.00,,0.00,0.00,45.51,4505.12
ORD-11893,2026-01-03,CUST-8496,1767.55,UPI,0.00,0.00,,0.00,0.00,17.68,1749.87
ORD-11894,2026-01-23,CUST-9598,11684.46,Card,0.02,0.00,,233.69,42.06,116.84,11291.87
ORD-11895,2026-01-03,CUST-1722,2346.48,Card,0.02,0.00,,46.93,8.45,23.46,2267.64
ORD-11896,2026-01-13,CUST-1330,8038.74,UPI,0.00,0.00,,0.00,0.00,80.39,7958.35
ORD-11897,2026-01-03,CUST-6614,6391.77,Card,0.02,0.00,,127.84,23.01,63.92,6177.00
ORD-11898,2026-01-10,CUST-6611,7418.24,Card,0.02,0.00,,148.36,26.70,74.18,7169.00
ORD-11899,2026-01-24,CUST-1329,13186.84,UPI,0.00,0.00,,0.00,0.00,131.87,13054.97
ORD-11900,2026-01-01,CUST-2793,1770.16,UPI,0.00,0.00,,0.00,0.00,17.70,1752.46
ORD-11901,2026-01-12,CUST-7170,7769.92,Card,0.02,0.00,,155.40,27.97,77.70,7508.85
ORD-11902,2026-01-28,CUST-9411,7637.70,NetBanking,0.015,3072.22,2026-01-29,114.57,20.62,76.38,4353.91
ORD-11903,2026-01-25,CUST-7041,4395.23,Card,0.02,0.00,,87.90,15.82,43.95,4247.56
ORD-11904,2026-01-22,CUST-8644,715.03,UPI,0.00,0.00,,0.00,0.00,7.15,707.88
ORD-11905,2026-01-11,CUST-2417,7672.15,NetBanking,0.015,0.00,,115.08,20.71,76.72,7459.64
ORD-11906,2026-01-24,CUST-8391,4276.61,UPI,0.00,0.00,,0.00,0.00,42.77,4233.84
ORD-11907,2026-01-02,CUST-6239,6713.79,UPI,0.00,0.00,,0.00,0.00,67.14,6646.65
ORD-11908,2026-01-12,CUST-3196,3114.91,UPI,0.00,0.00,,0.00,0.00,31.15,3083.76
ORD-11909,2026-01-14,CUST-2816,6843.89,UPI,0.00,0.00,,0.00,0.00,68.44,6775.45
ORD-11910,2026-01-16,CUST-4849,13230.24,UPI,0.00,0.00,,0.00,0.00,132.30,13097.94
ORD-11911,2026-01-27,CUST-1948,7570.05,Card,0.02,0.00,,151.40,27.25,75.70,7315.70
ORD-11912,2026-01-06,CUST-6660,2826.73,UPI,0.00,0.00,,0.00,0.00,28.27,2798.46
ORD-11913,2026-01-28,CUST-9217,2211.80,UPI,0.00,0.00,,0.00,0.00,22.12,2189.68
ORD-11914,2026-01-07,CUST-6604,13585.14,International Card,0.03,0.00,,407.55,73.36,135.85,12968.38
ORD-11915,2026-01-16,CUST-1910,6040.97,Card,0.02,0.00,,120.82,21.75,60.41,5837.99
ORD-11916,2026-01-22,CUST-1100,9171.79,UPI,0.00,4543.26,2026-01-26,0.00,0.00,91.72,4536.81
ORD-11917,2026-01-27,CUST-2179,7880.27,Card,0.02,0.00,,157.61,28.37,78.80,7615.49
ORD-11918,2026-01-12,CUST-7855,7173.35,Card,0.02,0.00,,143.47,25.82,71.73,6932.33
ORD-11919,2026-01-10,CUST-1107,7665.43,Card,0.02,0.00,,153.31,27.60,76.65,7407.87
ORD-11920,2026-01-30,CUST-1874,10908.99,NetBanking,0.015,0.00,,163.63,29.45,109.09,10606.82
ORD-11921,2026-01-26,CUST-1559,6513.56,NetBanking,0.015,0.00,,97.70,17.59,65.14,6333.13
ORD-11922,2026-01-01,CUST-1043,10434.28,NetBanking,0.015,0.00,,156.51,28.17,104.34,10145.26
ORD-11923,2026-01-17,CUST-1916,10571.23,Card,0.02,0.00,,211.42,38.06,105.71,10216.04
ORD-11924,2026-01-12,CUST-1818,6176.40,UPI,0.00,0.00,,0.00,0.00,61.76,6114.64
ORD-11925,2026-01-28,CUST-1906,2806.12,Card,0.02,0.00,,56.12,10.10,28.06,2711.84
ORD-11926,2026-01-20,CUST-8963,6830.33,UPI,0.00,0.00,,0.00,0.00,68.30,6762.03
ORD-11927,2026-01-15,CUST-1802,6397.63,UPI,0.00,0.00,,0.00,0.00,63.98,6333.65
ORD-11928,2026-01-19,CUST-9651,7670.14,UPI,0.00,0.00,,0.00,0.00,76.70,7593.44
ORD-11929,2026-01-03,CUST-3808,1695.22,Card,0.02,0.00,,33.90,6.10,16.95,1638.27
ORD-11930,2026-01-22,CUST-7096,2768.87,Wallet,0.018,0.00,,49.84,8.97,27.69,2682.37
ORD-11931,2026-01-04,CUST-9823,11146.20,UPI,0.00,0.00,,0.00,0.00,111.46,11034.74
ORD-11932,2026-01-30,CUST-2556,12128.97,UPI,0.00,0.00,,0.00,0.00,121.29,12007.68
ORD-11933,2026-01-11,CUST-7805,1237.75,UPI,0.00,0.00,,0.00,0.00,12.38,1225.37
ORD-11934,2026-01-09,CUST-9080,13632.72,NetBanking,0.015,0.00,,204.49,36.81,136.33,13255.09
ORD-11935,2026-01-22,CUST-5799,14226.45,UPI,0.00,0.00,,0.00,0.00,142.26,14084.19
ORD-11936,2026-01-09,CUST-5327,11619.52,UPI,0.00,0.00,,0.00,0.00,116.20,11503.32
ORD-11937,2026-01-20,CUST-1537,2620.61,UPI,0.00,0.00,,0.00,0.00,26.21,2594.40
ORD-11938,2026-01-23,CUST-2652,1932.27,UPI,0.00,0.00,,0.00,0.00,19.32,1912.95
ORD-11939,2026-01-26,CUST-2551,1055.27,UPI,0.00,0.00,,0.00,0.00,10.55,1044.72
ORD-11940,2026-01-20,CUST-7163,6172.52,UPI,0.00,0.00,,0.00,0.00,61.73,6110.79
ORD-11941,2026-01-01,CUST-7201,7253.98,Card,0.02,0.00,,145.08,26.11,72.54,7010.25
ORD-11942,2026-01-12,CUST-5710,14881.84,Card,0.02,0.00,,297.64,53.58,148.82,14381.80
ORD-11943,2026-01-22,CUST-3180,7924.64,UPI,0.00,0.00,,0.00,0.00,79.25,7845.39
ORD-11944,2026-01-07,CUST-5687,1488.81,UPI,0.00,0.00,,0.00,0.00,14.89,1473.92
ORD-11945,2026-01-01,CUST-8979,1479.40,Card,0.02,0.00,,29.59,5.33,14.79,1429.69
ORD-11946,2026-01-16,CUST-2446,1441.33,International Card,0.03,0.00,,43.24,7.78,14.41,1375.90
ORD-11947,2026-01-08,CUST-8894,13202.26,UPI,0.00,0.00,,0.00,0.00,132.02,13070.24
ORD-11948,2026-01-13,CUST-7341,12660.57,Card,0.02,0.00,,253.21,45.58,126.61,12235.17
ORD-11949,2026-01-24,CUST-3365,11743.41,Card,0.02,0.00,,234.87,42.28,117.43,11348.83
ORD-11950,2026-01-13,CUST-1372,12014.44,Card,0.02,0.00,,240.29,43.25,120.14,11610.76
ORD-11951,2026-01-13,CUST-1124,13169.13,UPI,0.00,0.00,,0.00,0.00,131.69,13037.44
ORD-11952,2026-01-19,CUST-8849,9926.53,UPI,0.00,5559.42,2026-01-21,0.00,0.00,99.27,4267.84
ORD-11953,2026-01-13,CUST-6302,2333.68,Wallet,0.018,0.00,,42.01,7.56,23.34,2260.77
ORD-11954,2026-01-08,CUST-2142,6417.07,Card,0.02,0.00,,128.34,23.10,64.17,6201.46
ORD-11955,2026-01-30,CUST-6062,3733.74,NetBanking,0.015,0.00,,56.01,10.08,37.34,3630.31
ORD-11956,2026-01-28,CUST-1557,10909.42,NetBanking,0.015,0.00,,163.64,29.46,109.09,10607.23
ORD-11957,2026-01-28,CUST-9348,5383.50,Wallet,0.018,0.00,,96.90,17.44,53.84,5215.32
ORD-11958,2026-01-15,CUST-2137,264.52,Wallet,0.018,0.00,,4.76,0.86,2.65,256.25
ORD-11959,2026-01-27,CUST-7446,5728.78,UPI,0.00,0.00,,0.00,0.00,57.29,5671.49
ORD-11960,2026-01-10,CUST-3063,5471.93,UPI,0.00,0.00,,0.00,0.00,54.72,5417.21
ORD-11961,2026-01-25,CUST-5919,2933.77,UPI,0.00,0.00,,0.00,0.00,29.34,2904.43
ORD-11962,2026-01-24,CUST-1543,4613.28,Card,0.02,0.00,,92.27,16.61,46.13,4458.27
ORD-11963,2026-01-08,CUST-6718,8002.94,UPI,0.00,0.00,,0.00,0.00,80.03,7922.91
ORD-11964,2026-01-30,CUST-2786,503.57,UPI,0.00,0.00,,0.00,0.00,5.04,498.53
ORD-11965,2026-01-14,CUST-2308,9505.08,Card,0.02,0.00,,190.10,34.22,95.05,9185.71
ORD-11966,2026-01-02,CUST-5861,7346.84,UPI,0.00,0.00,,0.00,0.00,73.47,7273.37
ORD-11967,2026-01-17,CUST-7156,8648.62,UPI,0.00,3525.24,2026-01-22,0.00,0.00,86.49,5036.89
ORD-11968,2026-01-25,CUST-1938,8996.11,Card,0.02,0.00,,179.92,32.39,89.96,8693.84
ORD-11969,2026-01-23,CUST-3685,14704.77,UPI,0.00,0.00,,0.00,0.00,147.05,14557.72
ORD-11970,2026-01-02,CUST-7021,10080.51,Card,0.02,0.00,,201.61,36.29,100.81,9741.80
ORD-11971,2026-01-08,CUST-9711,5961.14,UPI,0.00,0.00,,0.00,0.00,59.61,5901.53
ORD-11972,2026-01-28,CUST-6944,12980.94,Wallet,0.018,0.00,,233.66,42.06,129.81,12575.41
ORD-11973,2026-01-23,CUST-7227,4315.12,UPI,0.00,0.00,,0.00,0.00,43.15,4271.97
ORD-11974,2026-01-02,CUST-3340,13151.79,UPI,0.00,0.00,,0.00,0.00,131.52,13020.27
ORD-11975,2026-01-18,CUST-8145,12826.96,UPI,0.00,0.00,,0.00,0.00,128.27,12698.69
ORD-11976,2026-01-09,CUST-3160,8960.33,Card,0.02,0.00,,179.21,32.26,89.60,8659.26
ORD-11977,2026-01-11,CUST-7486,1923.39,Card,0.02,0.00,,38.47,6.92,19.23,1858.77
ORD-11978,2026-01-30,CUST-4932,6558.12,Card,0.02,0.00,,131.16,23.61,65.58,6337.77
ORD-11979,2026-01-22,CUST-6531,4083.64,Card,0.02,0.00,,81.67,14.70,40.84,3946.43
ORD-11980,2026-01-10,CUST-3939,10588.82,NetBanking,0.015,0.00,,158.83,28.59,105.89,10295.51
ORD-11981,2026-01-21,CUST-8074,3932.29,UPI,0.00,0.00,,0.00,0.00,39.32,3892.97
ORD-11982,2026-01-23,CUST-3366,7820.96,UPI,0.00,0.00,,0.00,0.00,78.21,7742.75
ORD-11983,2026-01-13,CUST-2614,3911.82,Card,0.02,0.00,,78.24,14.08,39.12,3780.38
ORD-11984,2026-01-06,CUST-7639,4657.15,Card,0.02,0.00,,93.14,16.77,46.57,4500.67
ORD-11985,2026-01-23,CUST-6733,13927.05,UPI,0.00,0.00,,0.00,0.00,139.27,13787.78
ORD-11986,2026-01-01,CUST-5364,1533.68,Card,0.02,0.00,,30.67,5.52,15.34,1482.15
ORD-11987,2026-01-30,CUST-9301,4529.60,Card,0.02,0.00,,90.59,16.31,45.30,4377.40
ORD-11988,2026-01-28,CUST-8235,4722.53,UPI,0.00,0.00,,0.00,0.00,47.23,4675.30
ORD-11989,2026-01-04,CUST-6879,1895.09,International Card,0.03,0.00,,56.85,10.23,18.95,1809.06
ORD-11990,2026-01-18,CUST-1947,10711.11,UPI,0.00,0.00,,0.00,0.00,107.11,10604.00
ORD-11991,2026-01-20,CUST-8273,10849.46,UPI,0.00,0.00,,0.00,0.00,108.49,10740.97
ORD-11992,2026-01-13,CUST-7539,3333.41,UPI,0.00,0.00,,0.00,0.00,33.33,3300.08
ORD-11993,2026-01-22,CUST-1171,10024.22,UPI,0.00,0.00,,0.00,0.00,100.24,9923.98
ORD-11994,2026-01-28,CUST-2049,7847.69,NetBanking,0.015,0.00,,117.72,21.19,78.48,7630.30
ORD-11995,2026-01-18,CUST-5661,4862.12,Card,0.02,0.00,,97.24,17.50,48.62,4698.76
ORD-11996,2026-01-18,CUST-9031,3579.66,UPI,0.00,0.00,,0.00,0.00,35.80,3543.86
ORD-11997,2026-01-07,CUST-2934,12819.46,Card,0.02,0.00,,256.39,46.15,128.19,12388.73
ORD-11998,2026-01-16,CUST-4909,3950.29,UPI,0.00,655.37,2026-01-20,0.00,0.00,39.50,3255.42
ORD-11999,2026-01-17,CUST-6594,7815.00,UPI,0.00,0.00,,0.00,0.00,78.15,7736.85
ORD-12000,2026-01-24,CUST-2291,11496.62,Card,0.02,0.00,,229.93,41.39,114.97,11110.33
