settlement_id,settlement_date,order_id,claimed_gross_amount,claimed_mdr_amount,claimed_gst_on_mdr,claimed_tds,claimed_refund_deducted,claimed_net_amount
SET-20260108,2026-01-08,ORD-10001,2914.83,58.30,10.49,29.15,0.00,2816.89
SET-20260127,2026-01-27,ORD-10002,1679.63,0.00,0.00,16.80,0.00,1662.83
SET-20260109,2026-01-09,ORD-10003,504.65,9.08,1.63,5.05,0.00,488.89
SET-20260107,2026-01-07,ORD-10004,2891.01,0.00,0.00,28.91,0.00,2862.10
SET-20260123,2026-01-23,ORD-10005,6592.79,0.00,0.00,65.93,0.00,6526.86
SET-20260112,2026-01-12,ORD-10006,4523.74,0.00,-0.05,45.24,0.00,4478.50
SET-20260116,2026-01-16,ORD-10007,3155.17,0.00,0.00,31.55,0.00,3123.62
SET-20260105,2026-01-05,ORD-10008,9191.66,0.00,0.00,91.92,0.00,9099.74
SET-20260105,2026-01-05,ORD-10009,14491.35,362.28,39.13,144.91,0.00,14089.94
SET-20260122,2026-01-22,ORD-10010,10326.65,0.00,0.00,103.27,0.00,10223.38
SET-20260130,2026-01-30,ORD-10011,708.95,12.76,2.30,7.09,0.00,686.80
SET-20260109,2026-01-09,ORD-10012,4813.32,0.00,0.00,48.13,0.00,4765.19
SET-20260123,2026-01-23,ORD-10013,6856.36,0.00,0.00,68.56,0.00,6787.80
SET-20260119,2026-01-19,ORD-10014,3100.55,0.00,0.00,62.01,0.00,3069.54
SET-20260119,2026-01-19,ORD-10015,4215.97,63.24,11.38,42.16,0.00,4099.19
SET-20260129,2026-01-29,ORD-10016,8231.90,0.00,0.00,82.32,0.00,8149.58
SET-20260102,2026-01-02,ORD-10017,6466.34,0.00,0.00,64.66,0.00,6401.68
SET-20260112,2026-01-12,ORD-10018,10661.49,213.23,38.38,106.61,0.00,10303.27
SET-20260106,2026-01-06,ORD-10019,5505.29,0.00,0.00,55.05,0.00,5450.24
SET-20260109,2026-01-09,ORD-10020,1140.66,0.00,0.00,11.41,0.00,1129.25
SET-20260105,2026-01-05,ORD-10021,9635.85,240.90,26.02,96.36,0.00,9368.93
SET-20260106,2026-01-06,ORD-10022,10756.02,215.12,38.72,107.56,0.00,10394.62
SET-20260115,2026-01-15,ORD-10023,7936.45,0.00,0.00,79.36,1221.78,6635.31
SET-20260108,2026-01-08,ORD-10024,4852.47,0.00,0.00,48.52,0.00,4803.95
SET-20260126,2026-01-26,ORD-10025,6273.67,125.47,22.58,62.74,0.00,6062.88
SET-20260108,2026-01-08,ORD-10026,13230.92,264.62,47.63,132.31,0.00,12786.36
SET-20260122,2026-01-22,ORD-10027,6956.71,0.00,0.00,69.57,0.00,6887.14
SET-20260202,2026-02-02,ORD-10028,5000.31,0.00,0.00,50.00,0.00,4950.31
SET-20260202,2026-02-02,ORD-10029,4227.56,84.55,15.22,42.28,1168.01,2917.50
SET-20260108,2026-01-08,ORD-10030,7759.06,0.00,0.00,77.59,0.00,7681.47
SET-20260120,2026-01-20,ORD-10031,14155.06,0.00,0.00,141.55,0.00,14013.51
SET-20260112,2026-01-12,UNKNOWN-2085,5581.72,100.47,18.08,55.82,500.00,5407.35
SET-20260202,2026-02-02,ORD-10033,4653.00,0.00,0.00,46.53,1883.45,2723.02
SET-20260129,2026-01-29,ORD-10034,4323.97,77.83,14.01,43.24,0.00,4188.89
SET-20260105,2026-01-05,ORD-10035,7443.90,223.32,40.20,74.44,0.00,7105.94
SET-20260105,2026-01-05,ORD-10036,11471.97,0.00,0.00,114.72,0.00,11357.25
SET-20260126,2026-01-26,ORD-10037,9558.13,191.16,34.41,95.58,0.00,9236.98
SET-20260119,2026-01-19,ORD-10038,12562.48,0.00,0.00,125.62,0.00,12436.86
SET-20260130,2026-01-30,ORD-10039,5024.19,0.00,0.00,50.24,0.00,4973.95
SET-20260120,2026-01-20,ORD-10040,1623.41,29.22,5.26,16.23,0.00,1572.70
SET-20260108,2026-01-08,ORD-10041,12598.11,251.96,45.35,125.98,0.00,12174.82
SET-20260119,2026-01-19,ORD-10042,13184.62,0.00,0.00,131.85,0.00,13052.77
SET-20260127,2026-01-27,ORD-10043,8416.97,0.00,0.00,84.17,0.00,8332.80
SET-20260119,2026-01-19,ORD-10044,13526.19,270.52,48.69,135.26,0.00,13071.72
SET-20260105,2026-01-05,ORD-10045,13477.23,202.16,36.39,134.77,0.00,13103.91
SET-20260126,2026-01-26,ORD-10046,2592.10,38.88,7.00,25.92,0.00,2520.30
SET-20260105,2026-01-05,ORD-10047,14113.97,254.05,45.73,141.14,0.00,13673.05
SET-20260115,2026-01-15,ORD-10048,7387.08,0.00,0.00,73.87,0.00,7313.21
SET-20260105,2026-01-05,ORD-10049,467.52,0.00,0.00,4.68,0.00,462.84
SET-20260126,2026-01-26,ORD-10050,11213.72,224.27,40.37,112.14,0.00,10836.94
SET-20260119,2026-01-19,ORD-10051,7730.45,154.61,27.83,77.30,0.00,7470.71
SET-20260202,2026-02-02,ORD-10052,7403.78,133.27,23.99,74.04,0.00,7172.48
SET-20260122,2026-01-22,ORD-10053,9747.53,194.95,35.09,97.48,0.00,9420.01
SET-20260129,2026-01-29,ORD-10054,7588.06,151.76,27.32,75.88,0.00,7333.10
SET-20260119,2026-01-19,ORD-10055,14118.79,254.14,45.75,141.19,0.00,13677.71
SET-20260105,2026-01-05,ORD-10056,13939.11,0.00,0.00,139.39,0.00,13799.72
SET-20260105,2026-01-05,ORD-10057,12824.54,0.00,0.00,128.25,0.00,12696.29
SET-20260126,2026-01-26,ORD-10058,4890.45,0.00,0.00,48.90,0.00,4841.55
SET-20260123,2026-01-23,UNKNOWN-4915,13964.25,0.00,0.00,139.64,500.00,13824.61
SET-20260116,2026-01-16,ORD-10060,2273.24,0.00,0.00,22.73,0.00,2250.51
SET-20260119,2026-01-19,ORD-10061,2222.00,44.44,8.00,22.22,0.00,2147.34
SET-20260112,2026-01-12,ORD-10062,6412.76,0.00,0.00,64.13,0.00,6348.63
SET-20260129,2026-01-29,ORD-10063,276.74,5.53,1.00,2.77,0.00,267.44
SET-20260109,2026-01-09,ORD-10064,6072.40,0.00,0.00,60.72,0.00,6011.68
SET-20260116,2026-01-16,ORD-10065,8758.55,0.00,0.00,87.59,0.00,8670.96
SET-20260202,2026-02-02,ORD-10066,12616.22,189.24,34.06,126.16,0.00,12266.76
SET-20260112,2026-01-12,ORD-10067,5530.82,0.00,0.00,55.31,0.00,5475.51
SET-20260122,2026-01-22,ORD-10068,3394.15,67.88,12.22,33.94,0.00,3280.11
SET-20260114,2026-01-14,ORD-10069,6288.04,125.76,22.64,62.88,0.00,6076.76
SET-20260119,2026-01-19,ORD-10070,7841.25,0.00,0.00,78.41,0.00,7762.84
SET-20260120,2026-01-20,ORD-10071,1361.15,0.00,0.00,13.61,0.00,1347.54
SET-20260126,2026-01-26,ORD-10072,10500.42,0.00,0.00,105.00,0.00,10395.42
SET-20260102,2026-01-02,ORD-10073,1589.32,0.00,0.00,15.89,0.00,1573.43
SET-20260102,2026-01-02,ORD-10074,7847.10,156.94,28.27,78.47,0.00,7583.44
SET-20260130,2026-01-30,ORD-10075,3866.42,0.00,0.00,38.66,0.00,3827.76
SET-20260126,2026-01-26,ORD-10076,1593.52,0.00,0.00,15.94,0.00,1577.58
SET-20260106,2026-01-06,ORD-10077,7475.91,0.00,0.00,74.76,0.00,7401.15
SET-20260202,2026-02-02,ORD-10078,6097.87,121.96,21.95,60.98,0.00,5892.98
SET-20260105,2026-01-05,ORD-10079,426.51,7.68,1.38,4.27,0.00,413.18
SET-20260126,2026-01-26,ORD-10080,9314.60,167.66,30.18,93.15,0.00,9023.61
SET-20260129,2026-01-29,ORD-10081,14115.41,282.31,50.82,141.15,0.00,13641.13
SET-20260129,2026-01-29,ORD-10082,12205.82,183.09,32.96,122.06,0.00,5933.86
SET-20260102,2026-01-02,ORD-10083,9841.97,0.00,0.00,98.42,0.00,9743.55
SET-20260113,2026-01-13,ORD-10084,5783.43,0.00,0.00,57.83,0.00,5725.60
SET-20260126,2026-01-26,ORD-10085,5903.87,118.08,21.25,59.04,0.00,5705.50
SET-20260120,2026-01-20,ORD-10086,7541.35,150.83,27.15,75.41,0.00,7287.96
SET-20260112,2026-01-12,ORD-10087,779.96,0.00,0.00,7.80,0.00,772.16
SET-20260105,2026-01-05,ORD-10088,11309.10,169.64,30.54,113.09,0.00,10995.83
SET-20260119,2026-01-19,ORD-10089,5705.87,114.12,20.54,57.06,0.00,5514.15
SET-20260202,2026-02-02,ORD-10090,10261.70,205.23,36.94,102.62,0.00,9916.91
SET-20260202,2026-02-02,ORD-10091,12431.57,0.00,0.00,124.32,0.00,12307.25
SET-20260119,2026-01-19,ORD-10092,14386.41,215.80,38.84,143.86,0.00,13987.91
SET-20260129,2026-01-29,ORD-10093,10216.19,0.00,0.00,102.16,0.00,10114.03
SET-20260119,2026-01-19,ORD-10094,1557.22,31.14,5.61,15.57,0.00,1504.90
SET-20260122,2026-01-22,ORD-10095,14203.68,284.07,51.13,142.04,0.00,13726.44
SET-20260122,2026-01-22,ORD-10096,14618.87,438.57,78.94,146.19,0.00,13955.17
SET-20260105,2026-01-05,ORD-10097,8279.55,165.59,29.81,82.80,0.00,8001.35
SET-20260112,2026-01-12,ORD-10098,12587.07,188.81,33.99,125.87,0.00,12238.40
SET-20260115,2026-01-15,ORD-10099,1276.89,19.15,3.45,12.77,0.00,1241.52
SET-20260106,2026-01-06,ORD-10100,1455.60,43.67,7.86,14.56,0.00,1389.51
SET-20260102,2026-01-02,ORD-10101,12229.43,220.13,39.62,122.29,0.00,11847.39
SET-20260105,2026-01-05,ORD-10102,10681.08,0.00,0.00,106.81,0.00,10574.27
SET-20260108,2026-01-08,ORD-10103,3881.12,0.00,0.00,38.81,0.00,3842.31
SET-20260114,2026-01-14,ORD-10104,6196.99,123.94,22.31,61.97,0.00,5988.77
SET-20260109,2026-01-09,ORD-10105,10279.38,0.00,0.00,102.79,0.00,10176.59
SET-20260129,2026-01-29,ORD-10106,13055.27,0.00,0.00,130.55,0.00,12924.72
SET-20260113,2026-01-13,ORD-10107,838.77,12.58,2.26,8.39,0.00,815.54
SET-20260112,2026-01-12,ORD-10108,3944.25,78.89,14.20,39.44,0.00,3811.72
SET-20260116,2026-01-16,ORD-10109,3408.77,0.00,0.00,34.09,0.00,3374.68
SET-20260123,2026-01-23,ORD-10110,5886.19,117.72,21.19,58.86,0.00,5688.42
SET-20260112,2026-01-12,ORD-10111,6038.92,0.00,0.00,60.39,0.00,5978.53
SET-20260127,2026-01-27,ORD-10112,7062.74,0.00,0.00,70.63,0.00,6992.11
SET-20260129,2026-01-29,ORD-10113,14621.04,438.63,78.95,146.21,0.00,13957.25
SET-20260119,2026-01-19,ORD-10114,4781.01,71.72,12.91,47.81,0.00,4648.57
SET-20260130,2026-01-30,ORD-10115,1327.77,23.90,4.30,13.28,0.00,1286.29
SET-20260106,2026-01-06,ORD-10116,13803.81,0.00,0.00,138.04,0.00,13665.77
SET-20260128,2026-01-28,ORD-10117,590.23,0.00,0.00,5.90,0.00,584.33
SET-20260116,2026-01-16,ORD-10118,5837.18,105.07,18.91,58.37,0.00,5654.83
SET-20260114,2026-01-14,ORD-10119,7136.66,178.42,0.00,71.37,0.00,7065.29
SET-20260119,2026-01-19,ORD-10120,8108.32,162.17,29.19,81.08,0.00,7835.88
SET-20260126,2026-01-26,ORD-10121,10946.59,218.93,39.41,109.47,0.00,10578.78
SET-20260122,2026-01-22,ORD-10122,3234.67,0.00,0.00,32.35,0.00,3202.32
SET-20260105,2026-01-05,ORD-10123,13197.67,263.95,47.51,131.98,3092.69,9661.54
SET-20260127,2026-01-27,ORD-10124,7900.55,158.01,28.44,79.01,0.00,7635.09
SET-20260113,2026-01-13,ORD-10125,14526.01,0.00,0.00,145.26,0.00,14380.75
SET-20260119,2026-01-19,ORD-10126,7304.68,0.00,0.00,73.05,0.00,7231.63
SET-20260115,2026-01-15,UNKNOWN-6177,12114.66,218.06,39.25,121.15,500.00,11736.20
SET-20260105,2026-01-05,ORD-10128,9199.70,183.99,33.12,92.00,0.00,8890.59
SET-20260120,2026-01-20,ORD-10129,8302.21,0.00,0.00,83.02,0.00,8219.19
SET-20260202,2026-02-02,ORD-10130,7949.31,158.99,28.62,79.49,0.00,7682.21
SET-20260112,2026-01-12,ORD-10131,12662.95,253.26,45.59,126.63,0.00,12237.47
SET-20260106,2026-01-06,ORD-10132,7490.75,0.00,0.00,74.91,0.00,7415.84
SET-20260119,2026-01-19,ORD-10133,8151.50,0.00,0.00,81.52,0.00,8069.98
SET-20260112,2026-01-12,ORD-10134,9684.95,0.00,0.00,96.85,0.00,9588.10
SET-20260105,2026-01-05,ORD-10135,7214.63,144.29,25.97,72.15,0.00,6972.22
SET-20260127,2026-01-27,ORD-10136,12362.50,0.00,0.00,123.63,0.00,12238.87
SET-20260123,2026-01-23,ORD-10137,1985.41,0.00,0.00,19.85,0.00,1965.56
SET-20260105,2026-01-05,ORD-10138,1565.90,0.00,0.00,15.66,0.00,1550.24
SET-20260126,2026-01-26,ORD-10139,2523.27,0.00,0.00,50.47,1347.81,1150.23
SET-20260119,2026-01-19,ORD-10140,14796.60,0.00,0.00,147.97,0.00,14648.63
SET-20260115,2026-01-15,ORD-10141,8062.73,161.25,29.03,80.63,0.00,7791.82
SET-20260128,2026-01-28,ORD-10142,10370.05,155.55,28.00,103.70,0.00,10082.80
SET-20260129,2026-01-29,ORD-10143,13034.78,0.00,0.00,130.35,0.00,12904.43
SET-20260126,2026-01-26,ORD-10144,5783.81,144.60,0.00,57.84,0.00,5725.97
SET-20260108,2026-01-08,ORD-10145,5046.96,0.00,0.00,50.47,0.00,4996.49
SET-20260121,2026-01-21,ORD-10146,10250.71,205.01,36.90,102.51,0.00,9906.29
SET-20260116,2026-01-16,ORD-10147,8149.18,162.98,29.34,81.49,0.00,7875.37
SET-20260119,2026-01-19,ORD-10148,2088.19,0.00,0.00,20.88,0.00,2067.31
SET-20260127,2026-01-27,ORD-10149,3816.43,0.00,0.00,38.16,0.00,3778.27
SET-20260126,2026-01-26,ORD-10150,1706.38,0.00,0.00,17.06,0.00,1689.32
SET-20260105,2026-01-05,ORD-10151,1500.74,22.51,4.05,15.01,0.00,1459.17
SET-20260112,2026-01-12,ORD-10152,469.99,9.40,1.69,4.70,0.00,227.10
SET-20260107,2026-01-07,ORD-10153,8724.78,157.05,28.27,87.25,5126.10,3326.11
SET-20260126,2026-01-26,ORD-10154,10833.17,0.00,0.00,108.33,0.00,10724.84
SET-20260114,2026-01-14,ORD-10155,14526.31,290.53,52.30,145.26,0.00,14038.22
SET-20260121,2026-01-21,ORD-10156,8041.63,160.83,28.95,80.42,0.00,7771.43
SET-20260107,2026-01-07,ORD-10157,7690.34,138.43,24.92,76.90,0.00,7450.09
SET-20260105,2026-01-05,ORD-10158,5664.61,0.00,0.00,56.65,0.00,5607.96
SET-20260112,2026-01-12,ORD-10159,3185.61,63.71,11.47,31.86,0.00,3078.57
SET-20260106,2026-01-06,ORD-10160,1927.10,0.00,0.00,19.27,0.00,1907.83
SET-20260105,2026-01-05,ORD-10161,12790.77,255.82,46.05,127.91,0.00,12360.99
SET-20260122,2026-01-22,ORD-10162,14865.76,0.00,0.00,148.66,0.00,14717.10
SET-20260102,2026-01-02,ORD-10163,10879.63,0.00,0.00,108.80,0.00,10770.83
SET-20260112,2026-01-12,ORD-10164,12033.15,180.50,32.49,120.33,0.00,11699.83
SET-20260120,2026-01-20,ORD-10165,9579.63,172.43,31.04,95.80,0.00,9280.36
SET-20260112,2026-01-12,ORD-10166,10308.13,0.00,0.00,103.08,0.00,10205.05
SET-20260120,2026-01-20,ORD-10167,4660.39,93.21,16.78,93.21,0.00,4503.80
SET-20260126,2026-01-26,ORD-10168,13513.70,0.00,0.00,135.14,0.00,13378.56
SET-20260109,2026-01-09,ORD-10169,8234.17,0.00,0.00,82.34,0.00,8151.83
SET-20260120,2026-01-20,ORD-10170,10467.02,0.00,0.00,104.67,0.00,10362.35
SET-20260102,2026-01-02,ORD-10171,13429.61,268.59,48.35,134.30,0.00,12978.37
SET-20260102,2026-01-02,ORD-10172,2318.29,0.00,0.00,23.18,0.00,2295.11
SET-20260106,2026-01-06,ORD-10173,5262.81,78.94,14.21,52.63,0.00,5117.03
SET-20260105,2026-01-05,ORD-10174,9138.58,0.00,0.00,91.39,0.00,9047.19
SET-20260130,2026-01-30,ORD-10175,10889.34,217.79,39.20,108.89,0.00,10523.46
SET-20260120,2026-01-20,ORD-10176,3926.63,0.00,0.00,39.27,0.00,3887.36
SET-20260112,2026-01-12,ORD-10177,7037.69,126.68,22.82,70.38,0.00,6817.83
SET-20260114,2026-01-14,ORD-10178,7687.15,153.74,27.67,76.87,4120.79,3308.08
SET-20260113,2026-01-13,ORD-10179,13797.51,275.95,49.67,137.98,5873.37,7460.54
SET-20260129,2026-01-29,ORD-10180,6477.13,129.54,23.32,64.77,0.00,6259.50
SET-20260123,2026-01-23,ORD-10181,1875.92,56.28,10.13,18.76,0.00,1790.75
SET-20260123,2026-01-23,ORD-10182,13828.46,207.43,37.34,138.28,0.00,13445.41
SET-20260109,2026-01-09,ORD-10183,5813.72,116.27,20.93,58.14,0.00,5618.38
SET-20260126,2026-01-26,ORD-10184,9135.08,0.00,0.00,91.35,0.00,9043.73
SET-20260127,2026-01-27,ORD-10185,5325.92,0.00,0.00,53.26,0.00,5272.66
SET-20260119,2026-01-19,ORD-10186,3524.15,0.00,0.00,35.24,0.00,3488.91
SET-20260126,2026-01-26,ORD-10187,2649.60,0.00,0.00,26.50,0.00,2623.10
SET-20260130,2026-01-30,ORD-10188,3457.44,0.00,0.00,34.57,0.00,3422.87
SET-20260119,2026-01-19,ORD-10189,2400.21,0.00,0.00,24.00,0.00,2376.21
SET-20260130,2026-01-30,ORD-10190,4634.02,0.00,0.00,46.34,0.00,4587.68
SET-20260120,2026-01-20,ORD-10191,12036.77,0.00,0.00,120.37,0.00,11916.40
SET-20260119,2026-01-19,ORD-10192,5790.34,86.86,15.63,57.90,0.00,5629.95
SET-20260102,2026-01-02,ORD-10193,6908.67,0.00,0.00,69.09,0.00,6839.58
SET-20260119,2026-01-19,ORD-10194,11527.27,0.00,0.00,115.27,0.00,11412.00
SET-20260126,2026-01-26,ORD-10195,11348.04,0.00,0.00,113.48,0.00,11234.56
SET-20260105,2026-01-05,ORD-10196,12051.10,216.92,39.05,120.51,0.00,11674.62
SET-20260108,2026-01-08,ORD-10197,8365.49,0.00,0.00,83.65,0.00,8281.84
SET-20260130,2026-01-30,ORD-10198,1740.81,34.82,6.27,17.41,0.00,1682.31
SET-20260102,2026-01-02,ORD-10199,3725.11,0.00,0.00,37.25,0.00,3687.86
SET-20260115,2026-01-15,ORD-10200,14447.21,260.05,46.81,144.47,0.00,13995.88
SET-20260115,2026-01-15,ORD-10201,13465.77,0.00,0.00,134.66,0.00,13331.11
SET-20260126,2026-01-26,ORD-10202,2017.10,30.26,5.45,20.17,0.00,1961.22
SET-20260119,2026-01-19,ORD-10203,13677.24,273.54,49.24,136.77,0.00,13217.69
SET-20260105,2026-01-05,ORD-10204,706.58,10.60,1.91,7.07,0.00,687.00
SET-20260202,2026-02-02,ORD-10205,3448.76,62.08,11.17,34.49,0.00,3341.02
SET-20260119,2026-01-19,ORD-10206,14783.44,0.00,0.00,147.83,0.00,14635.61
SET-20260119,2026-01-19,ORD-10207,7784.37,155.69,28.02,77.84,0.00,7522.82
SET-20260126,2026-01-26,ORD-10208,2262.47,33.94,6.11,22.62,0.00,2199.80
SET-20260127,2026-01-27,ORD-10209,472.18,8.50,1.53,4.72,0.00,457.43
SET-20260105,2026-01-05,ORD-10210,4256.02,85.12,15.32,42.56,0.00,4113.02
SET-20260127,2026-01-27,ORD-10211,1777.37,0.00,0.00,17.77,0.00,1759.60
SET-20260107,2026-01-07,ORD-10212,3910.81,78.22,14.08,39.11,0.00,3779.40
SET-20260112,2026-01-12,ORD-10213,6184.85,123.70,22.27,61.85,0.00,5977.03
SET-20260105,2026-01-05,ORD-10214,14387.68,0.00,0.00,143.88,0.00,14243.80
SET-20260120,2026-01-20,ORD-10215,5961.58,0.00,0.00,59.62,0.00,5901.96
SET-20260119,2026-01-19,ORD-10216,4597.40,91.95,16.55,45.97,0.00,4442.93
SET-20260116,2026-01-16,ORD-10217,14065.08,281.30,50.63,140.65,0.00,13592.50
SET-20260105,2026-01-05,ORD-10218,4081.51,81.63,14.69,40.82,0.00,3944.37
SET-20260202,2026-02-02,ORD-10219,9033.27,0.00,0.00,90.33,0.00,8942.94
SET-20260122,2026-01-22,ORD-10220,1312.04,26.24,4.72,13.12,0.00,1267.96
SET-20260112,2026-01-12,ORD-10221,6635.44,0.00,0.00,66.35,0.00,6569.09
SET-20260106,2026-01-06,ORD-10222,10481.51,0.00,0.00,104.82,0.00,10376.69
SET-20260120,2026-01-20,ORD-10223,14439.06,288.78,51.98,144.39,0.00,13953.91
SET-20260119,2026-01-19,ORD-10224,1483.24,26.70,4.81,14.83,0.00,1436.90
SET-20260122,2026-01-22,ORD-10225,10916.73,218.33,39.30,109.17,0.00,10549.93
SET-20260119,2026-01-19,ORD-10226,3473.90,104.22,18.76,34.74,0.00,3316.18
SET-20260116,2026-01-16,ORD-10227,8906.30,267.19,48.09,89.06,0.00,8501.96
SET-20260123,2026-01-23,ORD-10228,702.40,14.05,2.53,7.02,0.00,678.80
SET-20260119,2026-01-19,ORD-10229,14571.66,262.29,47.21,145.72,0.00,14116.44
SET-20260202,2026-02-02,ORD-10230,12699.33,0.00,0.00,126.99,0.00,12572.34
SET-20260119,2026-01-19,ORD-10231,9024.79,0.00,0.00,90.25,0.00,8934.54
SET-20260105,2026-01-05,ORD-10232,10505.07,0.00,0.00,105.05,0.00,10400.02
SET-20260113,2026-01-13,ORD-10233,4866.30,0.00,0.00,48.66,0.00,4817.64
SET-20260126,2026-01-26,ORD-10234,9463.19,141.95,25.55,94.63,0.00,9201.06
SET-20260202,2026-02-02,ORD-10235,7036.75,211.10,38.00,70.37,1356.24,5361.04
SET-20260105,2026-01-05,ORD-10236,340.38,8.51,0.00,3.40,0.00,336.98
SET-20260202,2026-02-02,ORD-10237,7300.76,146.02,26.28,73.01,0.00,7055.45
SET-20260126,2026-01-26,ORD-10238,1557.15,0.00,0.00,15.57,0.00,1541.58
SET-20260102,2026-01-02,ORD-10239,1835.02,0.00,0.00,18.35,0.00,1816.67
SET-20260105,2026-01-05,ORD-10240,3657.39,0.00,0.00,36.57,2171.98,1448.84
SET-20260116,2026-01-16,ORD-10241,10258.78,0.00,0.00,102.59,0.00,10156.19
SET-20260130,2026-01-30,ORD-10242,14738.49,221.08,39.79,147.38,0.00,14330.24
SET-20260202,2026-02-02,ORD-10243,14839.94,296.80,53.42,148.40,0.00,14341.32
SET-20260109,2026-01-09,ORD-10244,12599.82,0.00,0.00,126.00,0.00,12473.82
SET-20260115,2026-01-15,ORD-10245,2812.61,0.00,0.00,28.13,0.00,2784.48
SET-20260105,2026-01-05,ORD-10246,12051.39,241.03,43.39,120.51,0.00,11646.46
SET-20260112,2026-01-12,ORD-10247,7970.47,0.00,0.00,79.70,0.00,7890.77
SET-20260119,2026-01-19,ORD-10248,2477.66,37.16,6.69,24.78,0.00,2409.03
SET-20260126,2026-01-26,ORD-10249,8147.22,162.94,29.33,81.47,0.00,7873.48
SET-20260105,2026-01-05,ORD-10250,13186.42,0.00,0.00,131.86,0.00,13054.56
SET-20260112,2026-01-12,ORD-10251,14343.64,215.15,38.73,143.44,0.00,13946.32
SET-20260109,2026-01-09,ORD-10252,4364.59,0.00,0.00,43.65,1954.71,2366.23
SET-20260127,2026-01-27,ORD-10253,3458.71,69.17,12.45,34.59,0.00,3342.50
SET-20260119,2026-01-19,ORD-10254,7528.17,0.00,0.00,75.28,0.00,7452.89
SET-20260127,2026-01-27,ORD-10255,9999.26,0.00,0.00,99.99,0.00,9899.27
SET-20260102,2026-01-02,ORD-10256,12001.91,240.04,43.21,120.02,0.00,11598.64
SET-20260128,2026-01-28,ORD-10257,5143.33,0.00,0.00,51.43,0.00,5091.90
SET-20260105,2026-01-05,ORD-10258,10545.06,0.00,0.00,105.45,0.00,10439.61
SET-20260114,2026-01-14,ORD-10259,632.86,9.49,1.71,6.33,0.00,615.33
SET-20260112,2026-01-12,ORD-10260,13648.78,0.00,0.00,136.49,0.00,13512.29
SET-20260114,2026-01-14,ORD-10261,3058.37,0.00,0.00,30.58,0.00,3027.79
SET-20260112,2026-01-12,ORD-10262,1914.49,0.00,0.00,19.14,975.13,920.22
SET-20260107,2026-01-07,ORD-10263,14452.28,0.00,0.00,144.52,0.00,14307.76
SET-20260202,2026-02-02,ORD-10264,11874.34,0.00,0.00,118.74,0.00,11755.60
SET-20260105,2026-01-05,ORD-10265,11610.57,232.21,41.80,116.11,0.00,11220.45
SET-20260123,2026-01-23,ORD-10266,1305.48,19.58,3.52,13.05,0.00,1269.33
SET-20260116,2026-01-16,ORD-10267,6800.18,136.00,24.48,68.00,0.00,6571.70
SET-20260113,2026-01-13,ORD-10268,1171.27,17.57,3.16,11.71,0.00,1138.83
SET-20260120,2026-01-20,ORD-10269,14175.69,0.00,0.00,141.76,0.00,14033.93
SET-20260116,2026-01-16,ORD-10270,10466.50,0.00,0.00,104.67,0.00,10361.83
SET-20260115,2026-01-15,ORD-10271,9886.77,0.00,0.00,98.87,0.00,9787.90
SET-20260113,2026-01-13,ORD-10272,14165.52,0.00,0.00,141.66,0.00,14023.86
SET-20260107,2026-01-07,ORD-10273,4258.38,127.75,23.00,42.58,0.00,4065.05
SET-20260129,2026-01-29,ORD-10274,3603.33,0.00,0.00,36.03,1534.42,2032.88
SET-20260119,2026-01-19,ORD-10275,7178.68,0.00,0.00,71.79,0.00,7106.89
SET-20260126,2026-01-26,ORD-10276,1549.23,0.00,0.00,15.49,0.00,1533.74
SET-20260119,2026-01-19,ORD-10277,9468.06,0.00,0.00,94.68,5306.13,4067.25
SET-20260121,2026-01-21,ORD-10278,7039.04,0.00,0.00,70.39,0.00,6968.65
SET-20260202,2026-02-02,ORD-10279,6568.53,0.00,0.00,65.69,0.00,6502.84
SET-20260123,2026-01-23,ORD-10280,5023.70,100.47,18.08,50.24,0.00,4854.91
SET-20260114,2026-01-14,ORD-10281,7076.06,141.52,25.47,70.76,0.00,6838.31
SET-20260116,2026-01-16,ORD-10282,4516.61,90.33,16.26,45.17,0.00,4364.85
SET-20260107,2026-01-07,ORD-10283,786.36,0.00,0.00,7.86,0.00,778.50
SET-20260119,2026-01-19,ORD-10284,14802.61,0.00,0.00,148.03,0.00,14654.58
SET-20260123,2026-01-23,ORD-10285,8482.80,0.00,0.00,84.83,0.00,8397.97
SET-20260105,2026-01-05,ORD-10286,1500.42,0.00,0.00,15.00,208.99,1276.43
SET-20260108,2026-01-08,ORD-10287,3172.71,63.45,11.42,31.73,0.00,1533.06
SET-20260112,2026-01-12,ORD-10288,1747.60,34.95,6.29,17.48,0.00,1688.88
SET-20260107,2026-01-07,ORD-10289,14055.94,0.00,0.00,140.56,0.00,13915.38
SET-20260119,2026-01-19,ORD-10290,13090.34,261.81,47.13,130.90,0.00,12650.50
SET-20260202,2026-02-02,ORD-10291,7369.10,147.38,26.53,73.69,0.00,7121.50
SET-20260107,2026-01-07,ORD-10292,6894.31,137.89,24.82,68.94,0.00,6662.66
SET-20260112,2026-01-12,ORD-10293,1408.12,0.00,0.00,14.08,0.00,1394.04
SET-20260114,2026-01-14,ORD-10294,13102.40,0.00,0.00,131.02,0.00,12971.38
SET-20260105,2026-01-05,ORD-10295,2895.35,57.91,10.42,28.95,0.00,2798.07
SET-20260120,2026-01-20,ORD-10296,8419.38,168.39,30.31,84.19,0.00,8136.49
SET-20260126,2026-01-26,ORD-10297,7500.50,0.00,0.00,75.01,0.00,7425.49
SET-20260130,2026-01-30,ORD-10298,6392.32,0.00,0.00,63.92,0.00,6328.40
SET-20260119,2026-01-19,ORD-10299,14419.55,0.00,0.00,144.20,0.00,14275.35
SET-20260106,2026-01-06,ORD-10300,14817.21,0.00,0.00,148.17,0.00,14669.04
SET-20260112,2026-01-12,ORD-10301,635.04,0.00,0.00,6.35,0.00,628.69
SET-20260116,2026-01-16,ORD-10302,4401.05,0.00,0.00,44.01,0.00,4357.04
SET-20260119,2026-01-19,ORD-10303,3689.72,73.79,13.28,36.90,0.00,3565.75
SET-20260202,2026-02-02,ORD-10304,14576.65,0.00,0.00,145.77,0.00,14430.88
SET-20260114,2026-01-14,ORD-10305,3859.02,57.89,10.42,38.59,0.00,3752.12
SET-20260126,2026-01-26,ORD-10306,5516.65,110.33,19.86,55.17,0.00,5331.29
SET-20260128,2026-01-28,ORD-10307,4020.37,80.41,14.47,40.20,0.00,3885.29
SET-20260109,2026-01-09,ORD-10308,2136.93,38.46,6.92,21.37,0.00,2070.18
SET-20260112,2026-01-12,ORD-10309,1287.75,0.00,-0.02,12.88,0.00,1274.87
SET-20260112,2026-01-12,ORD-10310,6577.14,0.00,0.00,65.77,0.00,6511.37
SET-20260102,2026-01-02,ORD-10311,5516.91,0.00,0.00,55.17,0.00,5461.74
SET-20260116,2026-01-16,ORD-10312,8095.98,161.92,29.15,80.96,0.00,7823.95
SET-20260126,2026-01-26,ORD-10313,12990.40,259.81,46.77,129.90,0.00,12553.92
SET-20260121,2026-01-21,ORD-10314,14803.06,0.00,0.00,148.03,0.00,14655.03
SET-20260127,2026-01-27,ORD-10315,3525.58,0.00,0.00,35.26,0.00,3490.32
SET-20260102,2026-01-02,ORD-10316,10385.48,0.00,-0.05,103.85,0.00,10281.63
SET-20260128,2026-01-28,ORD-10317,14286.81,285.74,51.43,142.87,0.00,13806.77
SET-20260126,2026-01-26,ORD-10318,7921.60,0.00,0.00,79.22,0.00,7842.38
SET-20260126,2026-01-26,ORD-10319,2164.18,0.00,0.00,21.64,0.00,2142.54
SET-20260129,2026-01-29,ORD-10320,2603.25,0.00,0.00,26.03,0.00,2577.22
SET-20260130,2026-01-30,ORD-10321,3671.51,66.09,11.90,36.72,0.00,3556.80
SET-20260102,2026-01-02,ORD-10322,14180.29,283.61,51.05,141.80,0.00,13703.83
SET-20260119,2026-01-19,ORD-10323,13059.79,261.20,47.02,130.60,7384.98,5235.99
SET-20260105,2026-01-05,ORD-10324,3391.99,67.84,12.21,33.92,0.00,3278.02
SET-20260106,2026-01-06,ORD-10325,9936.11,298.08,53.65,99.36,5848.27,3636.75
SET-20260126,2026-01-26,ORD-10326,11779.31,235.59,42.41,117.79,0.00,11383.52
SET-20260105,2026-01-05,ORD-10327,5040.09,100.80,18.14,50.40,0.00,4870.75
SET-20260119,2026-01-19,ORD-10328,4894.50,73.42,13.22,48.95,0.00,4758.91
SET-20260202,2026-02-02,ORD-10329,285.23,0.00,0.00,2.85,0.00,282.38
SET-20260108,2026-01-08,ORD-10330,10492.91,0.00,0.00,104.93,0.00,10387.98
SET-20260119,2026-01-19,ORD-10331,5724.13,0.00,0.00,57.24,0.00,5666.89
SET-20260105,2026-01-05,ORD-10332,9368.46,0.00,0.00,93.68,0.00,9274.78
SET-20260127,2026-01-27,ORD-10333,7882.41,0.00,0.00,78.82,2133.17,5670.42
SET-20260106,2026-01-06,ORD-10334,8786.55,0.00,0.00,87.87,0.00,8698.68
SET-20260119,2026-01-19,ORD-10335,11253.76,225.08,40.51,112.54,0.00,10875.63
SET-20260122,2026-01-22,ORD-10336,6576.76,98.65,17.76,65.77,0.00,6394.58
SET-20260116,2026-01-16,ORD-10337,9889.46,0.00,0.00,98.89,0.00,9790.57
SET-20260114,2026-01-14,ORD-10338,1701.03,0.00,0.00,17.01,0.00,1684.02
SET-20260121,2026-01-21,ORD-10339,13958.17,0.00,0.00,139.58,0.00,13818.59
SET-20260112,2026-01-12,ORD-10340,10821.01,0.00,0.00,108.21,0.00,10712.80
SET-20260127,2026-01-27,ORD-10341,2881.01,57.62,10.37,57.62,0.00,2784.21
SET-20260114,2026-01-14,ORD-10342,4570.12,91.40,16.45,45.70,0.00,4416.57
SET-20260126,2026-01-26,ORD-10343,6483.01,0.00,0.00,64.83,0.00,6418.18
SET-20260113,2026-01-13,ORD-10344,7992.19,0.00,0.00,79.92,3348.67,4563.60
SET-20260123,2026-01-23,UNKNOWN-7510,3338.26,66.77,12.02,33.38,500.00,3226.09
SET-20260130,2026-01-30,ORD-10346,5430.64,0.00,0.00,54.31,0.00,5376.33
SET-20260119,2026-01-19,ORD-10347,12374.69,0.00,0.00,123.75,0.00,12250.94
SET-20260119,2026-01-19,ORD-10348,9433.12,0.00,0.00,94.33,0.00,9338.79
SET-20260116,2026-01-16,ORD-10349,13065.04,0.00,0.00,130.65,0.00,12934.39
SET-20260123,2026-01-23,ORD-10350,9701.18,194.02,34.92,97.01,0.00,9375.23
SET-20260112,2026-01-12,ORD-10351,8998.25,0.00,0.00,89.98,0.00,8908.27
SET-20260105,2026-01-05,ORD-10352,10488.14,0.00,0.00,104.88,0.00,10383.26
SET-20260108,2026-01-08,ORD-10353,14870.59,0.00,0.00,148.71,0.00,14721.88
SET-20260127,2026-01-27,ORD-10354,8760.13,0.00,0.00,87.60,0.00,8672.53
SET-20260109,2026-01-09,ORD-10355,3039.64,0.00,0.00,30.40,0.00,3009.24
SET-20260112,2026-01-12,ORD-10356,6747.67,101.22,18.22,67.48,0.00,6560.75
SET-20260113,2026-01-13,ORD-10357,9674.49,0.00,0.00,96.74,0.00,9577.75
SET-20260105,2026-01-05,ORD-10358,5000.14,0.00,0.00,50.00,0.00,4950.14
SET-20260126,2026-01-26,ORD-10359,9995.22,199.90,35.98,99.95,0.00,9659.39
SET-20260202,2026-02-02,ORD-10360,1090.11,21.80,3.92,10.90,0.00,1053.49
SET-20260114,2026-01-14,ORD-10361,3173.82,0.00,0.00,31.74,0.00,3142.08
SET-20260126,2026-01-26,ORD-10362,5344.06,106.88,19.24,53.44,0.00,5164.50
SET-20260119,2026-01-19,ORD-10363,1973.47,35.52,6.39,19.73,924.75,987.08
SET-20260113,2026-01-13,ORD-10364,12662.09,0.00,0.00,126.62,0.00,12535.47
SET-20260119,2026-01-19,ORD-10365,2090.16,31.35,5.64,20.90,0.00,2032.27
SET-20260105,2026-01-05,ORD-10366,1941.21,0.00,0.00,19.41,0.00,1921.80
SET-20260112,2026-01-12,ORD-10367,5325.56,0.00,0.00,53.26,0.00,5272.30
SET-20260105,2026-01-05,ORD-10368,4339.61,78.11,14.06,43.40,0.00,4204.04
SET-20260107,2026-01-07,ORD-10369,11836.88,236.74,42.61,118.37,0.00,11439.16
SET-20260121,2026-01-21,ORD-10370,13972.81,0.00,0.00,139.73,0.00,13833.08
SET-20260105,2026-01-05,ORD-10371,12127.70,242.55,43.66,121.28,0.00,11720.21
SET-20260112,2026-01-12,ORD-10372,2768.16,55.36,9.96,27.68,0.00,2675.16
SET-20260121,2026-01-21,ORD-10373,9686.39,145.30,26.15,96.86,0.00,9418.08
SET-20260123,2026-01-23,ORD-10374,9174.29,0.00,0.00,91.74,0.00,9082.55
SET-20260115,2026-01-15,UNKNOWN-5376,6100.21,0.00,0.00,61.00,500.00,6039.21
SET-20260109,2026-01-09,ORD-10376,582.02,0.00,0.00,5.82,0.00,576.20
SET-20260129,2026-01-29,ORD-10377,14494.17,0.00,0.00,144.94,0.00,14349.23
SET-20260115,2026-01-15,ORD-10378,4310.74,64.66,11.64,43.11,469.20,3722.13
SET-20260129,2026-01-29,ORD-10379,5919.62,118.39,21.31,59.20,0.00,5720.72
SET-20260126,2026-01-26,ORD-10380,7372.10,147.44,26.54,73.72,0.00,7124.40
SET-20260116,2026-01-16,ORD-10381,6568.99,0.00,0.00,65.69,0.00,6503.30
SET-20260129,2026-01-29,ORD-10382,10443.99,0.00,0.00,104.44,0.00,10339.55
SET-20260108,2026-01-08,ORD-10383,12246.76,244.94,44.09,122.47,0.00,11835.26
SET-20260121,2026-01-21,ORD-10384,8000.21,0.00,0.00,80.00,0.00,7920.21
SET-20260121,2026-01-21,ORD-10385,6856.81,0.00,0.00,68.57,0.00,6788.24
SET-20260129,2026-01-29,ORD-10386,2817.93,0.00,0.00,28.18,0.00,2789.75
SET-20260126,2026-01-26,ORD-10387,2180.30,0.00,0.00,21.80,0.00,2158.50
SET-20260122,2026-01-22,ORD-10388,10278.43,0.00,0.00,102.78,0.00,5087.83
SET-20260114,2026-01-14,ORD-10389,12547.69,250.95,45.17,125.48,0.00,12126.09
SET-20260106,2026-01-06,ORD-10390,830.97,0.00,0.00,8.31,0.00,822.66
SET-20260112,2026-01-12,ORD-10391,7590.14,0.00,0.00,75.90,0.00,7514.24
SET-20260202,2026-02-02,ORD-10392,12996.97,0.00,0.00,129.97,0.00,12867.00
SET-20260105,2026-01-05,ORD-10393,6007.43,108.13,19.46,60.07,0.00,5819.77
SET-20260119,2026-01-19,ORD-10394,4868.02,97.36,17.52,48.68,0.00,4704.46
SET-20260130,2026-01-30,ORD-10395,13968.72,0.00,0.00,139.69,0.00,13829.03
SET-20260129,2026-01-29,ORD-10396,7532.69,0.00,0.00,75.33,0.00,7457.36
SET-20260119,2026-01-19,ORD-10397,13362.99,0.00,0.00,133.63,0.00,13229.36
SET-20260106,2026-01-06,ORD-10398,7780.88,155.62,28.01,77.81,1107.97,6411.47
SET-20260102,2026-01-02,ORD-10399,12071.53,0.00,0.00,120.72,4276.82,7673.99
SET-20260127,2026-01-27,ORD-10400,14875.51,267.76,48.20,148.76,0.00,14410.79
SET-20260120,2026-01-20,ORD-10401,2776.82,0.00,0.00,27.77,0.00,2749.05
SET-20260109,2026-01-09,ORD-10402,6479.59,0.00,0.00,64.80,0.00,6414.79
SET-20260119,2026-01-19,UNKNOWN-1242,11780.78,0.00,0.00,117.81,500.00,11662.97
SET-20260116,2026-01-16,ORD-10404,9302.19,186.04,33.49,93.02,0.00,8989.64
SET-20260127,2026-01-27,ORD-10405,13458.06,0.00,0.00,134.58,0.00,13323.48
SET-20260128,2026-01-28,ORD-10406,1886.56,0.00,0.00,18.87,0.00,1867.69
SET-20260119,2026-01-19,ORD-10407,847.29,0.00,0.00,8.47,0.00,838.82
SET-20260112,2026-01-12,ORD-10408,5764.69,115.29,20.75,57.65,0.00,5571.00
SET-20260119,2026-01-19,ORD-10409,13939.10,278.78,50.18,139.39,0.00,13470.75
SET-20260119,2026-01-19,ORD-10410,14887.75,297.76,53.58,148.88,0.00,14387.51
SET-20260108,2026-01-08,ORD-10411,13800.11,0.00,0.00,138.00,0.00,13662.11
SET-20260122,2026-01-22,ORD-10412,10981.66,219.63,39.53,109.82,0.00,10612.68
SET-20260112,2026-01-12,ORD-10413,11347.17,0.00,0.00,113.47,0.00,11233.70
SET-20260114,2026-01-14,ORD-10414,1797.57,35.95,6.47,17.98,0.00,1737.17
SET-20260119,2026-01-19,ORD-10415,2430.01,0.00,0.00,24.30,0.00,2405.71
SET-20260106,2026-01-06,ORD-10416,11202.67,224.05,40.33,112.03,0.00,10826.26
SET-20260126,2026-01-26,ORD-10417,1587.60,31.75,5.72,15.88,0.00,1534.25
SET-20260106,2026-01-06,ORD-10418,7031.05,0.00,0.00,70.31,0.00,6960.74
SET-20260106,2026-01-06,ORD-10419,14878.79,0.00,0.00,148.79,0.00,14730.00
SET-20260112,2026-01-12,ORD-10420,3219.73,64.39,11.59,32.20,0.00,3111.55
SET-20260108,2026-01-08,ORD-10421,11800.12,236.00,42.48,118.00,5669.90,5733.74
SET-20260113,2026-01-13,ORD-10422,11293.27,225.87,40.66,112.93,0.00,10913.81
SET-20260119,2026-01-19,ORD-10423,12661.16,0.00,0.00,126.61,0.00,12534.55
SET-20260127,2026-01-27,ORD-10424,5903.56,118.07,21.25,59.04,0.00,5705.20
SET-20260123,2026-01-23,ORD-10425,2239.78,44.80,8.06,22.40,423.74,1740.78
SET-20260107,2026-01-07,ORD-10426,2883.53,0.00,0.00,28.84,0.00,2854.69
SET-20260108,2026-01-08,ORD-10427,7749.62,154.99,27.90,77.50,0.00,7489.23
SET-20260127,2026-01-27,ORD-10428,8497.77,169.96,30.59,84.98,0.00,8212.24
SET-20260119,2026-01-19,ORD-10429,1340.46,0.00,0.00,13.40,0.00,1327.06
SET-20260202,2026-02-02,ORD-10430,10673.68,213.47,38.42,106.74,0.00,10315.05
SET-20260119,2026-01-19,ORD-10431,5057.25,0.00,0.00,50.57,0.00,5006.68
SET-20260121,2026-01-21,ORD-10432,9053.73,181.07,32.59,90.54,0.00,8749.53
SET-20260129,2026-01-29,ORD-10433,9709.96,0.00,0.00,97.10,0.00,9612.86
SET-20260119,2026-01-19,ORD-10434,10351.49,310.54,55.90,103.51,0.00,9881.54
SET-20260108,2026-01-08,ORD-10435,3203.46,64.07,11.53,32.03,0.00,3095.83
SET-20260105,2026-01-05,ORD-10436,10563.73,211.27,38.03,105.64,0.00,10208.79
SET-20260107,2026-01-07,ORD-10437,13958.33,279.17,50.25,139.58,0.00,13489.33
SET-20260105,2026-01-05,ORD-10438,13116.41,196.75,35.42,131.16,0.00,12753.08
SET-20260119,2026-01-19,ORD-10439,7347.94,0.00,0.00,73.48,0.00,7274.46
SET-20260108,2026-01-08,ORD-10440,7547.63,0.00,0.00,75.48,0.00,7472.15
SET-20260107,2026-01-07,ORD-10441,9231.33,0.00,0.00,92.31,0.00,9139.02
SET-20260126,2026-01-26,ORD-10442,1220.58,0.00,0.00,12.21,0.00,1208.37
SET-20260129,2026-01-29,ORD-10443,3855.29,69.40,12.49,38.55,0.00,3734.85
SET-20260119,2026-01-19,ORD-10444,6856.15,137.12,24.68,68.56,0.00,6625.79
SET-20260114,2026-01-14,ORD-10445,697.48,0.00,0.00,6.97,0.00,690.51
SET-20260126,2026-01-26,ORD-10446,6284.21,0.00,0.00,62.84,0.00,6221.37
SET-20260119,2026-01-19,ORD-10447,10024.09,180.43,32.48,100.24,0.00,9710.94
SET-20260108,2026-01-08,ORD-10448,12452.45,249.05,44.83,124.52,0.00,12034.05
SET-20260106,2026-01-06,ORD-10449,14697.35,0.00,0.00,146.97,0.00,14550.38
SET-20260106,2026-01-06,ORD-10450,4768.74,85.84,15.45,47.69,0.00,4619.76
SET-20260130,2026-01-30,ORD-10451,526.12,10.52,1.89,5.26,0.00,508.45
SET-20260126,2026-01-26,ORD-10452,8506.10,0.00,0.00,85.06,0.00,8421.04
SET-20260105,2026-01-05,ORD-10453,10897.65,0.00,0.05,108.98,0.00,10788.67
SET-20260119,2026-01-19,ORD-10454,1409.54,0.00,0.05,14.10,0.00,1395.44
SET-20260122,2026-01-22,ORD-10455,10029.98,0.00,0.00,100.30,0.00,9929.68
SET-20260119,2026-01-19,ORD-10456,8272.39,0.00,0.00,82.72,0.00,8189.67
SET-20260129,2026-01-29,ORD-10457,6996.75,0.00,0.00,69.97,0.00,6926.78
SET-20260108,2026-01-08,ORD-10458,2637.65,0.00,0.00,26.38,0.00,2611.27
SET-20260123,2026-01-23,ORD-10459,3232.24,48.48,8.73,32.32,0.00,3142.71
SET-20260129,2026-01-29,ORD-10460,3734.18,0.00,0.00,37.34,0.00,3696.84
SET-20260127,2026-01-27,ORD-10461,602.08,0.00,0.00,6.02,0.00,596.06
SET-20260109,2026-01-09,ORD-10462,5982.78,119.66,21.54,59.83,0.00,5781.75
SET-20260126,2026-01-26,ORD-10463,6081.24,0.00,0.00,60.81,0.00,6020.43
SET-20260112,2026-01-12,ORD-10464,2963.50,0.00,0.00,29.64,0.00,2933.86
SET-20260112,2026-01-12,ORD-10465,9591.82,191.84,34.53,95.92,0.00,9269.53
SET-20260119,2026-01-19,ORD-10466,8088.83,0.00,0.00,80.89,0.00,8007.94
SET-20260113,2026-01-13,ORD-10467,9279.40,0.00,0.00,92.79,0.00,9186.61
SET-20260112,2026-01-12,ORD-10468,7704.36,154.09,27.74,77.04,2171.45,5274.04
SET-20260129,2026-01-29,ORD-10469,2451.14,0.00,0.00,24.51,0.00,2426.63
SET-20260123,2026-01-23,ORD-10470,13259.76,198.90,35.80,132.60,0.00,12892.46
SET-20260119,2026-01-19,ORD-10471,6382.86,191.49,34.47,63.83,0.00,6093.07
SET-20260114,2026-01-14,ORD-10472,2656.13,39.84,7.17,26.56,0.00,2582.56
SET-20260126,2026-01-26,ORD-10473,386.59,7.73,1.39,3.87,0.00,373.60
SET-20260126,2026-01-26,ORD-10474,1375.22,27.50,4.95,13.75,0.00,1329.02
SET-20260130,2026-01-30,ORD-10475,12322.14,0.00,0.00,123.22,0.00,12198.92
SET-20260113,2026-01-13,ORD-10476,7173.28,107.60,19.37,71.73,0.00,6974.58
SET-20260122,2026-01-22,ORD-10477,5161.08,0.00,0.00,51.61,0.00,5109.47
SET-20260126,2026-01-26,ORD-10478,10842.35,0.00,0.00,108.42,0.00,10733.93
SET-20260120,2026-01-20,ORD-10479,9283.91,0.00,0.00,92.84,0.00,9191.07
SET-20260119,2026-01-19,ORD-10480,12131.70,181.98,32.76,121.32,0.00,11795.64
SET-20260102,2026-01-02,ORD-10481,11141.56,0.00,0.00,111.42,0.00,11030.14
SET-20260126,2026-01-26,ORD-10482,10288.71,0.00,0.00,102.89,0.00,10185.82
SET-20260102,2026-01-02,ORD-10483,1275.53,0.00,0.00,12.76,0.00,1262.77
SET-20260127,2026-01-27,ORD-10484,3389.84,0.00,0.00,33.90,0.00,3355.94
SET-20260126,2026-01-26,ORD-10485,9866.81,177.60,31.97,98.67,0.00,9558.57
SET-20260108,2026-01-08,ORD-10486,11869.02,237.38,42.73,118.69,0.00,11470.22
SET-20260102,2026-01-02,ORD-10487,10126.84,202.54,36.46,101.27,0.00,9786.57
SET-20260126,2026-01-26,ORD-10488,7013.30,105.20,18.94,70.13,0.00,6819.03
SET-20260105,2026-01-05,ORD-10489,12074.84,0.00,0.00,120.75,3751.92,8202.17
SET-20260127,2026-01-27,ORD-10490,2086.32,41.73,7.51,20.86,0.00,2016.22
SET-20260105,2026-01-05,ORD-10491,12112.62,0.00,0.00,121.13,0.00,11991.49
SET-20260112,2026-01-12,ORD-10492,9599.32,0.00,0.00,95.99,0.00,9503.33
SET-20260122,2026-01-22,ORD-10493,1628.71,0.00,0.00,16.29,544.61,1067.81
SET-20260115,2026-01-15,ORD-10494,3550.00,71.00,12.78,35.50,0.00,3430.72
SET-20260128,2026-01-28,ORD-10495,13183.14,197.75,35.60,131.83,0.00,12817.96
SET-20260123,2026-01-23,ORD-10496,9467.41,0.00,0.00,94.67,0.00,9372.74
SET-20260119,2026-01-19,ORD-10497,4163.09,83.26,14.99,41.63,0.00,4023.21
SET-20260122,2026-01-22,ORD-10498,3934.15,0.00,0.00,39.34,0.00,3894.81
SET-20260122,2026-01-22,ORD-10499,7973.55,199.34,0.00,79.74,0.00,7893.81
SET-20260105,2026-01-05,ORD-10500,14346.20,0.00,0.00,143.46,0.00,14202.74
SET-20260109,2026-01-09,ORD-10501,6632.02,132.64,23.88,66.32,0.00,6409.18
SET-20260127,2026-01-27,ORD-10502,2724.61,49.04,8.83,27.25,0.00,2639.49
SET-20260126,2026-01-26,ORD-10503,9666.16,193.32,34.80,96.66,0.00,9341.38
SET-20260105,2026-01-05,ORD-10504,11843.90,213.19,38.37,118.44,0.00,11473.90
SET-20260126,2026-01-26,ORD-10505,7198.88,215.97,38.87,71.99,0.00,6872.05
SET-20260107,2026-01-07,ORD-10506,13393.90,0.00,0.00,133.94,5384.83,7875.13
SET-20260109,2026-01-09,ORD-10507,7150.70,0.00,0.00,71.51,0.00,7079.19
SET-20260105,2026-01-05,ORD-10508,9239.55,230.99,0.00,92.40,0.00,9147.15
SET-20260114,2026-01-14,ORD-10509,281.49,0.00,0.00,2.81,0.00,278.68
SET-20260112,2026-01-12,ORD-10510,4416.64,110.42,0.00,44.17,0.00,4372.47
SET-20260202,2026-02-02,ORD-10511,856.94,0.00,0.00,8.57,0.00,848.37
SET-20260119,2026-01-19,ORD-10512,12309.46,0.00,0.00,123.09,0.00,12186.37
SET-20260126,2026-01-26,ORD-10513,639.09,12.78,2.30,6.39,207.90,409.72
SET-20260115,2026-01-15,ORD-10514,6039.73,0.00,0.00,60.40,0.00,5979.33
SET-20260109,2026-01-09,ORD-10515,4020.96,80.42,14.48,40.21,0.00,3885.85
SET-20260127,2026-01-27,ORD-10516,14319.69,286.39,51.55,143.20,0.00,13838.55
SET-20260115,2026-01-15,ORD-10517,4012.59,0.00,0.00,40.13,0.00,3972.46
SET-20260119,2026-01-19,ORD-10518,10046.32,150.69,27.12,100.46,0.00,9768.05
SET-20260106,2026-01-06,ORD-10519,6400.43,128.01,23.04,64.00,0.00,6185.38
SET-20260127,2026-01-27,ORD-10520,5450.62,98.11,17.66,54.51,0.00,5280.34
SET-20260112,2026-01-12,ORD-10521,5556.42,138.91,20.00,55.56,2322.85,3046.88
SET-20260112,2026-01-12,ORD-10522,2483.96,0.00,0.00,24.84,0.00,2459.12
SET-20260122,2026-01-22,ORD-10523,1183.37,0.00,0.00,11.83,0.00,1171.54
SET-20260119,2026-01-19,ORD-10524,6446.11,0.00,0.00,64.46,0.00,6381.65
SET-20260114,2026-01-14,ORD-10525,847.34,0.00,0.00,8.47,0.00,838.87
SET-20260126,2026-01-26,ORD-10526,12287.50,0.00,0.00,122.88,0.00,12164.62
SET-20260112,2026-01-12,ORD-10527,10159.91,0.00,0.00,101.60,0.00,10058.31
SET-20260127,2026-01-27,ORD-10528,3548.93,0.00,0.00,35.49,0.00,3513.44
SET-20260113,2026-01-13,ORD-10529,11438.40,0.00,0.00,114.38,0.00,11324.02
SET-20260127,2026-01-27,ORD-10530,10642.67,212.85,38.31,106.43,0.00,10285.08
SET-20260126,2026-01-26,ORD-10531,6571.83,0.00,0.00,65.72,0.00,6506.11
SET-20260102,2026-01-02,ORD-10532,2486.00,0.00,0.00,24.86,0.00,2461.14
SET-20260129,2026-01-29,ORD-10533,5240.94,0.00,0.00,52.41,0.00,5188.53
SET-20260119,2026-01-19,ORD-10534,12737.66,0.00,0.00,127.38,0.00,12610.28
SET-20260126,2026-01-26,ORD-10535,10386.46,0.00,0.00,103.86,0.00,10282.60
SET-20260126,2026-01-26,ORD-10536,7680.74,138.25,24.89,76.81,0.00,7440.79
SET-20260128,2026-01-28,ORD-10537,658.15,0.00,0.00,6.58,0.00,651.57
SET-20260119,2026-01-19,ORD-10538,11391.96,0.00,0.00,113.92,0.00,11278.04
SET-20260106,2026-01-06,ORD-10539,1918.86,34.54,6.22,19.19,0.00,1858.91
SET-20260126,2026-01-26,ORD-10540,9123.55,136.85,24.63,91.24,0.00,8870.83
SET-20260114,2026-01-14,ORD-10541,14424.81,0.00,0.00,144.25,0.00,14280.56
SET-20260119,2026-01-19,ORD-10542,7272.60,0.00,0.00,72.73,0.00,7199.87
SET-20260122,2026-01-22,ORD-10543,12610.53,0.00,0.00,126.11,0.00,12484.42
SET-20260114,2026-01-14,ORD-10544,2822.13,0.00,0.00,28.22,0.00,2793.91
SET-20260122,2026-01-22,ORD-10545,12494.19,0.00,0.00,124.94,0.00,12369.25
SET-20260126,2026-01-26,ORD-10546,2427.72,36.42,6.56,48.55,0.00,2360.46
SET-20260130,2026-01-30,ORD-10547,11071.75,0.00,0.00,110.72,0.00,10961.03
SET-20260126,2026-01-26,ORD-10548,7029.39,140.59,25.31,70.29,0.00,6793.20
SET-20260106,2026-01-06,ORD-10549,10721.09,192.98,34.74,107.21,0.00,10386.16
SET-20260128,2026-01-28,ORD-10550,9066.98,0.00,0.00,90.67,0.00,8976.31
SET-20260123,2026-01-23,ORD-10551,8329.97,0.00,0.00,83.30,0.00,8246.67
SET-20260112,2026-01-12,ORD-10552,710.03,12.78,2.30,7.10,0.00,687.85
SET-20260127,2026-01-27,ORD-10553,11368.39,0.00,0.00,113.68,0.00,11254.71
SET-20260105,2026-01-05,ORD-10554,7932.17,158.64,28.56,79.32,0.00,7665.65
SET-20260128,2026-01-28,ORD-10555,5561.57,111.23,20.02,55.62,0.00,5374.70
SET-20260128,2026-01-28,ORD-10556,12447.28,248.95,44.81,124.47,0.00,12029.05
SET-20260114,2026-01-14,UNKNOWN-9431,3167.02,0.00,0.00,31.67,500.00,3135.35
SET-20260119,2026-01-19,ORD-10558,12735.14,191.03,34.39,127.35,0.00,12382.37
SET-20260107,2026-01-07,ORD-10559,6835.12,0.00,0.00,68.35,0.00,6766.77
SET-20260126,2026-01-26,ORD-10560,11486.43,206.76,37.22,114.86,6157.00,4970.59
SET-20260112,2026-01-12,ORD-10561,5508.99,82.63,14.87,55.09,0.00,5356.40
SET-20260126,2026-01-26,ORD-10562,11942.23,358.27,64.49,119.42,0.00,11400.05
SET-20260127,2026-01-27,ORD-10563,1529.22,0.00,0.00,15.29,414.25,1099.68
SET-20260102,2026-01-02,ORD-10564,283.85,5.11,0.92,2.84,0.00,274.98
SET-20260112,2026-01-12,ORD-10565,12719.64,254.39,45.79,127.20,0.00,12292.26
SET-20260112,2026-01-12,ORD-10566,1349.21,0.00,0.00,13.49,0.00,1335.72
SET-20260107,2026-01-07,ORD-10567,5362.54,0.00,0.00,53.63,0.00,5308.91
SET-20260114,2026-01-14,ORD-10568,290.11,0.00,0.00,2.90,0.00,287.21
SET-20260105,2026-01-05,ORD-10569,7609.24,152.18,27.39,76.09,0.00,7353.58
SET-20260129,2026-01-29,ORD-10570,1278.95,0.00,0.00,12.79,0.00,1266.16
SET-20260129,2026-01-29,ORD-10571,4358.87,65.38,11.77,43.59,0.00,4238.13
SET-20260202,2026-02-02,UNKNOWN-8543,13610.44,0.00,0.00,136.10,500.00,13474.34
SET-20260102,2026-01-02,ORD-10573,14688.92,293.78,52.88,146.89,0.00,14195.37
SET-20260126,2026-01-26,ORD-10574,7645.64,0.00,0.00,76.46,0.00,7569.18
SET-20260109,2026-01-09,ORD-10575,1262.28,25.25,4.55,12.62,0.00,1219.86
SET-20260129,2026-01-29,ORD-10576,12098.59,241.97,43.55,120.99,0.00,11692.08
SET-20260114,2026-01-14,ORD-10577,11675.12,0.00,0.00,116.75,0.00,11558.37
SET-20260115,2026-01-15,ORD-10578,12391.92,247.84,44.61,123.92,0.00,11975.55
SET-20260119,2026-01-19,ORD-10579,1720.67,0.00,0.00,17.21,0.00,1703.46
SET-20260119,2026-01-19,ORD-10580,8983.59,134.75,24.26,89.84,0.00,8734.74
SET-20260109,2026-01-09,ORD-10581,5237.49,94.27,16.97,52.37,0.00,5073.88
SET-20260129,2026-01-29,ORD-10582,12435.38,0.00,0.00,124.35,0.00,12311.03
SET-20260105,2026-01-05,ORD-10583,8662.78,155.93,28.07,86.63,0.00,8392.15
SET-20260120,2026-01-20,ORD-10584,5784.24,104.12,18.74,57.84,0.00,5603.54
SET-20260119,2026-01-19,ORD-10585,7508.45,0.00,0.00,75.08,0.00,7433.37
SET-20260126,2026-01-26,ORD-10586,264.58,0.00,0.00,2.65,0.00,261.93
SET-20260114,2026-01-14,ORD-10587,11463.36,206.34,37.14,114.63,0.00,11105.25
SET-20260202,2026-02-02,ORD-10588,1759.40,35.19,6.33,17.59,0.00,1700.29
SET-20260112,2026-01-12,ORD-10589,7578.85,0.00,0.00,75.79,0.00,7503.06
SET-20260105,2026-01-05,ORD-10590,1842.47,36.85,6.63,18.42,0.00,1780.57
SET-20260112,2026-01-12,ORD-10591,11560.00,0.00,0.00,115.60,0.00,11444.40
SET-20260105,2026-01-05,ORD-10592,13072.50,261.45,47.06,130.73,0.00,12633.26
SET-20260105,2026-01-05,ORD-10593,4570.46,0.00,0.00,45.70,0.00,4524.76
SET-20260119,2026-01-19,ORD-10594,4871.28,97.43,17.54,48.71,0.00,4707.60
SET-20260109,2026-01-09,ORD-10595,8771.79,0.00,0.00,87.72,3801.99,4882.08
SET-20260123,2026-01-23,ORD-10596,8248.32,0.00,0.00,82.48,0.00,8165.84
SET-20260114,2026-01-14,ORD-10597,13683.82,205.26,36.95,136.84,0.00,13304.77
SET-20260115,2026-01-15,ORD-10598,7494.40,0.00,0.00,74.94,0.00,7419.46
SET-20260123,2026-01-23,ORD-10599,346.87,0.00,0.00,3.47,0.00,343.40
SET-20260129,2026-01-29,ORD-10600,6932.80,0.00,0.00,69.33,0.00,6863.47
SET-20260129,2026-01-29,ORD-10601,12885.52,257.71,46.39,128.86,0.00,12452.56
SET-20260116,2026-01-16,ORD-10602,1979.07,0.00,0.00,19.79,488.15,1471.13
SET-20260126,2026-01-26,ORD-10603,3504.30,70.09,12.62,35.04,0.00,3386.55
SET-20260119,2026-01-19,ORD-10604,9767.59,175.82,31.65,97.68,0.00,9462.44
SET-20260112,2026-01-12,ORD-10605,13498.70,269.97,48.59,134.99,0.00,13045.15
SET-20260109,2026-01-09,ORD-10606,13511.94,270.24,48.64,135.12,0.00,13057.94
SET-20260105,2026-01-05,ORD-10607,11262.18,0.00,0.00,112.62,0.00,11149.56
SET-20260127,2026-01-27,ORD-10608,14152.32,283.05,50.95,141.52,0.00,13676.80
SET-20260119,2026-01-19,ORD-10609,11698.53,0.00,0.00,116.99,0.00,11581.54
SET-20260108,2026-01-08,ORD-10610,12738.48,0.00,0.00,127.38,0.00,12611.10
SET-20260114,2026-01-14,ORD-10611,8003.52,144.06,25.93,80.04,0.00,7753.49
SET-20260112,2026-01-12,ORD-10612,12185.93,219.35,39.48,121.86,0.00,11805.24
SET-20260123,2026-01-23,ORD-10613,1097.31,21.95,3.95,10.97,2097.31,-1000.00
SET-20260119,2026-01-19,ORD-10614,9537.64,238.44,0.00,95.38,0.00,9442.26
SET-20260119,2026-01-19,ORD-10615,11464.11,0.00,0.00,114.64,0.00,11349.47
SET-20260115,2026-01-15,ORD-10616,4265.62,63.98,11.52,42.66,0.00,4147.46
SET-20260112,2026-01-12,ORD-10617,6987.25,139.75,25.16,69.87,0.00,6752.47
SET-20260109,2026-01-09,ORD-10618,939.69,14.10,2.54,9.40,0.00,913.65
SET-20260114,2026-01-14,ORD-10619,3781.26,68.06,12.25,37.81,0.00,3663.14
SET-20260105,2026-01-05,ORD-10620,10733.50,322.01,57.96,107.34,0.00,10246.19
SET-20260112,2026-01-12,ORD-10621,6667.54,133.35,24.00,66.68,0.00,6443.51
SET-20260123,2026-01-23,ORD-10622,11930.41,214.75,38.66,119.30,0.00,11557.70
SET-20260112,2026-01-12,ORD-10623,14302.87,257.45,46.34,143.03,0.00,13856.05
SET-20260112,2026-01-12,ORD-10624,11641.72,0.00,0.00,116.42,0.00,11525.30
SET-20260112,2026-01-12,ORD-10625,11763.96,211.75,38.12,117.64,0.00,11396.45
SET-20260130,2026-01-30,ORD-10626,9125.35,136.88,24.64,91.25,0.00,8872.58
SET-20260129,2026-01-29,ORD-10627,8369.46,125.54,22.60,83.69,4218.54,3919.09
SET-20260105,2026-01-05,ORD-10628,10987.15,0.00,0.00,109.87,0.00,10877.28
SET-20260126,2026-01-26,ORD-10629,7317.17,182.93,26.34,73.17,0.00,7071.32
SET-20260112,2026-01-12,ORD-10630,14853.28,267.36,48.12,148.53,0.00,14389.27
SET-20260126,2026-01-26,ORD-10631,5701.52,0.00,0.00,57.02,0.00,5644.50
SET-20260105,2026-01-05,ORD-10632,14273.74,285.47,51.38,142.74,0.00,13794.15
SET-20260119,2026-01-19,ORD-10633,5917.58,118.35,21.30,59.18,0.00,5718.75
SET-20260102,2026-01-02,ORD-10634,13553.10,203.30,36.59,135.53,0.00,13177.68
SET-20260126,2026-01-26,ORD-10635,11326.23,0.00,0.00,113.26,0.00,11212.97
SET-20260123,2026-01-23,ORD-10636,3528.38,0.00,0.00,35.28,0.00,3493.10
SET-20260126,2026-01-26,ORD-10637,7847.14,156.94,28.25,78.47,0.00,7583.48
SET-20260129,2026-01-29,ORD-10638,13575.61,203.63,36.65,135.76,0.00,13199.57
SET-20260115,2026-01-15,ORD-10639,12382.78,185.74,33.43,123.83,0.00,12039.78
SET-20260114,2026-01-14,ORD-10640,3978.57,0.00,0.00,39.79,0.00,3938.78
SET-20260115,2026-01-15,ORD-10641,1221.31,21.98,3.96,12.21,0.00,1183.16
SET-20260105,2026-01-05,ORD-10642,5418.52,81.28,14.63,54.19,0.00,5268.42
SET-20260119,2026-01-19,ORD-10643,871.97,0.00,0.00,8.72,0.00,863.25
SET-20260202,2026-02-02,ORD-10644,11530.09,0.00,0.00,115.30,0.00,11414.79
SET-20260123,2026-01-23,ORD-10645,1008.59,18.15,3.27,10.09,0.00,977.08
SET-20260107,2026-01-07,ORD-10646,4698.35,0.00,0.00,46.98,2183.19,2468.18
SET-20260113,2026-01-13,ORD-10647,11029.53,220.59,39.71,110.30,0.00,10658.93
SET-20260114,2026-01-14,ORD-10648,4683.38,0.00,0.00,46.83,0.00,4636.55
SET-20260128,2026-01-28,ORD-10649,2055.28,0.00,0.00,20.55,0.00,2034.73
SET-20260105,2026-01-05,ORD-10650,6019.29,120.39,21.67,60.19,0.00,5817.04
SET-20260128,2026-01-28,ORD-10651,505.94,0.00,0.00,5.06,0.00,500.88
SET-20260119,2026-01-19,ORD-10652,9500.82,0.00,0.00,95.01,0.00,9405.81
SET-20260119,2026-01-19,ORD-10653,9555.96,0.00,0.00,95.56,0.00,9460.40
SET-20260119,2026-01-19,ORD-10654,7731.58,0.00,0.00,77.32,0.00,7654.26
SET-20260126,2026-01-26,ORD-10655,10518.70,210.37,37.87,105.19,0.00,10165.27
SET-20260102,2026-01-02,ORD-10656,2051.85,30.78,5.54,20.52,0.00,1995.01
SET-20260105,2026-01-05,ORD-10657,3089.56,0.00,0.00,30.90,0.00,3058.66
SET-20260121,2026-01-21,ORD-10658,12876.75,257.54,46.36,128.77,0.00,12444.08
SET-20260116,2026-01-16,ORD-10659,8329.78,0.00,0.00,83.30,0.00,8246.48
SET-20260105,2026-01-05,ORD-10660,5931.11,106.76,19.22,59.31,2912.68,2833.14
SET-20260109,2026-01-09,ORD-10661,10614.76,191.07,34.39,106.15,0.00,10283.15
SET-20260105,2026-01-05,ORD-10662,10632.09,159.48,28.71,106.32,0.00,10337.58
SET-20260119,2026-01-19,ORD-10663,964.70,0.00,0.00,9.65,0.00,955.05
SET-20260107,2026-01-07,ORD-10664,2852.98,42.79,7.70,28.53,0.00,2773.96
SET-20260113,2026-01-13,ORD-10665,2149.38,32.24,5.80,21.49,0.00,2089.85
SET-20260105,2026-01-05,ORD-10666,10156.00,203.12,36.56,101.56,0.00,9814.76
SET-20260126,2026-01-26,ORD-10667,8661.84,129.93,23.39,86.62,0.00,8421.90
SET-20260119,2026-01-19,ORD-10668,10175.49,0.00,0.00,101.75,0.00,10073.74
SET-20260202,2026-02-02,ORD-10669,9395.13,0.00,0.00,93.95,0.00,9301.18
SET-20260115,2026-01-15,ORD-10670,1211.63,24.23,4.36,12.12,0.00,1170.92
SET-20260119,2026-01-19,ORD-10671,10344.57,0.00,0.00,103.45,0.00,10241.12
SET-20260116,2026-01-16,ORD-10672,14177.84,283.56,51.04,141.78,0.00,13701.46
SET-20260116,2026-01-16,ORD-10673,6391.34,127.83,23.01,63.91,0.00,6176.59
SET-20260130,2026-01-30,ORD-10674,4289.52,0.00,0.00,42.90,0.00,4246.62
SET-20260127,2026-01-27,ORD-10675,7876.77,0.00,0.00,78.77,0.00,7798.00
SET-20260106,2026-01-06,ORD-10676,3009.27,60.19,10.83,30.09,0.00,2908.16
SET-20260119,2026-01-19,ORD-10677,9161.14,0.00,0.00,91.61,0.00,9069.53
SET-20260105,2026-01-05,ORD-10678,8334.17,166.68,30.00,83.34,0.00,8054.15
SET-20260126,2026-01-26,ORD-10679,14281.06,0.00,0.00,142.81,0.00,14138.25
SET-20260113,2026-01-13,ORD-10680,9797.87,0.00,0.00,97.98,5707.33,3992.56
SET-20260128,2026-01-28,ORD-10681,6870.16,137.40,24.73,68.70,0.00,6639.33
SET-20260128,2026-01-28,ORD-10682,3892.96,0.00,0.00,38.93,0.00,3854.03
SET-20260120,2026-01-20,ORD-10683,9261.42,0.00,0.00,92.61,0.00,9168.81
SET-20260122,2026-01-22,ORD-10684,8896.27,177.93,32.03,88.96,0.00,8597.35
SET-20260129,2026-01-29,ORD-10685,8827.31,0.00,0.00,88.27,0.00,8739.04
SET-20260102,2026-01-02,ORD-10686,6105.72,91.59,16.49,61.06,0.00,5936.58
SET-20260107,2026-01-07,ORD-10687,10041.92,0.00,0.00,100.42,0.00,9941.50
SET-20260119,2026-01-19,ORD-10688,13372.84,0.00,0.00,133.73,0.00,13239.11
SET-20260116,2026-01-16,ORD-10689,7788.35,0.00,0.00,77.88,0.00,3855.24
SET-20260129,2026-01-29,ORD-10690,9637.79,0.00,0.00,96.38,0.00,9541.41
SET-20260109,2026-01-09,ORD-10691,12311.87,0.00,0.00,123.12,0.00,12188.75
SET-20260102,2026-01-02,ORD-10692,434.04,0.00,0.00,4.34,0.00,429.70
SET-20260112,2026-01-12,ORD-10693,6486.62,0.00,0.00,64.87,0.00,6421.75
SET-20260119,2026-01-19,ORD-10694,14282.06,214.23,38.56,142.82,0.00,13886.45
SET-20260120,2026-01-20,ORD-10695,14004.12,0.00,0.00,140.04,0.00,13864.08
SET-20260112,2026-01-12,ORD-10696,11194.65,223.89,40.30,111.95,0.00,10818.51
SET-20260120,2026-01-20,ORD-10697,5692.47,102.46,18.44,56.92,0.00,2757.33
SET-20260126,2026-01-26,ORD-10698,4179.03,0.00,0.00,41.79,0.00,4137.24
SET-20260112,2026-01-12,ORD-10699,11853.33,0.00,0.00,118.53,0.00,11734.80
SET-20260112,2026-01-12,ORD-10700,12537.92,0.00,0.00,125.38,0.00,12412.54
SET-20260112,2026-01-12,ORD-10701,11803.01,0.00,0.00,118.03,0.00,11684.98
SET-20260112,2026-01-12,ORD-10702,3176.26,63.53,11.44,31.76,0.00,3069.53
SET-20260112,2026-01-12,ORD-10703,3308.43,0.00,0.00,33.08,0.00,3275.35
SET-20260107,2026-01-07,ORD-10704,4051.50,0.00,0.00,40.52,0.00,4010.98
SET-20260106,2026-01-06,ORD-10705,2947.57,58.95,10.61,29.48,0.00,2848.53
SET-20260114,2026-01-14,ORD-10706,12126.50,0.00,0.00,121.27,0.00,12005.23
SET-20260128,2026-01-28,ORD-10707,8126.20,0.00,0.00,81.26,0.00,8044.94
SET-20260121,2026-01-21,ORD-10708,11881.53,0.00,0.00,118.82,0.00,11762.71
SET-20260106,2026-01-06,ORD-10709,5728.10,0.00,0.00,57.28,0.00,5670.82
SET-20260119,2026-01-19,ORD-10710,6012.42,120.25,21.65,60.12,0.00,5810.40
SET-20260123,2026-01-23,ORD-10711,12910.49,258.21,46.48,129.10,0.00,12476.70
SET-20260126,2026-01-26,ORD-10712,11275.67,0.00,0.00,112.76,0.00,11162.91
SET-20260130,2026-01-30,ORD-10713,6284.19,125.68,22.62,62.84,0.00,6073.05
SET-20260119,2026-01-19,ORD-10714,6558.21,131.16,23.61,65.58,0.00,6337.86
SET-20260106,2026-01-06,ORD-10715,11883.60,0.00,0.00,118.84,0.00,11764.76
SET-20260202,2026-02-02,ORD-10716,6330.17,126.60,22.79,63.30,0.00,6117.48
SET-20260127,2026-01-27,ORD-10717,9592.66,191.85,34.53,95.93,0.00,9270.35
SET-20260112,2026-01-12,ORD-10718,3831.21,0.00,0.00,38.31,0.00,3792.90
SET-20260120,2026-01-20,ORD-10719,14405.97,288.12,51.86,144.06,0.00,13921.93
SET-20260116,2026-01-16,ORD-10720,6548.38,0.00,0.00,65.48,0.00,6482.90
SET-20260116,2026-01-16,ORD-10721,2741.07,0.00,0.05,27.41,0.00,2713.66
SET-20260123,2026-01-23,ORD-10722,9545.00,0.00,0.00,95.45,0.00,9449.55
SET-20260119,2026-01-19,ORD-10723,14010.28,0.00,0.00,140.10,0.00,13870.18
SET-20260119,2026-01-19,ORD-10724,5999.52,89.99,16.20,60.00,0.00,5833.33
SET-20260119,2026-01-19,ORD-10725,468.24,9.36,1.70,4.68,0.00,452.52
SET-20260130,2026-01-30,ORD-10726,13307.17,0.00,0.00,133.07,0.00,13174.10
SET-20260119,2026-01-19,ORD-10727,10906.97,0.00,0.00,109.07,0.00,10797.90
SET-20260126,2026-01-26,ORD-10728,11915.06,0.00,0.00,119.15,0.00,11795.91
SET-20260105,2026-01-05,ORD-10729,13261.89,0.00,0.00,132.62,0.00,13129.27
SET-20260202,2026-02-02,ORD-10730,12092.36,217.66,39.18,120.92,0.00,11714.60
SET-20260109,2026-01-09,ORD-10731,7293.05,0.00,0.00,72.93,0.00,3610.06
SET-20260116,2026-01-16,ORD-10732,8274.66,248.24,44.68,82.75,0.00,7898.99
SET-20260114,2026-01-14,ORD-10733,14840.42,0.00,0.00,148.40,0.00,14692.02
SET-20260112,2026-01-12,ORD-10734,5387.70,0.00,0.00,53.88,0.00,5333.82
SET-20260202,2026-02-02,ORD-10735,5668.33,0.00,0.00,56.68,0.00,5611.65
SET-20260128,2026-01-28,ORD-10736,12504.24,187.56,33.76,125.04,0.00,12157.88
SET-20260129,2026-01-29,ORD-10737,11637.58,0.00,0.00,116.38,0.00,11521.20
SET-20260109,2026-01-09,ORD-10738,8310.88,0.00,0.00,83.11,0.00,8227.77
SET-20260127,2026-01-27,ORD-10739,416.50,0.00,0.00,4.17,0.00,412.33
SET-20260128,2026-01-28,ORD-10740,10004.76,0.00,0.00,100.05,0.00,9904.71
SET-20260127,2026-01-27,ORD-10741,9037.90,180.76,32.54,90.38,0.00,8734.22
SET-20260106,2026-01-06,ORD-10742,9559.39,0.00,0.00,95.59,0.00,9463.80
SET-20260114,2026-01-14,ORD-10743,4209.95,0.00,0.00,42.10,0.00,4167.85
SET-20260109,2026-01-09,ORD-10744,3380.71,0.00,0.00,33.81,0.00,3346.90
SET-20260113,2026-01-13,ORD-10745,8457.33,169.15,30.45,84.57,0.00,8173.16
SET-20260120,2026-01-20,ORD-10746,6871.49,123.69,22.28,68.71,0.00,6656.83
SET-20260202,2026-02-02,ORD-10747,9624.07,192.48,34.65,96.24,0.00,9300.70
SET-20260202,2026-02-02,ORD-10748,3025.71,60.51,10.89,30.26,0.00,2924.05
SET-20260105,2026-01-05,ORD-10749,1134.48,22.69,4.08,11.34,0.00,1096.37
SET-20260126,2026-01-26,ORD-10750,11843.28,236.87,42.64,118.43,0.00,11445.34
SET-20260102,2026-01-02,ORD-10751,7067.05,0.00,0.00,70.67,0.00,6996.38
SET-20260105,2026-01-05,ORD-10752,8448.59,0.00,0.00,84.49,0.00,8364.10
SET-20260107,2026-01-07,ORD-10753,3175.76,0.00,0.00,31.76,0.00,3144.00
SET-20260108,2026-01-08,ORD-10754,12416.15,186.24,33.52,124.16,0.00,12072.23
SET-20260123,2026-01-23,ORD-10755,1195.39,0.00,0.00,11.95,0.00,1183.44
SET-20260112,2026-01-12,ORD-10756,11273.12,169.10,30.44,112.73,0.00,10960.85
SET-20260114,2026-01-14,ORD-10757,3774.15,0.00,0.00,37.74,0.00,3736.41
SET-20260119,2026-01-19,ORD-10758,531.90,0.00,0.00,5.32,0.00,526.58
SET-20260112,2026-01-12,ORD-10759,3633.87,0.00,0.00,36.34,0.00,3597.53
SET-20260119,2026-01-19,ORD-10760,11482.08,0.00,0.00,114.82,0.00,11367.26
SET-20260112,2026-01-12,ORD-10761,8538.25,170.77,30.74,85.38,0.00,8251.36
SET-20260112,2026-01-12,ORD-10762,14862.05,297.24,53.50,148.62,0.00,14362.69
SET-20260112,2026-01-12,ORD-10763,5960.61,0.00,0.00,59.61,0.00,5901.00
SET-20260126,2026-01-26,ORD-10764,13951.26,0.00,0.00,139.51,0.00,13811.75
SET-20260128,2026-01-28,ORD-10765,14935.34,448.06,80.65,149.35,0.00,14257.28
SET-20260119,2026-01-19,ORD-10766,10783.48,215.67,38.82,107.83,0.00,10421.16
SET-20260112,2026-01-12,ORD-10767,5563.98,83.46,15.02,55.64,0.00,5409.86
SET-20260112,2026-01-12,ORD-10768,1004.98,20.10,3.62,10.05,0.00,971.21
SET-20260123,2026-01-23,ORD-10769,8409.38,168.19,30.27,84.09,0.00,8126.83
SET-20260102,2026-01-02,ORD-10770,3221.67,0.00,0.00,32.22,0.00,3189.45
SET-20260119,2026-01-19,ORD-10771,1096.95,21.94,3.95,10.97,203.72,856.37
SET-20260113,2026-01-13,ORD-10772,12081.60,217.47,39.14,120.82,0.00,11704.17
SET-20260126,2026-01-26,ORD-10773,6147.93,0.00,0.00,61.48,0.00,6086.45
SET-20260107,2026-01-07,ORD-10774,1362.66,27.25,4.91,13.63,0.00,1316.87
SET-20260112,2026-01-12,ORD-10775,1184.61,0.00,0.00,11.85,0.00,1172.76
SET-20260121,2026-01-21,ORD-10776,13267.14,265.34,47.76,132.67,0.00,12821.37
SET-20260114,2026-01-14,ORD-10777,10315.12,0.00,0.00,103.15,0.00,10211.97
SET-20260112,2026-01-12,ORD-10778,3400.16,68.00,12.24,34.00,0.00,3285.92
SET-20260126,2026-01-26,ORD-10779,14123.44,282.47,50.84,141.23,0.00,13648.90
SET-20260129,2026-01-29,ORD-10780,6060.23,121.20,21.82,60.60,0.00,5856.61
SET-20260130,2026-01-30,ORD-10781,8367.78,167.36,30.12,83.68,0.00,8086.62
SET-20260127,2026-01-27,ORD-10782,7142.79,0.00,0.00,71.43,0.00,7071.36
SET-20260121,2026-01-21,ORD-10783,8042.24,241.27,43.43,80.42,0.00,7677.12
SET-20260109,2026-01-09,ORD-10784,328.85,0.00,0.00,3.29,0.00,325.56
SET-20260109,2026-01-09,ORD-10785,503.71,7.56,1.36,5.04,0.00,489.75
SET-20260105,2026-01-05,ORD-10786,4676.69,84.18,15.15,46.77,0.00,4530.59
SET-20260105,2026-01-05,ORD-10787,5271.15,79.07,14.23,52.71,0.00,5125.14
SET-20260126,2026-01-26,ORD-10788,10658.80,213.18,38.37,106.59,0.00,10300.66
SET-20260107,2026-01-07,ORD-10789,7681.53,0.00,0.00,76.82,0.00,7604.71
SET-20260119,2026-01-19,ORD-10790,1417.63,0.00,0.00,14.18,0.00,1403.45
SET-20260126,2026-01-26,ORD-10791,6395.39,0.00,0.00,63.95,0.00,6331.44
SET-20260119,2026-01-19,ORD-10792,10074.74,201.49,36.27,100.75,0.00,9736.23
SET-20260116,2026-01-16,ORD-10793,8162.74,122.44,22.04,81.63,0.00,7936.63
SET-20260112,2026-01-12,ORD-10794,5697.72,0.00,0.00,56.98,0.00,5640.74
SET-20260119,2026-01-19,UNKNOWN-4323,8481.77,169.64,30.54,84.82,500.00,8196.77
SET-20260126,2026-01-26,ORD-10796,12035.83,0.00,0.00,120.36,0.00,11915.47
SET-20260128,2026-01-28,ORD-10797,3107.00,55.93,10.07,31.07,0.00,3009.93
SET-20260120,2026-01-20,ORD-10798,13070.17,0.00,0.00,130.70,0.00,12939.47
SET-20260109,2026-01-09,ORD-10799,4335.36,0.00,0.00,43.35,0.00,4292.01
SET-20260122,2026-01-22,ORD-10800,3436.91,0.00,0.00,34.37,0.00,3402.54
SET-20260123,2026-01-23,ORD-10801,8469.74,0.00,0.00,84.70,0.00,8385.04
SET-20260105,2026-01-05,ORD-10802,13430.98,0.00,0.00,134.31,0.00,13296.67
SET-20260130,2026-01-30,ORD-10803,5197.21,155.92,28.07,51.97,1176.25,3785.00
SET-20260127,2026-01-27,ORD-10804,8916.21,178.32,32.10,89.16,0.00,8616.63
SET-20260112,2026-01-12,ORD-10805,9484.47,189.69,34.14,94.84,0.00,9165.80
SET-20260102,2026-01-02,ORD-10806,5398.05,0.00,0.00,53.98,0.00,5344.07
SET-20260119,2026-01-19,ORD-10807,792.87,0.00,0.00,7.93,0.00,784.94
SET-20260127,2026-01-27,ORD-10808,13644.83,0.00,0.05,136.45,0.00,13508.38
SET-20260126,2026-01-26,ORD-10809,2486.48,0.00,0.00,24.86,0.00,2461.62
SET-20260119,2026-01-19,ORD-10810,14993.45,299.87,53.98,149.93,0.00,14489.67
SET-20260202,2026-02-02,ORD-10811,10181.11,203.62,36.65,101.81,4309.67,5529.36
SET-20260121,2026-01-21,ORD-10812,13676.96,0.00,0.00,136.77,0.00,13540.19
SET-20260126,2026-01-26,ORD-10813,8357.17,0.00,0.00,83.57,0.00,8273.60
SET-20260102,2026-01-02,ORD-10814,11355.26,0.00,0.00,113.55,0.00,11241.71
SET-20260113,2026-01-13,ORD-10815,11646.04,209.63,37.73,116.46,0.00,11282.22
SET-20260128,2026-01-28,ORD-10816,3157.65,0.00,0.00,31.58,0.00,3126.07
SET-20260119,2026-01-19,ORD-10817,3706.61,74.13,13.34,37.07,0.00,3582.07
SET-20260126,2026-01-26,ORD-10818,5615.11,0.00,0.00,56.15,0.00,5558.96
SET-20260120,2026-01-20,ORD-10819,1495.72,0.00,0.00,14.96,0.00,1480.76
SET-20260126,2026-01-26,ORD-10820,4547.88,0.00,0.00,45.48,0.00,4502.40
SET-20260128,2026-01-28,ORD-10821,9870.08,0.00,0.00,98.70,0.00,9771.38
SET-20260107,2026-01-07,ORD-10822,7693.69,0.00,0.00,76.94,0.00,7616.75
SET-20260105,2026-01-05,ORD-10823,6943.16,138.86,24.99,69.43,0.00,6709.88
SET-20260105,2026-01-05,ORD-10824,6647.54,132.95,23.93,66.48,0.00,6424.18
SET-20260115,2026-01-15,ORD-10825,4834.82,72.52,13.05,48.35,0.00,4700.90
SET-20260119,2026-01-19,ORD-10826,2948.85,0.00,0.00,29.49,0.00,2919.36
SET-20260113,2026-01-13,ORD-10827,9009.15,0.00,0.00,90.09,0.00,8919.06
SET-20260126,2026-01-26,ORD-10828,7622.47,0.00,0.00,76.22,0.00,7546.25
SET-20260112,2026-01-12,ORD-10829,11317.42,226.35,40.74,113.17,0.00,10937.16
SET-20260105,2026-01-05,ORD-10830,12297.64,245.95,44.27,122.98,0.00,11884.44
SET-20260116,2026-01-16,ORD-10831,3344.22,66.88,12.04,33.44,0.00,3231.86
SET-20260105,2026-01-05,ORD-10832,5480.18,109.60,19.73,54.80,0.00,5296.05
SET-20260119,2026-01-19,ORD-10833,1784.45,0.00,0.00,17.84,0.00,1766.61
SET-20260105,2026-01-05,ORD-10834,9136.20,137.04,24.67,182.72,0.00,8883.13
SET-20260122,2026-01-22,ORD-10835,7390.10,0.00,0.00,73.90,0.00,7316.20
SET-20260127,2026-01-27,ORD-10836,2228.92,44.58,8.02,22.29,0.00,2154.03
SET-20260126,2026-01-26,ORD-10837,869.69,0.00,0.00,8.70,339.80,521.19
SET-20260129,2026-01-29,ORD-10838,7942.52,158.85,28.59,79.43,0.00,7675.65
SET-20260112,2026-01-12,ORD-10839,14151.36,0.00,0.00,141.51,0.00,14009.85
SET-20260106,2026-01-06,ORD-10840,8737.49,0.00,0.00,87.37,0.00,8650.12
SET-20260114,2026-01-14,ORD-10841,3548.87,53.23,9.58,35.49,0.00,3450.57
SET-20260109,2026-01-09,ORD-10842,9949.02,0.00,0.00,99.49,0.00,9849.53
SET-20260127,2026-01-27,ORD-10843,11272.78,225.46,40.58,112.73,0.00,10894.01
SET-20260129,2026-01-29,ORD-10844,11944.85,0.00,0.00,119.45,0.00,11825.40
SET-20260126,2026-01-26,ORD-10845,980.93,19.62,3.53,9.81,0.00,947.97
SET-20260109,2026-01-09,ORD-10846,3942.30,78.85,14.19,39.42,0.00,3809.84
SET-20260122,2026-01-22,ORD-10847,12346.30,0.00,0.00,123.46,0.00,12222.84
SET-20260109,2026-01-09,ORD-10848,12124.57,0.00,0.00,121.25,0.00,12003.32
SET-20260119,2026-01-19,ORD-10849,7107.06,0.00,0.00,71.07,0.00,7035.99
SET-20260115,2026-01-15,ORD-10850,5838.67,87.58,15.76,58.39,0.00,5676.94
SET-20260128,2026-01-28,ORD-10851,6995.04,0.00,0.00,69.95,0.00,6925.09
SET-20260107,2026-01-07,ORD-10852,6427.27,128.55,23.14,64.27,0.00,6211.31
SET-20260127,2026-01-27,ORD-10853,2586.04,51.72,9.31,25.86,0.00,2499.15
SET-20260119,2026-01-19,ORD-10854,10778.35,0.00,0.00,215.57,0.00,10670.57
SET-20260126,2026-01-26,ORD-10855,9269.38,166.85,30.03,92.69,0.00,8979.81
SET-20260119,2026-01-19,ORD-10856,5449.06,108.98,19.62,54.49,0.00,2632.99
SET-20260119,2026-01-19,ORD-10857,4930.85,0.00,0.00,49.31,0.00,4881.54
SET-20260119,2026-01-19,UNKNOWN-2432,6772.91,135.46,24.38,67.73,500.00,6545.34
SET-20260115,2026-01-15,ORD-10859,1237.60,0.00,0.00,12.38,0.00,1225.22
SET-20260128,2026-01-28,ORD-10860,13627.28,0.00,0.00,136.27,0.00,13491.01
SET-20260114,2026-01-14,ORD-10861,8444.20,0.00,0.00,84.44,0.00,8359.76
SET-20260112,2026-01-12,ORD-10862,3462.60,51.94,9.35,34.63,0.00,3366.68
SET-20260120,2026-01-20,ORD-10863,9604.13,192.08,34.57,96.04,0.00,9281.44
SET-20260112,2026-01-12,ORD-10864,837.18,16.74,3.01,8.37,0.00,809.06
SET-20260105,2026-01-05,ORD-10865,13425.20,268.50,48.33,134.25,7673.68,5300.44
SET-20260115,2026-01-15,ORD-10866,5809.80,104.58,18.82,58.10,0.00,5628.30
SET-20260119,2026-01-19,ORD-10867,8302.58,0.00,0.00,83.03,0.00,8219.55
SET-20260107,2026-01-07,ORD-10868,13288.46,265.77,47.84,132.88,0.00,12841.97
SET-20260112,2026-01-12,ORD-10869,14493.06,0.00,0.00,144.93,0.00,14348.13
SET-20260106,2026-01-06,ORD-10870,12342.32,0.00,0.00,123.42,0.00,12218.90
SET-20260123,2026-01-23,ORD-10871,4135.74,124.07,22.33,41.36,1661.59,2286.39
SET-20260115,2026-01-15,ORD-10872,6578.56,0.00,0.00,65.79,0.00,6512.77
SET-20260112,2026-01-12,ORD-10873,13329.37,0.00,0.00,133.29,0.00,13196.08
SET-20260126,2026-01-26,ORD-10874,2131.42,42.63,7.67,21.31,0.00,2059.81
SET-20260112,2026-01-12,ORD-10875,10918.64,218.37,39.31,109.19,0.00,10551.77
SET-20260112,2026-01-12,ORD-10876,9993.44,199.87,35.98,99.93,0.00,9657.66
SET-20260105,2026-01-05,ORD-10877,550.87,8.26,1.49,5.51,0.00,535.61
SET-20260126,2026-01-26,ORD-10878,3625.83,54.39,9.79,36.26,0.00,3525.39
SET-20260112,2026-01-12,ORD-10879,3362.73,0.00,0.02,33.63,1778.81,1550.29
SET-20260127,2026-01-27,ORD-10880,367.28,7.35,1.32,3.67,0.00,354.94
SET-20260119,2026-01-19,ORD-10881,8907.61,0.00,0.00,89.08,0.00,8818.53
SET-20260105,2026-01-05,ORD-10882,8123.45,162.47,29.24,81.23,0.00,7850.51
SET-20260116,2026-01-16,ORD-10883,948.48,0.00,0.00,9.48,0.00,939.00
SET-20260119,2026-01-19,ORD-10884,3545.97,53.19,9.57,35.46,0.00,3447.75
SET-20260119,2026-01-19,ORD-10885,6860.87,0.00,0.00,68.61,0.00,6792.26
SET-20260202,2026-02-02,ORD-10886,5113.57,102.27,18.41,51.14,0.00,4941.75
SET-20260130,2026-01-30,ORD-10887,5149.14,0.00,0.00,51.49,0.00,5097.65
SET-20260120,2026-01-20,ORD-10888,3287.11,0.00,0.00,32.87,0.00,3254.24
SET-20260130,2026-01-30,ORD-10889,5329.07,0.00,0.00,53.29,0.00,5275.78
SET-20260119,2026-01-19,ORD-10890,12444.88,248.90,44.80,124.45,0.00,12026.73
SET-20260105,2026-01-05,ORD-10891,4045.46,60.68,10.92,40.45,0.00,3933.41
SET-20260105,2026-01-05,ORD-10892,1844.83,36.90,6.64,18.45,0.00,1782.84
SET-20260116,2026-01-16,ORD-10893,10161.76,152.43,27.44,101.62,0.00,9880.27
SET-20260121,2026-01-21,ORD-10894,8120.25,0.00,0.00,81.20,4830.56,3208.49
SET-20260112,2026-01-12,ORD-10895,2511.78,75.35,13.56,25.12,0.00,2397.75
SET-20260202,2026-02-02,ORD-10896,9640.95,289.23,52.06,96.41,0.00,9203.25
SET-20260128,2026-01-28,ORD-10897,6807.34,136.15,24.51,68.07,0.00,6578.61
SET-20260119,2026-01-19,ORD-10898,3182.62,57.29,10.31,31.83,0.00,3083.19
SET-20260102,2026-01-02,ORD-10899,8431.62,168.63,30.35,84.32,4293.30,3855.02
SET-20260119,2026-01-19,ORD-10900,7485.04,0.00,0.00,74.85,0.00,7410.19
SET-20260122,2026-01-22,ORD-10901,11913.66,238.27,42.89,119.14,0.00,11513.36
SET-20260120,2026-01-20,ORD-10902,4459.90,0.00,0.00,44.60,0.00,4415.30
SET-20260105,2026-01-05,ORD-10903,2446.28,36.69,6.60,24.46,0.00,2378.53
SET-20260119,2026-01-19,ORD-10904,5795.89,0.00,0.00,57.96,1924.43,3813.50
SET-20260109,2026-01-09,ORD-10905,9454.89,189.10,34.04,94.55,0.00,9137.20
SET-20260106,2026-01-06,ORD-10906,2138.41,42.77,7.70,21.38,0.00,2066.56
SET-20260112,2026-01-12,ORD-10907,14954.26,0.00,0.00,149.54,0.00,14804.72
SET-20260113,2026-01-13,ORD-10908,2070.52,0.00,0.00,20.71,0.00,2049.81
SET-20260126,2026-01-26,ORD-10909,12661.83,0.00,0.00,126.62,0.00,12535.21
SET-20260120,2026-01-20,ORD-10910,10024.60,180.44,32.48,100.25,0.00,9711.43
SET-20260113,2026-01-13,ORD-10911,565.33,0.00,0.00,5.65,0.00,559.68
SET-20260106,2026-01-06,ORD-10912,2086.79,31.30,5.63,20.87,0.00,2028.99
SET-20260123,2026-01-23,ORD-10913,12803.60,384.11,69.14,128.04,0.00,12222.31
SET-20260119,2026-01-19,ORD-10914,11924.43,238.49,42.93,119.24,0.00,11523.77
SET-20260119,2026-01-19,ORD-10915,3953.81,79.08,14.23,39.54,0.00,3820.96
SET-20260106,2026-01-06,ORD-10916,8983.23,0.00,0.00,89.83,0.00,8893.40
SET-20260119,2026-01-19,ORD-10917,12591.49,0.00,0.00,125.91,0.00,12465.58
SET-20260116,2026-01-16,ORD-10918,13878.96,0.00,0.00,138.79,0.00,13740.17
SET-20260106,2026-01-06,ORD-10919,6150.00,123.00,22.14,61.50,0.00,5943.36
SET-20260116,2026-01-16,ORD-10920,401.78,0.00,0.00,4.02,0.00,397.76
SET-20260115,2026-01-15,ORD-10921,8196.43,122.95,22.13,81.96,0.00,7969.39
SET-20260105,2026-01-05,ORD-10922,12221.42,0.00,0.00,122.21,0.00,12099.21
SET-20260106,2026-01-06,ORD-10923,3540.77,0.00,0.00,35.41,0.00,3505.36
SET-20260113,2026-01-13,ORD-10924,12479.90,224.64,40.44,124.80,0.00,12090.02
SET-20260123,2026-01-23,ORD-10925,14934.42,298.69,53.76,149.34,0.00,14432.63
SET-20260127,2026-01-27,ORD-10926,4725.01,0.00,0.00,47.25,0.00,4677.76
SET-20260107,2026-01-07,ORD-10927,4865.54,0.00,0.00,48.66,0.00,4816.88
SET-20260105,2026-01-05,ORD-10928,1969.52,39.39,7.09,19.70,0.00,1903.34
SET-20260108,2026-01-08,ORD-10929,7599.39,151.99,27.36,75.99,0.00,7344.05
SET-20260114,2026-01-14,ORD-10930,11558.98,0.00,0.00,115.59,0.00,11443.39
SET-20260114,2026-01-14,ORD-10931,3104.44,0.00,0.00,31.04,0.00,3073.40
SET-20260119,2026-01-19,ORD-10932,7281.67,145.63,26.21,72.82,0.00,7037.01
SET-20260121,2026-01-21,ORD-10933,12519.77,225.36,40.56,125.20,0.00,12128.65
SET-20260126,2026-01-26,ORD-10934,9639.06,144.59,26.03,96.39,3364.66,6007.39
SET-20260107,2026-01-07,ORD-10935,9059.21,181.18,32.61,90.59,0.00,8754.83
SET-20260105,2026-01-05,ORD-10936,2208.19,33.12,5.96,22.08,0.00,2147.03
SET-20260108,2026-01-08,ORD-10937,11602.62,0.00,0.00,116.03,0.00,11486.59
SET-20260106,2026-01-06,ORD-10938,4873.44,0.00,0.00,48.73,0.00,4824.71
SET-20260123,2026-01-23,ORD-10939,5104.01,102.08,18.37,51.04,0.00,4932.52
SET-20260119,2026-01-19,ORD-10940,4747.14,0.00,0.00,47.47,0.00,4699.67
SET-20260114,2026-01-14,ORD-10941,4906.14,98.12,17.66,49.06,0.00,4741.30
SET-20260126,2026-01-26,ORD-10942,7687.79,0.00,0.00,76.88,0.00,7610.91
SET-20260119,2026-01-19,ORD-10943,5449.98,0.00,0.00,54.50,0.00,5395.48
SET-20260126,2026-01-26,ORD-10944,202.76,4.06,0.73,2.03,0.00,195.94
SET-20260123,2026-01-23,ORD-10945,6074.83,0.00,0.00,60.75,0.00,6014.08
SET-20260108,2026-01-08,ORD-10946,2871.67,0.00,0.00,28.72,0.00,2842.95
SET-20260119,2026-01-19,ORD-10947,5203.65,0.00,0.00,52.04,0.00,5151.61
SET-20260105,2026-01-05,ORD-10948,11068.61,0.00,0.00,110.69,0.00,10957.92
SET-20260102,2026-01-02,ORD-10949,13104.31,262.09,47.18,131.04,0.00,12664.00
SET-20260120,2026-01-20,ORD-10950,8196.13,0.00,0.00,81.96,0.00,8114.17
SET-20260115,2026-01-15,ORD-10951,4585.62,0.00,0.00,45.86,0.00,4539.76
SET-20260128,2026-01-28,ORD-10952,1393.11,25.08,4.51,13.93,0.00,1349.59
SET-20260108,2026-01-08,ORD-10953,3171.41,0.00,0.00,31.71,0.00,3139.70
SET-20260113,2026-01-13,ORD-10954,5524.95,0.00,0.00,55.25,0.00,5469.70
SET-20260130,2026-01-30,ORD-10955,4981.88,149.46,26.90,49.82,0.00,4755.70
SET-20260107,2026-01-07,ORD-10956,9129.35,136.94,24.65,91.29,0.00,8876.47
SET-20260119,2026-01-19,ORD-10957,14051.87,281.04,50.59,140.52,0.00,13579.72
SET-20260106,2026-01-06,ORD-10958,9345.39,0.00,0.00,93.45,0.00,9251.94
SET-20260113,2026-01-13,ORD-10959,8590.01,0.00,0.00,85.90,0.00,8504.11
SET-20260108,2026-01-08,ORD-10960,1923.59,0.00,0.00,19.24,0.00,1904.35
SET-20260119,2026-01-19,ORD-10961,3401.73,0.00,0.00,34.02,1735.71,1632.00
SET-20260128,2026-01-28,ORD-10962,1208.01,0.00,0.00,12.08,0.00,1195.93
SET-20260112,2026-01-12,ORD-10963,6791.72,0.00,0.00,67.92,0.00,6723.80
SET-20260115,2026-01-15,ORD-10964,9155.32,0.00,0.00,91.55,0.00,9063.77
SET-20260112,2026-01-12,ORD-10965,12330.22,184.95,33.29,123.30,0.00,11988.68
SET-20260122,2026-01-22,ORD-10966,12591.11,0.00,0.00,125.91,0.00,12465.20
SET-20260108,2026-01-08,ORD-10967,382.65,0.00,0.00,3.83,0.00,378.82
SET-20260130,2026-01-30,ORD-10968,957.02,0.00,0.00,9.57,0.00,947.45
SET-20260120,2026-01-20,ORD-10969,5865.20,87.98,15.84,58.65,0.00,5702.73
SET-20260105,2026-01-05,ORD-10970,8388.70,0.00,0.00,83.89,0.00,8304.81
SET-20260112,2026-01-12,ORD-10971,4019.94,0.00,0.00,40.20,0.00,3979.74
SET-20260108,2026-01-08,ORD-10972,2942.10,0.00,0.00,29.42,0.00,2912.68
SET-20260102,2026-01-02,ORD-10973,14200.37,213.01,38.34,142.00,0.00,13807.02
SET-20260126,2026-01-26,ORD-10974,2714.33,0.00,0.00,27.14,0.00,2687.19
SET-20260119,2026-01-19,ORD-10975,3838.54,0.00,0.00,76.77,0.00,3800.15
SET-20260116,2026-01-16,ORD-10976,13935.17,0.00,0.00,139.35,0.00,13795.82
SET-20260128,2026-01-28,ORD-10977,10122.43,202.45,36.44,101.22,0.00,9782.32
SET-20260116,2026-01-16,ORD-10978,6348.56,0.00,0.00,63.49,0.00,6285.07
SET-20260115,2026-01-15,ORD-10979,813.14,14.64,2.64,8.13,0.00,787.73
SET-20260126,2026-01-26,ORD-10980,7458.05,0.00,0.00,74.58,0.00,7383.47
SET-20260119,2026-01-19,ORD-10981,3275.19,65.50,11.79,32.75,0.00,3165.15
SET-20260116,2026-01-16,ORD-10982,1276.48,0.00,0.00,12.76,0.00,1263.72
SET-20260112,2026-01-12,ORD-10983,14889.22,0.00,0.00,148.89,0.00,14740.33
SET-20260123,2026-01-23,ORD-10984,11147.31,222.95,40.13,111.47,2200.33,8572.43
SET-20260126,2026-01-26,ORD-10985,11027.12,0.00,0.00,110.27,0.00,10916.85
SET-20260121,2026-01-21,ORD-10986,1082.34,21.65,3.90,10.82,0.00,1045.97
SET-20260105,2026-01-05,ORD-10987,8319.11,0.00,0.00,83.19,0.00,8235.92
SET-20260123,2026-01-23,ORD-10988,9565.48,191.31,34.44,95.65,0.00,9244.08
SET-20260109,2026-01-09,ORD-10989,8662.48,0.00,0.00,86.62,0.00,8575.86
SET-20260112,2026-01-12,ORD-10990,4681.88,93.64,16.86,46.82,0.00,4524.56
SET-20260202,2026-02-02,ORD-10991,8987.95,179.76,32.36,89.88,0.00,8685.95
SET-20260126,2026-01-26,ORD-10992,4862.16,0.00,0.00,48.62,0.00,4813.54
SET-20260116,2026-01-16,ORD-10993,5451.51,109.03,19.63,54.52,0.00,5268.33
SET-20260107,2026-01-07,ORD-10994,8597.39,171.95,30.95,85.97,0.00,8308.52
SET-20260119,2026-01-19,ORD-10995,1101.75,22.04,3.97,11.02,0.00,1064.72
SET-20260127,2026-01-27,ORD-10996,7544.34,0.00,0.00,75.44,0.00,7468.90
SET-20260114,2026-01-14,ORD-10997,1749.20,0.00,0.00,17.49,0.00,1731.71
SET-20260102,2026-01-02,ORD-10998,9460.09,189.20,34.06,94.60,0.00,9142.23
SET-20260114,2026-01-14,ORD-10999,13469.30,0.00,0.00,134.69,7149.94,6184.67
SET-20260105,2026-01-05,ORD-11000,12190.38,0.00,0.00,121.90,0.00,12068.48
SET-20260120,2026-01-20,ORD-11001,2875.62,0.00,0.00,28.76,0.00,2846.86
SET-20260126,2026-01-26,ORD-11002,4734.95,94.70,17.05,47.35,0.00,4575.85
SET-20260127,2026-01-27,ORD-11003,9308.23,0.00,0.00,93.08,0.00,9215.15
SET-20260112,2026-01-12,ORD-11004,7867.55,0.00,0.00,78.68,0.00,7788.87
SET-20260121,2026-01-21,ORD-11005,12215.62,0.00,0.00,122.16,0.00,12093.46
SET-20260112,2026-01-12,ORD-11006,14004.74,0.00,0.00,140.05,0.00,13864.69
SET-20260121,2026-01-21,ORD-11007,8555.94,171.12,30.80,85.56,0.00,8268.46
SET-20260114,2026-01-14,ORD-11008,14954.85,299.10,53.84,149.55,0.00,14452.36
SET-20260109,2026-01-09,ORD-11009,928.47,0.00,0.00,9.28,0.00,919.19
SET-20260122,2026-01-22,ORD-11010,13567.71,0.00,0.00,135.68,0.00,13432.03
SET-20260114,2026-01-14,ORD-11011,5477.26,98.59,17.75,54.77,1950.49,3355.66
SET-20260126,2026-01-26,ORD-11012,3303.42,59.46,10.70,33.03,0.00,3200.23
SET-20260126,2026-01-26,ORD-11013,13317.07,0.00,0.00,133.17,0.00,13183.90
SET-20260121,2026-01-21,ORD-11014,1006.10,0.00,0.00,10.06,0.00,996.04
SET-20260127,2026-01-27,ORD-11015,3260.90,0.00,0.00,32.61,0.00,3228.29
SET-20260119,2026-01-19,ORD-11016,4836.34,96.73,17.41,48.36,0.00,4673.84
SET-20260129,2026-01-29,ORD-11017,7946.43,143.04,25.75,79.46,0.00,7698.18
SET-20260112,2026-01-12,ORD-11018,11966.86,0.00,0.00,119.67,0.00,11847.19
SET-20260115,2026-01-15,ORD-11019,9934.20,198.68,35.76,99.34,4907.35,4693.07
SET-20260116,2026-01-16,ORD-11020,1813.40,0.00,0.00,18.13,0.00,1795.27
SET-20260121,2026-01-21,ORD-11021,13157.23,0.00,0.00,131.57,0.00,13025.66
SET-20260128,2026-01-28,ORD-11022,2371.09,47.42,8.54,23.71,0.00,2291.42
SET-20260130,2026-01-30,ORD-11023,5107.93,127.70,0.00,51.08,0.00,5056.85
SET-20260127,2026-01-27,ORD-11024,4818.55,72.28,13.01,48.19,0.00,4685.07
SET-20260115,2026-01-15,ORD-11025,14295.32,0.00,0.00,142.95,0.00,14152.37
SET-20260202,2026-02-02,ORD-11026,12216.80,219.90,39.58,122.17,0.00,11835.15
SET-20260128,2026-01-28,ORD-11027,9048.03,0.00,0.00,90.48,0.00,8957.55
SET-20260105,2026-01-05,ORD-11028,9647.59,0.00,0.00,96.48,0.00,9551.11
SET-20260102,2026-01-02,ORD-11029,3422.15,0.00,0.00,34.22,0.00,3387.93
SET-20260128,2026-01-28,ORD-11030,10214.34,204.29,36.77,102.14,0.00,9871.14
SET-20260106,2026-01-06,ORD-11031,4756.54,118.91,0.00,47.57,0.00,4708.97
SET-20260119,2026-01-19,ORD-11032,10698.95,0.00,0.00,106.99,0.00,10591.96
SET-20260119,2026-01-19,ORD-11033,5572.15,83.58,15.04,55.72,0.00,5417.81
SET-20260126,2026-01-26,ORD-11034,6235.11,93.53,16.84,62.35,3620.78,2441.61
SET-20260119,2026-01-19,ORD-11035,3649.48,72.99,13.14,36.49,0.00,3526.86
SET-20260114,2026-01-14,ORD-11036,2157.86,38.84,6.99,21.58,0.00,2090.45
SET-20260202,2026-02-02,ORD-11037,8255.01,148.59,26.75,82.55,0.00,7997.12
SET-20260113,2026-01-13,ORD-11038,2678.40,0.00,0.00,26.78,431.07,2220.55
SET-20260107,2026-01-07,ORD-11039,14744.55,0.00,0.00,147.45,0.00,14597.10
SET-20260115,2026-01-15,ORD-11040,6448.45,128.97,23.21,64.48,0.00,6231.79
SET-20260119,2026-01-19,UNKNOWN-2963,9801.46,0.00,0.00,98.01,500.00,9703.45
SET-20260127,2026-01-27,ORD-11042,11331.29,0.00,0.00,113.31,0.00,11217.98
SET-20260107,2026-01-07,ORD-11043,4042.13,0.00,0.00,40.42,0.00,4001.71
SET-20260106,2026-01-06,ORD-11044,12958.73,0.00,0.00,129.59,0.00,12829.14
SET-20260123,2026-01-23,UNKNOWN-1837,11185.93,0.00,0.00,111.86,500.00,11074.07
SET-20260115,2026-01-15,ORD-11046,3631.25,72.63,13.07,36.31,0.00,3509.24
SET-20260130,2026-01-30,ORD-11047,1280.45,25.61,4.61,12.80,0.00,1237.43
SET-20260112,2026-01-12,ORD-11048,11290.81,203.23,36.58,112.91,0.00,10938.09
SET-20260105,2026-01-05,ORD-11049,11303.86,0.00,0.00,113.04,0.00,11190.82
SET-20260126,2026-01-26,ORD-11050,5250.42,0.00,0.00,52.50,0.00,5197.92
SET-20260112,2026-01-12,ORD-11051,13017.33,0.00,0.00,130.17,0.00,12887.16
SET-20260127,2026-01-27,ORD-11052,14834.84,0.00,0.00,148.35,0.00,14686.49
SET-20260109,2026-01-09,ORD-11053,11781.00,176.72,31.81,117.81,0.00,11454.66
SET-20260119,2026-01-19,ORD-11054,4152.71,0.00,0.00,41.53,0.00,4111.18
SET-20260116,2026-01-16,ORD-11055,14319.83,0.00,0.00,143.20,7905.52,6271.11
SET-20260107,2026-01-07,ORD-11056,2227.91,0.00,0.00,22.28,0.00,2205.63
SET-20260123,2026-01-23,ORD-11057,4512.14,0.00,0.00,45.12,0.00,4467.02
SET-20260123,2026-01-23,ORD-11058,7495.76,0.00,0.00,74.96,0.00,7420.80
SET-20260202,2026-02-02,ORD-11059,10691.71,320.75,57.74,106.92,0.00,10206.30
SET-20260126,2026-01-26,ORD-11060,11790.79,0.00,0.00,117.91,0.00,11672.88
SET-20260120,2026-01-20,ORD-11061,507.22,10.14,1.83,5.07,270.01,220.17
SET-20260106,2026-01-06,ORD-11062,14340.63,0.00,0.00,143.41,0.00,14197.22
SET-20260113,2026-01-13,ORD-11063,7346.20,0.00,0.00,73.46,0.00,7272.74
SET-20260105,2026-01-05,ORD-11064,7636.49,0.00,0.00,76.36,0.00,7560.13
SET-20260108,2026-01-08,ORD-11065,9167.71,0.00,0.00,91.68,0.00,9076.03
SET-20260114,2026-01-14,ORD-11066,8259.42,0.00,0.00,82.59,0.00,8176.83
SET-20260112,2026-01-12,ORD-11067,6818.58,102.28,18.41,68.19,0.00,6629.70
SET-20260112,2026-01-12,ORD-11068,2505.44,0.00,0.00,25.05,0.00,2480.39
SET-20260119,2026-01-19,ORD-11069,6320.04,0.00,0.00,63.20,0.00,6256.84
SET-20260108,2026-01-08,ORD-11070,14313.76,0.00,0.00,143.14,2713.14,11457.48
SET-20260128,2026-01-28,ORD-11071,2289.75,45.80,8.24,22.90,0.00,2212.81
SET-20260126,2026-01-26,ORD-11072,5847.92,116.96,21.05,58.48,0.00,5651.43
SET-20260116,2026-01-16,ORD-11073,2361.11,42.50,7.65,23.61,0.00,2287.35
SET-20260105,2026-01-05,ORD-11074,9456.42,141.85,25.53,94.56,0.00,9194.48
SET-20260102,2026-01-02,ORD-11075,4842.81,96.86,17.43,48.43,0.00,4680.09
SET-20260108,2026-01-08,ORD-11076,9027.71,135.42,24.38,90.28,0.00,8777.63
SET-20260119,2026-01-19,ORD-11077,4638.48,92.77,16.70,46.38,0.00,4482.63
SET-20260112,2026-01-12,ORD-11078,5565.03,83.48,15.03,55.65,0.00,5410.87
SET-20260115,2026-01-15,ORD-11079,7193.23,0.00,0.00,71.93,0.00,7121.30
SET-20260114,2026-01-14,ORD-11080,10321.28,0.00,0.00,103.21,0.00,10218.07
SET-20260102,2026-01-02,ORD-11081,1024.96,20.50,3.69,10.25,0.00,990.52
SET-20260107,2026-01-07,ORD-11082,1392.60,0.00,0.00,13.93,0.00,1378.67
SET-20260119,2026-01-19,ORD-11083,13680.23,0.00,0.00,136.80,0.00,13543.43
SET-20260202,2026-02-02,ORD-11084,4753.65,85.57,15.40,47.54,0.00,4605.14
SET-20260119,2026-01-19,ORD-11085,11175.18,0.00,0.00,111.75,0.00,11063.43
SET-20260126,2026-01-26,ORD-11086,8111.48,0.00,0.00,81.11,0.00,8030.37
SET-20260106,2026-01-06,ORD-11087,5052.01,0.00,0.00,50.52,0.00,5001.49
SET-20260105,2026-01-05,ORD-11088,7629.72,152.59,27.47,76.30,0.00,7373.36
SET-20260113,2026-01-13,ORD-11089,7588.14,0.00,0.00,75.88,0.00,7512.26
SET-20260127,2026-01-27,ORD-11090,4073.92,81.48,14.67,40.74,0.00,3937.03
SET-20260105,2026-01-05,ORD-11091,8620.54,172.41,31.03,86.21,0.00,8330.89
SET-20260105,2026-01-05,ORD-11092,11985.25,179.78,32.36,119.85,0.00,11653.26
SET-20260105,2026-01-05,ORD-11093,9100.48,0.00,0.00,91.00,0.00,9009.48
SET-20260126,2026-01-26,ORD-11094,11223.41,0.00,0.00,112.23,1473.11,9638.07
SET-20260127,2026-01-27,ORD-11095,11284.65,0.00,0.00,112.85,0.00,11171.80
SET-20260119,2026-01-19,ORD-11096,3220.15,0.00,0.00,32.20,0.00,3187.95
SET-20260114,2026-01-14,ORD-11097,3397.27,61.15,11.01,33.97,0.00,3291.14
SET-20260112,2026-01-12,ORD-11098,6521.15,0.00,0.00,65.21,0.00,6455.94
SET-20260113,2026-01-13,ORD-11099,10667.73,0.00,0.00,106.68,0.00,10561.05
SET-20260127,2026-01-27,ORD-11100,6545.71,0.00,0.00,65.46,1826.13,4654.12
SET-20260126,2026-01-26,ORD-11101,8349.77,0.00,0.00,83.50,0.00,8266.27
SET-20260105,2026-01-05,ORD-11102,12862.16,0.00,0.00,128.62,0.00,12733.54
SET-20260113,2026-01-13,ORD-11103,7832.01,0.00,0.00,78.32,0.00,7753.69
SET-20260119,2026-01-19,ORD-11104,12663.18,316.58,45.59,126.63,0.00,12237.70
SET-20260109,2026-01-09,ORD-11105,8421.36,168.43,30.32,84.21,0.00,8138.40
SET-20260122,2026-01-22,ORD-11106,11696.62,175.45,31.58,116.97,0.00,11372.62
SET-20260105,2026-01-05,ORD-11107,11877.54,0.00,0.00,118.78,0.00,11758.76
SET-20260107,2026-01-07,ORD-11108,11270.64,169.06,30.43,112.71,0.00,10958.44
SET-20260112,2026-01-12,ORD-11109,11133.40,0.00,0.00,111.33,0.00,11022.07
SET-20260112,2026-01-12,ORD-11110,3054.48,0.00,0.00,30.54,0.00,3023.94
SET-20260112,2026-01-12,ORD-11111,1995.28,0.00,0.00,19.95,0.00,1975.33
SET-20260113,2026-01-13,ORD-11112,2783.93,55.68,10.02,27.84,0.00,2690.39
SET-20260126,2026-01-26,ORD-11113,8823.75,0.00,0.00,88.24,0.00,8735.51
SET-20260112,2026-01-12,ORD-11114,2920.01,0.00,0.00,29.20,0.00,2890.81
SET-20260126,2026-01-26,ORD-11115,7448.83,0.00,0.00,74.49,0.00,7374.34
SET-20260122,2026-01-22,ORD-11116,3123.83,46.86,8.43,31.24,0.00,3037.30
SET-20260130,2026-01-30,ORD-11117,7698.95,115.48,20.79,76.99,0.00,7485.69
SET-20260123,2026-01-23,ORD-11118,2225.31,0.00,0.00,22.25,0.00,2203.06
SET-20260126,2026-01-26,ORD-11119,743.35,0.00,0.00,7.43,0.00,735.92
SET-20260126,2026-01-26,ORD-11120,934.99,18.70,3.37,9.35,0.00,903.57
SET-20260120,2026-01-20,ORD-11121,7866.55,157.33,28.32,78.67,0.00,7602.23
SET-20260126,2026-01-26,ORD-11122,6551.41,0.00,0.00,65.51,0.00,6485.90
SET-20260113,2026-01-13,ORD-11123,1890.71,0.00,0.00,18.91,0.00,1871.80
SET-20260112,2026-01-12,ORD-11124,1964.31,0.00,0.00,19.64,0.00,1944.67
SET-20260202,2026-02-02,ORD-11125,1945.99,0.00,0.00,19.46,0.00,1926.53
SET-20260122,2026-01-22,ORD-11126,4083.64,0.00,0.00,40.84,1325.30,2717.50
SET-20260130,2026-01-30,ORD-11127,5119.92,0.00,0.00,51.20,0.00,5068.72
SET-20260113,2026-01-13,ORD-11128,1672.52,33.45,6.02,16.73,0.00,1616.32
SET-20260127,2026-01-27,ORD-11129,7846.09,0.00,0.00,78.46,0.00,7767.63
SET-20260112,2026-01-12,ORD-11130,6943.61,0.00,0.00,69.44,0.00,6874.17
SET-20260123,2026-01-23,ORD-11131,4906.99,88.33,15.90,49.07,0.00,4753.69
SET-20260109,2026-01-09,ORD-11132,8300.41,0.00,0.00,83.00,0.00,8217.41
SET-20260120,2026-01-20,ORD-11133,12810.32,256.21,46.12,128.10,0.00,12379.89
SET-20260113,2026-01-13,ORD-11134,14462.54,0.00,0.00,144.63,0.00,14317.91
SET-20260105,2026-01-05,ORD-11135,6032.53,90.49,16.29,60.33,0.00,5865.42
SET-20260126,2026-01-26,ORD-11136,11541.94,0.00,0.00,115.42,0.00,11426.52
SET-20260106,2026-01-06,ORD-11137,4218.95,0.00,0.00,42.19,0.00,4176.76
SET-20260126,2026-01-26,ORD-11138,10112.37,0.00,0.00,101.12,0.00,10011.25
SET-20260116,2026-01-16,ORD-11139,2491.89,0.00,-0.05,24.92,0.00,2466.97
SET-20260113,2026-01-13,ORD-11140,14933.56,0.00,0.00,149.34,0.00,14784.22
SET-20260119,2026-01-19,ORD-11141,12739.59,0.00,0.00,127.40,0.00,12612.19
SET-20260202,2026-02-02,ORD-11142,6497.48,129.95,23.39,64.97,761.61,5517.56
SET-20260127,2026-01-27,ORD-11143,4666.78,0.00,0.00,46.67,0.00,4620.11
SET-20260106,2026-01-06,ORD-11144,5942.00,89.13,16.04,59.42,0.00,5777.41
SET-20260115,2026-01-15,ORD-11145,6790.06,0.00,0.00,67.90,0.00,6722.16
SET-20260112,2026-01-12,ORD-11146,4278.39,0.00,0.00,42.78,0.00,4235.61
SET-20260109,2026-01-09,ORD-11147,13955.17,0.00,0.00,139.55,0.00,13815.62
SET-20260107,2026-01-07,ORD-11148,1144.16,0.00,0.00,11.44,0.00,1132.72
SET-20260113,2026-01-13,ORD-11149,895.49,0.00,0.00,8.95,0.00,886.54
SET-20260105,2026-01-05,ORD-11150,6631.06,99.47,17.90,66.31,0.00,6447.38
SET-20260105,2026-01-05,ORD-11151,3437.82,0.00,0.00,34.38,0.00,3403.44
SET-20260105,2026-01-05,ORD-11152,6779.69,135.59,24.41,67.80,0.00,6551.89
SET-20260113,2026-01-13,ORD-11153,4638.96,0.00,0.00,46.39,0.00,4592.57
SET-20260127,2026-01-27,ORD-11154,6119.75,0.00,0.00,61.20,0.00,6058.55
SET-20260112,2026-01-12,ORD-11155,446.57,0.00,0.00,4.47,0.00,442.10
SET-20260105,2026-01-05,ORD-11156,4378.24,87.56,15.76,43.78,0.00,4231.14
SET-20260119,2026-01-19,ORD-11157,2139.67,42.79,7.70,21.40,0.00,2067.78
SET-20260116,2026-01-16,ORD-11158,4798.59,0.00,0.00,47.99,0.00,4750.60
SET-20260119,2026-01-19,ORD-11159,8814.64,176.29,31.73,88.15,0.00,8518.47
SET-20260105,2026-01-05,ORD-11160,5913.55,106.44,19.16,59.14,0.00,5728.81
SET-20260123,2026-01-23,ORD-11161,12971.80,0.00,0.00,129.72,0.00,12842.08
SET-20260126,2026-01-26,ORD-11162,6374.03,95.61,17.21,63.74,0.00,6197.47
SET-20260126,2026-01-26,ORD-11163,8453.79,0.00,0.00,84.54,0.00,8369.25
SET-20260106,2026-01-06,ORD-11164,4504.98,0.00,0.00,45.05,0.00,4459.93
SET-20260202,2026-02-02,ORD-11165,3051.61,0.00,0.00,30.52,0.00,3021.09
SET-20260121,2026-01-21,ORD-11166,7180.07,0.00,0.00,71.80,0.00,7108.27
SET-20260105,2026-01-05,ORD-11167,14110.88,0.00,0.00,141.11,0.00,13969.77
SET-20260112,2026-01-12,ORD-11168,6863.50,0.00,0.00,68.64,0.00,3397.43
SET-20260120,2026-01-20,ORD-11169,1631.08,32.62,5.82,16.31,0.00,1576.28
SET-20260122,2026-01-22,ORD-11170,1372.35,0.00,0.00,13.72,266.78,1091.85
SET-20260130,2026-01-30,ORD-11171,6539.61,0.00,0.00,65.40,0.00,6474.21
SET-20260102,2026-01-02,ORD-11172,13420.91,0.00,0.00,134.21,0.00,13286.70
SET-20260127,2026-01-27,ORD-11173,13333.88,200.01,36.00,133.34,0.00,12964.53
SET-20260122,2026-01-22,ORD-11174,13918.23,250.53,45.10,139.18,0.00,13483.42
SET-20260121,2026-01-21,ORD-11175,13378.53,0.00,0.00,133.79,0.00,13244.74
SET-20260116,2026-01-16,ORD-11176,12389.95,247.80,44.60,123.90,0.00,11973.65
SET-20260112,2026-01-12,ORD-11177,6005.55,0.00,0.00,60.06,0.00,5945.49
SET-20260114,2026-01-14,ORD-11178,1145.73,0.00,0.00,11.46,0.00,1134.27
SET-20260105,2026-01-05,ORD-11179,7188.95,143.78,25.88,71.89,0.00,6947.40
SET-20260122,2026-01-22,ORD-11180,13662.01,0.00,-0.05,136.62,0.00,13525.39
SET-20260120,2026-01-20,ORD-11181,1551.62,0.00,0.00,15.52,0.00,1536.10
SET-20260121,2026-01-21,ORD-11182,410.11,0.00,0.00,4.10,0.00,406.01
SET-20260105,2026-01-05,ORD-11183,4455.17,0.00,0.00,44.55,0.00,4410.62
SET-20260105,2026-01-05,ORD-11184,2703.60,48.66,8.76,27.04,0.00,2619.14
SET-20260113,2026-01-13,ORD-11185,1073.94,0.00,0.00,10.74,0.00,1063.20
SET-20260106,2026-01-06,ORD-11186,10086.45,0.00,0.00,100.86,0.00,9985.59
SET-20260112,2026-01-12,ORD-11187,5890.83,0.00,0.00,58.91,0.00,5831.92
SET-20260116,2026-01-16,ORD-11188,5170.48,0.00,0.00,51.70,0.00,5118.78
SET-20260114,2026-01-14,ORD-11189,10641.25,0.00,0.00,106.41,0.00,10534.84
SET-20260112,2026-01-12,ORD-11190,2324.46,0.00,0.00,23.24,0.00,2301.22
SET-20260123,2026-01-23,ORD-11191,10662.95,266.57,38.39,106.63,0.00,10304.67
SET-20260119,2026-01-19,UNKNOWN-9907,10826.61,0.00,0.00,108.27,500.00,10718.34
SET-20260107,2026-01-07,ORD-11193,8801.99,176.04,31.69,88.02,0.00,8506.24
SET-20260120,2026-01-20,ORD-11194,8345.20,0.00,0.00,83.45,0.00,8261.75
SET-20260108,2026-01-08,ORD-11195,4980.25,74.70,13.45,49.80,0.00,4842.30
SET-20260115,2026-01-15,ORD-11196,11099.80,0.00,0.00,111.00,3253.84,7734.96
SET-20260108,2026-01-08,ORD-11197,909.13,16.36,2.99,9.09,0.00,880.74
SET-20260112,2026-01-12,ORD-11198,14628.58,0.00,0.00,146.29,0.00,14482.29
SET-20260202,2026-02-02,ORD-11199,3775.70,75.51,13.59,37.76,0.00,3648.84
SET-20260129,2026-01-29,ORD-11200,1510.96,30.22,5.44,15.11,0.00,1460.19
SET-20260107,2026-01-07,ORD-11201,3322.35,49.84,8.97,33.22,1733.96,1496.36
SET-20260105,2026-01-05,ORD-11202,2179.92,39.24,7.06,21.80,0.00,2111.82
SET-20260113,2026-01-13,ORD-11203,3457.33,0.00,0.00,34.57,0.00,3422.76
SET-20260112,2026-01-12,ORD-11204,10787.39,269.68,0.00,107.87,0.00,10679.52
SET-20260112,2026-01-12,ORD-11205,14651.56,263.73,47.47,146.52,0.00,14193.84
SET-20260126,2026-01-26,ORD-11206,4890.18,0.00,0.00,48.90,0.00,4841.28
SET-20260109,2026-01-09,ORD-11207,11249.73,0.00,0.00,112.50,0.00,11137.23
SET-20260105,2026-01-05,ORD-11208,1101.40,22.03,3.97,11.01,335.48,728.91
SET-20260129,2026-01-29,ORD-11209,4700.60,70.51,12.69,47.01,0.00,4570.39
SET-20260127,2026-01-27,ORD-11210,10959.87,219.20,39.46,109.60,0.00,10591.61
SET-20260112,2026-01-12,ORD-11211,9223.29,166.02,29.88,92.23,0.00,8935.16
SET-20260109,2026-01-09,ORD-11212,8610.38,0.00,0.00,86.10,0.00,8524.28
SET-20260106,2026-01-06,ORD-11213,10888.80,0.00,0.00,108.89,0.00,10779.91
SET-20260121,2026-01-21,ORD-11214,957.25,0.00,0.00,9.57,0.00,947.68
SET-20260105,2026-01-05,ORD-11215,2890.10,0.00,0.00,28.90,0.00,2861.20
SET-20260119,2026-01-19,ORD-11216,2172.61,39.11,7.04,21.73,0.00,2104.73
SET-20260130,2026-01-30,ORD-11217,1771.96,35.44,6.38,17.72,0.00,1712.42
SET-20260123,2026-01-23,ORD-11218,1886.70,37.73,6.79,18.87,0.00,1823.31
SET-20260106,2026-01-06,ORD-11219,9766.83,0.00,0.00,97.67,0.00,9669.16
SET-20260108,2026-01-08,ORD-11220,9656.65,0.00,0.00,96.57,0.00,9560.08
SET-20260112,2026-01-12,ORD-11221,6593.76,197.81,35.61,65.94,0.00,6294.40
SET-20260119,2026-01-19,ORD-11222,8858.52,0.00,0.00,88.59,0.00,8769.93
SET-20260114,2026-01-14,ORD-11223,1779.33,35.59,6.41,17.79,0.00,1719.54
SET-20260114,2026-01-14,ORD-11224,9465.61,0.00,0.00,94.66,0.00,9370.95
SET-20260128,2026-01-28,ORD-11225,4010.69,0.00,0.00,40.11,0.00,3970.58
SET-20260107,2026-01-07,ORD-11226,14156.15,283.12,50.96,141.56,0.00,13680.51
SET-20260127,2026-01-27,ORD-11227,8668.15,156.03,28.09,86.68,0.00,8397.35
SET-20260127,2026-01-27,ORD-11228,6664.02,0.00,0.00,66.64,0.00,6597.38
SET-20260130,2026-01-30,ORD-11229,9882.46,296.47,53.36,98.82,0.00,9433.81
SET-20260102,2026-01-02,ORD-11230,14621.70,263.19,47.37,146.22,0.00,14164.92
SET-20260112,2026-01-12,ORD-11231,13214.00,0.00,0.00,132.14,0.00,13081.86
SET-20260129,2026-01-29,ORD-11232,13694.91,0.00,0.00,136.95,3850.28,9707.68
SET-20260202,2026-02-02,ORD-11233,12410.52,186.16,33.51,124.11,0.00,12066.74
SET-20260107,2026-01-07,ORD-11234,14213.83,0.00,0.00,142.14,0.00,14071.69
SET-20260122,2026-01-22,ORD-11235,5205.82,93.70,16.87,52.06,0.00,5043.19
SET-20260106,2026-01-06,ORD-11236,11293.27,225.87,40.66,112.93,0.00,10913.81
SET-20260127,2026-01-27,ORD-11237,9901.55,0.00,0.00,99.02,0.00,9802.53
SET-20260121,2026-01-21,ORD-11238,14597.35,437.92,78.83,145.97,0.00,13934.63
SET-20260105,2026-01-05,ORD-11239,11105.03,0.00,0.00,111.05,0.00,10993.98
SET-20260107,2026-01-07,ORD-11240,13181.38,0.00,0.00,131.81,0.00,13049.57
SET-20260107,2026-01-07,ORD-11241,13684.58,205.27,36.95,136.85,0.00,13305.51
SET-20260121,2026-01-21,ORD-11242,12687.19,0.00,0.00,126.87,0.00,12560.32
SET-20260119,2026-01-19,ORD-11243,11346.16,226.92,40.85,113.46,0.00,10964.93
SET-20260114,2026-01-14,ORD-11244,1043.64,20.87,3.76,10.44,0.00,1008.57
SET-20260119,2026-01-19,ORD-11245,925.27,18.51,3.33,9.25,0.00,894.18
SET-20260102,2026-01-02,ORD-11246,4404.06,132.12,23.78,44.04,0.00,4204.12
SET-20260130,2026-01-30,ORD-11247,9459.62,189.19,34.05,94.60,0.00,9141.78
SET-20260106,2026-01-06,ORD-11248,3247.05,0.00,0.00,32.47,0.00,3214.58
SET-20260115,2026-01-15,ORD-11249,10207.70,153.12,27.56,102.08,0.00,9924.94
SET-20260112,2026-01-12,ORD-11250,5280.85,0.00,0.00,52.81,0.00,5228.04
SET-20260127,2026-01-27,ORD-11251,11765.64,235.31,42.36,117.66,0.00,11370.31
SET-20260113,2026-01-13,ORD-11252,7558.99,136.06,24.49,75.59,0.00,7322.85
SET-20260102,2026-01-02,ORD-11253,14377.97,0.00,0.00,143.78,0.00,7117.10
SET-20260116,2026-01-16,ORD-11254,10740.86,0.00,0.00,107.41,0.00,10633.45
SET-20260113,2026-01-13,ORD-11255,7356.90,0.00,0.00,73.57,0.00,7283.33
SET-20260126,2026-01-26,ORD-11256,3489.78,0.00,0.00,34.90,0.00,3454.88
SET-20260120,2026-01-20,ORD-11257,10314.76,206.30,37.13,103.15,0.00,9968.18
SET-20260120,2026-01-20,ORD-11258,6829.98,0.00,0.00,68.30,0.00,6761.68
SET-20260119,2026-01-19,UNKNOWN-5572,5447.31,108.95,19.61,54.47,500.00,5264.28
SET-20260105,2026-01-05,ORD-11260,4132.15,61.98,11.16,41.32,0.00,4017.69
SET-20260116,2026-01-16,ORD-11261,13623.39,0.00,0.00,136.23,0.00,13487.16
SET-20260119,2026-01-19,ORD-11262,3015.37,0.00,0.00,30.15,0.00,2985.22
SET-20260105,2026-01-05,ORD-11263,12310.96,0.00,0.00,123.11,0.00,12187.85
SET-20260119,2026-01-19,ORD-11264,7796.26,0.00,0.00,77.96,0.00,7718.30
SET-20260126,2026-01-26,ORD-11265,11057.91,165.87,29.86,110.58,0.00,10751.60
SET-20260105,2026-01-05,ORD-11266,5440.16,108.80,19.58,54.40,0.00,5257.38
SET-20260122,2026-01-22,ORD-11267,1009.46,0.00,0.00,10.09,0.00,999.37
SET-20260127,2026-01-27,ORD-11268,6578.56,0.00,0.00,65.79,0.00,6512.77
SET-20260115,2026-01-15,ORD-11269,2621.52,52.43,9.44,26.22,0.00,2533.43
SET-20260128,2026-01-28,ORD-11270,14786.89,295.74,53.23,147.87,0.00,14290.05
SET-20260121,2026-01-21,ORD-11271,1784.03,35.68,6.42,17.84,0.00,1724.09
SET-20260119,2026-01-19,ORD-11272,9533.40,0.00,0.00,95.33,0.00,9438.07
SET-20260105,2026-01-05,ORD-11273,14055.41,253.00,45.54,140.55,0.00,13616.32
SET-20260114,2026-01-14,ORD-11274,11113.99,0.00,0.00,111.14,0.00,11002.85
SET-20260112,2026-01-12,ORD-11275,10871.61,0.00,0.00,108.72,0.00,10762.89
SET-20260130,2026-01-30,ORD-11276,4633.43,0.00,0.00,46.33,0.00,4587.10
SET-20260108,2026-01-08,ORD-11277,14044.29,252.80,45.50,140.44,0.00,13605.55
SET-20260112,2026-01-12,ORD-11278,883.71,17.67,3.18,8.84,0.00,854.02
SET-20260121,2026-01-21,ORD-11279,304.24,4.56,0.82,3.04,0.00,295.82
SET-20260126,2026-01-26,ORD-11280,14488.64,260.80,46.94,144.89,0.00,14036.01
SET-20260113,2026-01-13,ORD-11281,14472.43,0.00,0.00,144.72,0.00,14327.71
SET-20260202,2026-02-02,ORD-11282,4221.42,63.32,11.40,42.21,0.00,4104.49
SET-20260202,2026-02-02,ORD-11283,6111.60,0.00,0.00,61.12,0.00,6050.48
SET-20260120,2026-01-20,ORD-11284,13610.29,0.00,0.00,136.10,0.00,13474.19
SET-20260105,2026-01-05,ORD-11285,2325.60,46.51,8.37,23.26,0.00,2247.46
SET-20260116,2026-01-16,ORD-11286,4727.24,0.00,0.00,47.27,0.00,4679.97
SET-20260112,2026-01-12,ORD-11287,14759.28,0.00,0.00,147.59,0.00,14611.69
SET-20260202,2026-02-02,ORD-11288,5550.79,0.00,0.00,55.51,0.00,5495.28
SET-20260127,2026-01-27,ORD-11289,12277.64,0.00,0.00,122.78,0.00,12154.86
SET-20260127,2026-01-27,ORD-11290,10781.30,0.00,0.00,107.81,0.00,10673.49
SET-20260119,2026-01-19,ORD-11291,9476.20,0.00,0.00,94.76,0.00,9381.44
SET-20260122,2026-01-22,ORD-11292,6855.22,0.00,0.00,137.10,0.00,6786.67
SET-20260202,2026-02-02,ORD-11293,14394.45,0.00,0.00,143.94,0.00,14250.51
SET-20260120,2026-01-20,ORD-11294,5281.99,0.00,0.00,52.82,0.00,5229.17
SET-20260128,2026-01-28,ORD-11295,8881.71,0.00,0.00,88.82,0.00,8792.89
SET-20260112,2026-01-12,ORD-11296,10827.41,0.00,0.00,108.27,0.00,10719.14
SET-20260116,2026-01-16,ORD-11297,12234.50,244.69,44.04,122.35,0.00,11823.42
SET-20260106,2026-01-06,ORD-11298,1225.76,24.52,4.41,12.26,0.00,1184.57
SET-20260116,2026-01-16,ORD-11299,6831.67,0.00,0.00,68.32,0.00,6763.35
SET-20260202,2026-02-02,ORD-11300,10590.82,0.00,0.00,105.91,0.00,10484.91
SET-20260119,2026-01-19,ORD-11301,13060.59,235.09,42.32,130.61,5185.94,7466.63
SET-20260109,2026-01-09,ORD-11302,1408.86,0.00,0.00,14.09,0.00,1394.77
SET-20260115,2026-01-15,ORD-11303,7405.06,133.29,23.99,74.05,0.00,7173.73
SET-20260120,2026-01-20,ORD-11304,6956.33,0.00,0.00,69.56,0.00,6886.77
SET-20260122,2026-01-22,ORD-11305,2888.15,0.00,0.00,28.88,0.00,2859.27
SET-20260121,2026-01-21,ORD-11306,13913.46,278.27,50.09,139.13,0.00,13445.97
SET-20260107,2026-01-07,ORD-11307,1446.35,43.39,7.81,14.46,0.00,1380.69
SET-20260119,2026-01-19,ORD-11308,8869.96,0.00,0.00,88.70,0.00,8781.26
SET-20260121,2026-01-21,ORD-11309,9790.85,0.00,0.00,97.91,0.00,9692.94
SET-20260106,2026-01-06,ORD-11310,10166.61,254.17,36.60,101.67,0.00,9825.01
SET-20260114,2026-01-14,ORD-11311,565.12,0.00,0.00,5.65,0.00,559.47
SET-20260123,2026-01-23,ORD-11312,14940.71,224.11,40.34,149.41,0.00,14526.85
SET-20260119,2026-01-19,ORD-11313,815.09,0.00,0.00,8.15,0.00,806.94
SET-20260119,2026-01-19,ORD-11314,5255.24,0.00,0.00,52.55,2312.96,2889.73
SET-20260109,2026-01-09,ORD-11315,14707.87,294.16,52.95,294.16,0.00,14213.68
SET-20260119,2026-01-19,ORD-11316,9413.70,0.00,0.00,94.14,0.00,9319.56
SET-20260126,2026-01-26,ORD-11317,12693.95,0.00,0.00,126.94,0.00,6283.51
SET-20260113,2026-01-13,ORD-11318,1393.91,27.88,5.02,13.94,0.00,1347.07
SET-20260127,2026-01-27,ORD-11319,3391.02,50.87,9.16,33.91,0.00,3297.08
SET-20260115,2026-01-15,ORD-11320,14529.49,0.00,0.00,145.29,0.00,14384.20
SET-20260106,2026-01-06,ORD-11321,8598.16,0.00,0.00,85.98,0.00,8512.18
SET-20260108,2026-01-08,ORD-11322,6114.94,183.45,33.02,61.15,0.00,5837.32
SET-20260112,2026-01-12,ORD-11323,407.41,8.15,1.47,4.07,0.00,393.72
SET-20260108,2026-01-08,ORD-11324,12375.33,0.00,0.00,123.75,0.00,12251.58
SET-20260130,2026-01-30,ORD-11325,12308.55,246.17,44.31,123.09,0.00,11894.98
SET-20260126,2026-01-26,ORD-11326,3310.84,0.00,0.00,33.11,0.00,3277.73
SET-20260102,2026-01-02,ORD-11327,12927.12,0.00,0.00,129.27,0.00,12797.85
SET-20260126,2026-01-26,ORD-11328,9717.30,194.35,34.98,97.17,0.00,4695.40
SET-20260108,2026-01-08,ORD-11329,12094.66,181.42,32.66,120.95,0.00,11759.63
SET-20260106,2026-01-06,ORD-11330,11078.39,166.18,29.91,110.78,0.00,10771.52
SET-20260121,2026-01-21,ORD-11331,12262.23,0.00,0.00,122.62,0.00,12139.61
SET-20260112,2026-01-12,ORD-11332,14453.79,260.17,46.83,144.54,0.00,14002.25
SET-20260119,2026-01-19,ORD-11333,2107.76,42.16,7.59,21.08,0.00,2036.93
SET-20260114,2026-01-14,ORD-11334,11875.93,0.00,0.00,118.76,0.00,11757.17
SET-20260123,2026-01-23,ORD-11335,13130.43,0.00,0.00,131.30,0.00,12999.13
SET-20260127,2026-01-27,ORD-11336,4479.22,0.00,0.00,44.79,0.00,4434.43
SET-20260130,2026-01-30,ORD-11337,1368.16,0.00,0.00,13.68,0.00,1354.48
SET-20260112,2026-01-12,ORD-11338,8128.20,0.00,0.00,81.28,0.00,8046.92
SET-20260108,2026-01-08,ORD-11339,7184.16,0.00,0.00,71.84,0.00,7112.32
SET-20260108,2026-01-08,ORD-11340,8900.95,160.22,28.84,89.01,0.00,8622.88
SET-20260120,2026-01-20,ORD-11341,7399.94,0.00,0.00,74.00,0.00,7325.94
SET-20260112,2026-01-12,ORD-11342,14249.36,0.00,0.00,142.49,0.00,14106.87
SET-20260130,2026-01-30,ORD-11343,4744.90,0.00,0.00,47.45,0.00,4697.45
SET-20260127,2026-01-27,ORD-11344,1413.76,0.00,0.00,14.14,0.00,1399.62
SET-20260112,2026-01-12,ORD-11345,4021.76,0.00,0.00,40.22,0.00,3981.54
SET-20260121,2026-01-21,ORD-11346,10697.58,0.00,0.00,106.98,0.00,10590.60
SET-20260107,2026-01-07,ORD-11347,8543.31,0.00,0.00,85.43,0.00,8457.88
SET-20260116,2026-01-16,ORD-11348,12817.63,0.00,0.00,128.18,0.00,12689.45
SET-20260115,2026-01-15,ORD-11349,10895.72,0.00,0.00,108.96,0.00,10786.76
SET-20260112,2026-01-12,ORD-11350,3100.51,55.81,10.05,31.01,0.00,3003.64
SET-20260126,2026-01-26,ORD-11351,8263.41,0.00,0.00,82.63,0.00,8180.78
SET-20260129,2026-01-29,ORD-11352,14839.05,0.00,0.00,148.39,0.00,14690.66
SET-20260120,2026-01-20,ORD-11353,1881.96,0.00,0.00,18.82,0.00,1863.14
SET-20260119,2026-01-19,ORD-11354,4640.99,0.00,0.00,46.41,0.00,4594.58
SET-20260106,2026-01-06,ORD-11355,13226.29,0.00,0.00,132.26,0.00,13094.03
SET-20260121,2026-01-21,ORD-11356,14011.26,280.23,50.44,140.11,0.00,13540.48
SET-20260112,2026-01-12,ORD-11357,5552.66,0.00,0.00,55.53,0.00,5497.13
SET-20260106,2026-01-06,ORD-11358,2688.15,0.00,0.00,26.88,0.00,2661.27
SET-20260105,2026-01-05,ORD-11359,2788.28,55.77,10.04,27.88,0.00,2694.59
SET-20260108,2026-01-08,ORD-11360,2972.73,0.00,0.00,29.73,0.00,2943.00
SET-20260112,2026-01-12,ORD-11361,10051.63,0.00,0.00,100.52,0.00,9951.11
SET-20260119,2026-01-19,ORD-11362,5710.15,0.00,0.00,57.10,0.00,5653.05
SET-20260112,2026-01-12,ORD-11363,8584.47,171.69,30.90,85.84,0.00,8296.04
SET-20260109,2026-01-09,ORD-11364,4334.22,0.00,0.00,43.34,0.00,4290.88
SET-20260107,2026-01-07,ORD-11365,8511.60,0.00,0.00,85.12,0.00,8426.48
SET-20260105,2026-01-05,ORD-11366,8983.75,0.00,0.00,89.84,0.00,8893.91
SET-20260129,2026-01-29,ORD-11367,525.33,7.88,1.42,5.25,0.00,510.78
SET-20260120,2026-01-20,ORD-11368,2207.27,0.00,0.00,22.07,0.00,2185.20
SET-20260126,2026-01-26,ORD-11369,14997.77,0.00,0.00,149.98,0.00,14847.79
SET-20260126,2026-01-26,ORD-11370,13825.30,0.00,0.00,138.25,0.00,13687.05
SET-20260109,2026-01-09,ORD-11371,6157.39,110.83,19.95,61.57,0.00,5965.04
SET-20260105,2026-01-05,ORD-11372,7358.62,0.00,0.00,73.59,0.00,7285.03
SET-20260109,2026-01-09,ORD-11373,13353.54,267.07,48.07,133.54,0.00,12904.86
SET-20260105,2026-01-05,ORD-11374,1751.57,0.00,0.00,17.52,0.00,1734.05
SET-20260116,2026-01-16,ORD-11375,11752.48,0.00,0.00,117.52,0.00,11634.96
SET-20260108,2026-01-08,ORD-11376,898.93,0.00,0.00,8.99,0.00,889.94
SET-20260112,2026-01-12,ORD-11377,5452.98,0.00,0.00,54.53,0.00,5398.45
SET-20260106,2026-01-06,ORD-11378,2555.55,0.00,0.00,25.56,0.00,2529.99
SET-20260126,2026-01-26,ORD-11379,3389.59,0.00,0.00,33.90,0.00,3355.69
SET-20260112,2026-01-12,ORD-11380,2704.21,0.00,0.00,27.04,394.04,2283.13
SET-20260120,2026-01-20,ORD-11381,2774.87,0.00,0.00,27.75,832.92,1914.20
SET-20260120,2026-01-20,ORD-11382,10019.66,150.29,27.05,100.20,0.00,9742.12
SET-20260112,2026-01-12,ORD-11383,7891.34,0.00,0.00,78.91,0.00,7812.43
SET-20260119,2026-01-19,ORD-11384,1641.18,0.00,0.00,16.41,0.00,1624.77
SET-20260202,2026-02-02,ORD-11385,13939.91,0.00,0.00,139.40,0.00,13800.51
SET-20260105,2026-01-05,ORD-11386,9860.38,0.00,0.00,98.60,0.00,9761.78
SET-20260116,2026-01-16,ORD-11387,3085.15,46.28,8.33,30.85,0.00,2999.69
SET-20260128,2026-01-28,ORD-11388,10761.39,0.00,0.00,107.61,0.00,10653.78
SET-20260106,2026-01-06,ORD-11389,4683.59,93.67,16.86,46.84,0.00,4526.22
SET-20260116,2026-01-16,ORD-11390,13242.51,0.00,0.00,132.43,0.00,13110.08
SET-20260126,2026-01-26,ORD-11391,462.16,9.24,1.66,4.62,192.07,254.57
SET-20260107,2026-01-07,ORD-11392,7657.91,0.00,0.00,76.58,0.00,7581.33
SET-20260116,2026-01-16,ORD-11393,5554.17,0.00,0.00,55.54,0.00,5498.63
SET-20260119,2026-01-19,ORD-11394,14014.51,280.29,50.45,140.15,0.00,13543.62
SET-20260122,2026-01-22,ORD-11395,633.63,12.67,2.28,6.34,0.00,612.34
SET-20260102,2026-01-02,ORD-11396,1405.81,0.00,0.00,14.06,0.00,1391.75
SET-20260105,2026-01-05,ORD-11397,7106.91,0.00,0.00,71.07,3259.16,3776.68
SET-20260105,2026-01-05,ORD-11398,6438.37,0.00,0.00,64.38,0.00,6373.99
SET-20260102,2026-01-02,ORD-11399,11484.18,206.72,37.21,114.84,0.00,11125.41
SET-20260105,2026-01-05,ORD-11400,10145.89,202.92,36.53,101.46,0.00,9804.98
SET-20260121,2026-01-21,ORD-11401,4250.26,127.51,22.95,42.50,0.00,4057.30
SET-20260130,2026-01-30,ORD-11402,308.90,0.00,0.00,3.09,118.81,187.00
SET-20260202,2026-02-02,ORD-11403,6823.00,122.81,22.11,68.23,0.00,6609.85
SET-20260114,2026-01-14,ORD-11404,1160.51,0.00,0.00,11.61,0.00,1148.90
SET-20260114,2026-01-14,ORD-11405,8815.74,0.00,0.00,88.16,0.00,8727.58
SET-20260116,2026-01-16,ORD-11406,12487.00,249.74,44.95,124.87,0.00,12067.44
SET-20260109,2026-01-09,ORD-11407,13700.67,0.00,0.00,137.01,6448.28,7115.38
SET-20260106,2026-01-06,ORD-11408,13369.58,267.39,48.13,133.70,0.00,12920.36
SET-20260126,2026-01-26,ORD-11409,3850.52,0.00,0.00,38.51,0.00,3812.01
SET-20260105,2026-01-05,ORD-11410,12531.24,0.00,0.00,125.31,0.00,12405.93
SET-20260121,2026-01-21,ORD-11411,9579.56,0.00,0.00,95.80,0.00,9483.76
SET-20260115,2026-01-15,ORD-11412,12765.85,0.00,0.00,127.66,0.00,12638.19
SET-20260130,2026-01-30,ORD-11413,8321.94,166.44,29.96,83.22,0.00,8042.32
SET-20260119,2026-01-19,ORD-11414,9972.97,0.00,0.00,99.73,3060.37,6812.87
SET-20260112,2026-01-12,ORD-11415,907.16,0.00,0.00,9.07,0.00,898.09
SET-20260119,2026-01-19,ORD-11416,3147.52,0.00,0.00,31.48,0.00,3116.04
SET-20260126,2026-01-26,ORD-11417,12000.58,0.00,0.00,120.01,0.00,11880.57
SET-20260121,2026-01-21,ORD-11418,4081.66,0.00,0.00,40.82,0.00,4040.84
SET-20260119,2026-01-19,ORD-11419,11549.36,0.00,0.00,115.49,0.00,11433.87
SET-20260123,2026-01-23,ORD-11420,14130.93,211.96,38.15,141.31,0.00,13739.51
SET-20260129,2026-01-29,ORD-11421,8519.74,170.39,30.67,85.20,0.00,8233.48
SET-20260128,2026-01-28,ORD-11422,8037.10,0.00,0.00,80.37,3708.48,4248.25
SET-20260115,2026-01-15,ORD-11423,2331.25,69.94,12.59,23.31,0.00,2225.41
SET-20260102,2026-01-02,ORD-11424,12648.22,379.45,68.30,126.48,0.00,12073.99
SET-20260202,2026-02-02,ORD-11425,13618.47,0.00,0.00,136.18,0.00,13482.29
SET-20260105,2026-01-05,ORD-11426,10340.98,310.23,55.84,103.41,0.00,9871.50
SET-20260202,2026-02-02,ORD-11427,1019.33,0.00,0.00,10.19,0.00,1009.14
SET-20260128,2026-01-28,ORD-11428,11542.00,230.84,41.55,115.42,0.00,11154.19
SET-20260107,2026-01-07,ORD-11429,14540.38,290.81,52.35,145.40,0.00,14051.82
SET-20260106,2026-01-06,ORD-11430,8968.90,0.00,0.00,89.69,0.00,8879.21
SET-20260120,2026-01-20,ORD-11431,1863.31,0.00,0.00,18.63,0.00,1844.68
SET-20260112,2026-01-12,ORD-11432,4298.93,0.00,0.00,42.99,0.00,4255.94
SET-20260126,2026-01-26,ORD-11433,13391.45,0.00,0.00,133.91,0.00,13257.54
SET-20260112,2026-01-12,ORD-11434,1384.94,0.00,0.00,13.85,197.19,1173.90
SET-20260105,2026-01-05,ORD-11435,8482.33,0.00,0.00,84.82,0.00,8397.51
SET-20260106,2026-01-06,ORD-11436,11786.16,176.79,31.82,117.86,0.00,11459.69
SET-20260130,2026-01-30,ORD-11437,12710.88,254.22,45.76,127.11,0.00,12283.79
SET-20260112,2026-01-12,ORD-11438,11929.59,0.00,0.00,119.30,0.00,11810.29
SET-20260119,2026-01-19,ORD-11439,12561.61,0.00,0.00,125.62,0.00,12435.99
SET-20260105,2026-01-05,ORD-11440,1909.49,0.00,0.00,38.19,0.00,1890.40
SET-20260126,2026-01-26,ORD-11441,13045.91,0.00,0.00,130.46,0.00,6457.73
SET-20260105,2026-01-05,ORD-11442,9426.49,169.68,30.54,94.26,0.00,9132.01
SET-20260130,2026-01-30,ORD-11443,7523.42,0.00,0.00,75.23,0.00,7448.19
SET-20260120,2026-01-20,ORD-11444,2337.66,0.00,0.00,23.38,0.00,2314.28
SET-20260114,2026-01-14,ORD-11445,325.73,6.51,1.17,3.26,0.00,314.79
SET-20260128,2026-01-28,ORD-11446,4391.64,65.87,11.86,43.92,0.00,4269.99
SET-20260130,2026-01-30,ORD-11447,6169.79,123.40,22.21,61.70,0.00,5962.48
SET-20260107,2026-01-07,ORD-11448,8489.72,0.00,0.00,84.90,0.00,8404.82
SET-20260126,2026-01-26,ORD-11449,286.80,0.00,0.00,2.87,0.00,283.93
SET-20260122,2026-01-22,ORD-11450,10660.69,191.89,34.54,106.61,0.00,10327.65
SET-20260129,2026-01-29,ORD-11451,8620.04,129.30,23.27,86.20,0.00,8381.27
SET-20260116,2026-01-16,ORD-11452,1481.97,29.64,5.34,14.82,0.00,1432.17
SET-20260128,2026-01-28,ORD-11453,11899.60,0.00,0.00,119.00,0.00,11780.60
SET-20260116,2026-01-16,ORD-11454,1939.03,0.00,0.00,19.39,0.00,1919.64
SET-20260119,2026-01-19,ORD-11455,8095.51,161.91,29.14,80.96,0.00,7823.50
SET-20260112,2026-01-12,ORD-11456,7944.64,0.00,0.00,79.45,0.00,7865.19
SET-20260107,2026-01-07,ORD-11457,11772.60,0.00,0.00,117.73,0.00,11654.87
SET-20260126,2026-01-26,ORD-11458,1045.00,20.90,3.76,10.45,0.00,1009.89
SET-20260112,2026-01-12,ORD-11459,8934.53,0.00,0.00,89.35,0.00,8845.18
SET-20260126,2026-01-26,ORD-11460,9847.65,196.95,35.45,98.48,0.00,9516.77
SET-20260115,2026-01-15,ORD-11461,4430.45,0.00,0.00,44.30,0.00,4386.15
SET-20260119,2026-01-19,ORD-11462,6684.05,100.26,18.05,66.84,0.00,6498.90
SET-20260114,2026-01-14,ORD-11463,1225.71,0.00,0.00,12.26,0.00,1213.45
SET-20260130,2026-01-30,ORD-11464,10229.69,0.00,-0.05,102.30,0.00,10127.39
SET-20260107,2026-01-07,ORD-11465,4161.49,0.00,0.00,41.61,0.00,4119.88
SET-20260112,2026-01-12,ORD-11466,13405.12,335.13,0.00,134.05,0.00,13271.07
SET-20260119,2026-01-19,ORD-11467,6548.00,130.96,23.57,65.48,0.00,6327.99
SET-20260108,2026-01-08,ORD-11468,2197.68,0.00,0.00,21.98,0.00,2175.70
SET-20260102,2026-01-02,ORD-11469,5331.44,106.63,19.19,53.31,0.00,5152.31
SET-20260126,2026-01-26,ORD-11470,6039.36,120.79,21.74,60.39,0.00,5836.44
SET-20260126,2026-01-26,ORD-11471,13125.00,0.00,0.00,131.25,0.00,12993.75
SET-20260126,2026-01-26,ORD-11472,9579.99,0.00,0.00,95.80,0.00,9484.19
SET-20260119,2026-01-19,ORD-11473,9900.45,0.00,0.00,99.00,0.00,9801.45
SET-20260112,2026-01-12,ORD-11474,10473.15,0.00,0.00,104.73,0.00,10368.42
SET-20260129,2026-01-29,ORD-11475,8243.57,0.00,0.00,82.44,0.00,8161.13
SET-20260115,2026-01-15,ORD-11476,10220.16,153.30,27.59,102.20,0.00,9937.07
SET-20260127,2026-01-27,ORD-11477,5461.84,81.93,14.75,54.62,0.00,5310.54
SET-20260202,2026-02-02,ORD-11478,257.93,0.00,0.00,2.58,0.00,255.35
SET-20260115,2026-01-15,ORD-11479,12017.57,0.00,0.00,120.18,0.00,11897.39
SET-20260129,2026-01-29,ORD-11480,1658.49,0.00,0.00,16.58,0.00,1641.91
SET-20260113,2026-01-13,ORD-11481,12884.03,0.00,0.00,128.84,0.00,12755.19
SET-20260202,2026-02-02,ORD-11482,3614.87,0.00,0.00,36.15,0.00,3578.72
SET-20260106,2026-01-06,ORD-11483,12448.20,0.00,0.00,124.48,0.00,12323.72
SET-20260127,2026-01-27,ORD-11484,5192.91,0.00,0.00,51.93,0.00,5140.98
SET-20260202,2026-02-02,ORD-11485,7002.56,0.00,0.00,70.03,0.00,6932.53
SET-20260126,2026-01-26,ORD-11486,10033.87,200.68,36.12,100.34,0.00,9696.73
SET-20260130,2026-01-30,ORD-11487,14089.03,0.00,0.00,140.89,0.00,13948.14
SET-20260129,2026-01-29,ORD-11488,12955.29,0.00,0.00,129.55,0.00,12825.74
SET-20260122,2026-01-22,ORD-11489,1296.31,38.89,7.00,12.96,0.00,1237.46
SET-20260112,2026-01-12,ORD-11490,4703.75,0.00,0.00,47.04,1527.74,3128.97
SET-20260107,2026-01-07,ORD-11491,7085.04,0.00,0.00,70.85,0.00,7014.19
SET-20260129,2026-01-29,ORD-11492,1154.61,20.78,3.74,11.55,0.00,1118.54
SET-20260127,2026-01-27,ORD-11493,7897.71,157.95,28.43,78.98,0.00,7632.35
SET-20260105,2026-01-05,ORD-11494,7767.82,116.52,20.97,77.68,3120.35,4432.30
SET-20260109,2026-01-09,ORD-11495,422.33,0.00,0.00,4.22,0.00,418.11
SET-20260108,2026-01-08,ORD-11496,6506.61,130.13,23.42,130.13,0.00,6287.99
SET-20260129,2026-01-29,ORD-11497,13146.26,236.63,42.59,131.46,0.00,12735.58
SET-20260119,2026-01-19,ORD-11498,8348.07,125.22,22.54,83.48,0.00,8116.83
SET-20260102,2026-01-02,ORD-11499,4426.58,79.68,14.34,44.27,0.00,4288.29
SET-20260112,2026-01-12,ORD-11500,8781.12,175.62,31.61,87.81,0.00,8486.08
SET-20260130,2026-01-30,ORD-11501,11868.31,178.02,32.04,118.68,0.00,11539.57
SET-20260109,2026-01-09,ORD-11502,2858.92,0.00,0.00,28.59,0.00,2830.33
SET-20260112,2026-01-12,ORD-11503,12151.54,0.00,0.00,121.52,0.00,12030.02
SET-20260105,2026-01-05,ORD-11504,14049.09,280.98,50.58,140.49,0.00,13577.04
SET-20260113,2026-01-13,ORD-11505,14633.62,263.41,47.41,146.34,0.00,14176.46
SET-20260105,2026-01-05,ORD-11506,3119.19,0.00,0.00,31.19,0.00,3088.00
SET-20260122,2026-01-22,ORD-11507,13986.86,0.00,0.00,139.87,0.00,13846.99
SET-20260109,2026-01-09,ORD-11508,13580.88,0.00,0.00,135.81,0.00,13445.07
SET-20260128,2026-01-28,ORD-11509,4474.82,89.50,16.11,44.75,0.00,4324.46
SET-20260119,2026-01-19,ORD-11510,11229.57,0.00,0.00,112.30,0.00,11117.27
SET-20260112,2026-01-12,ORD-11511,6843.00,136.86,24.63,68.43,0.00,6613.08
SET-20260127,2026-01-27,ORD-11512,10409.39,208.19,37.47,104.09,0.00,10059.64
SET-20260130,2026-01-30,ORD-11513,4272.82,76.91,13.84,42.73,0.00,4139.34
SET-20260127,2026-01-27,ORD-11514,13653.28,245.76,44.24,136.53,0.00,13226.75
SET-20260112,2026-01-12,ORD-11515,4689.79,0.00,0.00,46.90,0.00,4642.89
SET-20260119,2026-01-19,ORD-11516,4106.84,102.67,0.00,41.07,0.00,4065.77
SET-20260123,2026-01-23,ORD-11517,6633.24,0.00,0.00,66.33,0.00,6566.91
SET-20260109,2026-01-09,ORD-11518,4130.70,82.61,14.87,41.31,0.00,3991.91
SET-20260126,2026-01-26,ORD-11519,7089.21,127.61,22.97,70.89,0.00,6867.74
SET-20260107,2026-01-07,ORD-11520,5501.64,0.00,0.00,55.02,0.00,5446.62
SET-20260130,2026-01-30,ORD-11521,13531.25,243.56,43.84,135.31,0.00,13108.54
SET-20260105,2026-01-05,ORD-11522,254.11,0.00,0.00,2.54,0.00,251.57
SET-20260130,2026-01-30,ORD-11523,12910.86,258.22,46.48,129.11,0.00,12477.05
SET-20260113,2026-01-13,UNKNOWN-6446,5472.67,0.00,0.00,54.73,500.00,5417.94
SET-20260112,2026-01-12,ORD-11525,6357.85,114.44,20.60,63.58,0.00,6159.23
SET-20260105,2026-01-05,ORD-11526,5818.07,116.36,20.94,58.18,0.00,5622.59
SET-20260113,2026-01-13,ORD-11527,6296.81,113.34,20.40,62.97,1291.72,4808.38
SET-20260129,2026-01-29,ORD-11528,8331.54,166.63,29.99,83.32,0.00,8051.60
SET-20260112,2026-01-12,ORD-11529,10885.35,163.28,29.39,108.85,0.00,10583.83
SET-20260108,2026-01-08,ORD-11530,2105.57,37.90,6.82,21.06,0.00,2039.79
SET-20260127,2026-01-27,ORD-11531,5864.39,117.29,21.11,58.64,0.00,5667.35
SET-20260112,2026-01-12,ORD-11532,10160.52,0.00,0.00,101.61,0.00,10058.91
SET-20260119,2026-01-19,ORD-11533,2375.82,47.52,8.55,23.76,0.00,2295.99
SET-20260119,2026-01-19,ORD-11534,6812.23,0.00,0.00,68.12,0.00,6744.11
SET-20260119,2026-01-19,ORD-11535,6321.94,0.00,0.00,63.22,0.00,6258.72
SET-20260119,2026-01-19,ORD-11536,6115.85,110.09,19.82,61.16,0.00,5924.78
SET-20260129,2026-01-29,ORD-11537,5560.29,111.21,20.02,55.60,0.00,5373.46
SET-20260121,2026-01-21,ORD-11538,9104.96,0.00,0.00,91.05,0.00,9013.91
SET-20260123,2026-01-23,ORD-11539,6653.50,133.07,23.95,66.54,0.00,6429.94
SET-20260123,2026-01-23,ORD-11540,8141.79,146.55,26.38,81.42,0.00,7887.44
SET-20260105,2026-01-05,ORD-11541,13185.63,0.00,0.00,131.86,0.00,13053.77
SET-20260123,2026-01-23,ORD-11542,12848.36,192.73,34.69,128.48,0.00,12492.46
SET-20260105,2026-01-05,ORD-11543,2562.56,38.44,6.92,25.63,0.00,2491.57
SET-20260119,2026-01-19,ORD-11544,10645.23,159.68,28.74,106.45,0.00,10350.36
SET-20260126,2026-01-26,ORD-11545,6001.57,0.00,0.00,60.02,0.00,5941.55
SET-20260126,2026-01-26,ORD-11546,8096.61,0.00,0.00,80.97,0.00,8015.64
SET-20260121,2026-01-21,ORD-11547,2668.11,53.36,9.60,26.68,0.00,2578.47
SET-20260128,2026-01-28,ORD-11548,13557.62,0.00,0.00,135.58,0.00,13422.04
SET-20260119,2026-01-19,ORD-11549,11152.26,0.00,0.00,111.52,0.00,11040.74
SET-20260114,2026-01-14,ORD-11550,6146.84,0.00,0.00,61.47,0.00,6085.37
SET-20260105,2026-01-05,ORD-11551,243.09,0.00,0.00,2.43,0.00,240.66
SET-20260105,2026-01-05,ORD-11552,9614.78,0.00,0.00,96.15,0.00,9518.63
SET-20260202,2026-02-02,ORD-11553,14952.75,0.00,0.00,149.53,0.00,14803.22
SET-20260126,2026-01-26,ORD-11554,8944.07,0.00,0.00,89.44,5065.79,3788.84
SET-20260126,2026-01-26,ORD-11555,10996.92,0.00,0.00,109.97,0.00,10886.95
SET-20260126,2026-01-26,ORD-11556,13962.08,0.00,0.00,139.62,0.00,13822.46
SET-20260119,2026-01-19,ORD-11557,12079.31,0.00,0.00,120.79,0.00,11958.52
SET-20260127,2026-01-27,ORD-11558,424.58,0.00,0.00,4.25,0.00,420.33
SET-20260130,2026-01-30,ORD-11559,9094.17,0.00,0.00,90.94,0.00,9003.23
SET-20260128,2026-01-28,ORD-11560,7921.80,0.00,0.00,79.22,4645.98,3196.60
SET-20260112,2026-01-12,ORD-11561,2902.85,58.06,10.45,29.03,0.00,2805.31
SET-20260119,2026-01-19,ORD-11562,6220.98,0.00,0.00,62.21,0.00,6158.77
SET-20260120,2026-01-20,ORD-11563,8933.89,0.00,0.00,89.34,0.00,8844.55
SET-20260112,2026-01-12,ORD-11564,14919.99,0.00,0.00,149.20,0.00,14770.79
SET-20260102,2026-01-02,ORD-11565,838.92,0.00,0.00,8.39,0.00,830.53
SET-20260130,2026-01-30,ORD-11566,9882.60,0.00,0.00,98.83,0.00,9783.77
SET-20260113,2026-01-13,ORD-11567,14393.56,287.87,51.82,143.94,0.00,13909.93
SET-20260108,2026-01-08,ORD-11568,10028.69,0.00,0.00,100.29,0.00,9928.40
SET-20260129,2026-01-29,ORD-11569,3338.26,0.00,0.00,33.38,0.00,3304.88
SET-20260122,2026-01-22,ORD-11570,11857.62,0.00,0.00,118.58,0.00,11739.04
SET-20260108,2026-01-08,ORD-11571,1876.39,37.53,6.76,18.76,0.00,1813.34
SET-20260123,2026-01-23,ORD-11572,1420.01,28.40,5.11,14.20,0.00,1372.30
SET-20260126,2026-01-26,ORD-11573,2750.77,55.02,9.90,27.51,0.00,2658.34
SET-20260109,2026-01-09,ORD-11574,8001.78,160.04,28.81,80.02,4472.03,3260.88
SET-20260112,2026-01-12,ORD-11575,11096.56,221.93,39.95,110.97,0.00,10723.71
SET-20260122,2026-01-22,ORD-11576,886.76,17.74,3.19,8.87,0.00,856.96
SET-20260107,2026-01-07,ORD-11577,1341.74,0.00,0.00,13.42,0.00,1328.32
SET-20260129,2026-01-29,ORD-11578,4351.81,65.28,11.75,43.52,0.00,4231.26
SET-20260120,2026-01-20,ORD-11579,4913.09,98.26,17.69,49.13,0.00,4748.01
SET-20260121,2026-01-21,ORD-11580,1237.50,18.56,3.34,12.38,0.00,1203.22
SET-20260120,2026-01-20,ORD-11581,9243.15,184.86,33.27,92.43,0.00,8932.59
SET-20260115,2026-01-15,ORD-11582,13593.44,203.90,36.70,135.93,0.00,13216.91
SET-20260122,2026-01-22,ORD-11583,5474.58,0.00,0.00,54.75,0.00,5419.83
SET-20260115,2026-01-15,ORD-11584,14725.42,0.00,0.00,147.25,0.00,14578.17
SET-20260105,2026-01-05,ORD-11585,7274.39,0.00,0.00,72.74,0.00,7201.65
SET-20260126,2026-01-26,ORD-11586,3970.56,71.47,12.86,39.71,0.00,3846.52
SET-20260119,2026-01-19,ORD-11587,11411.72,171.18,30.81,114.12,0.00,11095.61
SET-20260105,2026-01-05,ORD-11588,7089.48,0.00,0.00,70.89,0.00,7018.59
SET-20260116,2026-01-16,ORD-11589,1424.53,25.64,4.62,14.25,0.00,1380.02
SET-20260106,2026-01-06,ORD-11590,6691.45,167.29,24.09,66.91,0.00,6466.62
SET-20260108,2026-01-08,ORD-11591,1254.62,18.82,3.39,12.55,0.00,1219.86
SET-20260128,2026-01-28,ORD-11592,1789.73,0.00,0.00,17.90,669.93,1101.90
SET-20260115,2026-01-15,ORD-11593,8203.21,147.66,26.58,82.03,0.00,7946.94
SET-20260130,2026-01-30,ORD-11594,8628.25,0.00,0.00,86.28,0.00,8541.97
SET-20260102,2026-01-02,ORD-11595,8249.39,0.00,0.00,82.49,0.00,8166.90
SET-20260105,2026-01-05,ORD-11596,13058.26,261.17,47.01,130.58,0.00,12619.50
SET-20260126,2026-01-26,ORD-11597,13602.62,0.00,0.05,136.03,0.00,13466.59
SET-20260128,2026-01-28,ORD-11598,7305.60,0.00,0.00,73.06,0.00,7232.54
SET-20260105,2026-01-05,ORD-11599,13732.24,0.00,0.00,137.32,0.00,13594.92
SET-20260112,2026-01-12,ORD-11600,8374.60,0.00,0.00,83.75,3853.88,4436.97
SET-20260112,2026-01-12,ORD-11601,5021.54,75.32,13.56,50.22,0.00,4882.44
SET-20260123,2026-01-23,ORD-11602,11224.01,0.00,0.00,112.24,3636.32,7475.45
SET-20260116,2026-01-16,ORD-11603,14465.96,289.32,52.08,144.66,4558.05,9421.85
SET-20260119,2026-01-19,ORD-11604,1599.43,31.99,5.76,15.99,0.00,1545.69
SET-20260107,2026-01-07,ORD-11605,2279.39,45.59,8.21,22.79,0.00,2202.80
SET-20260202,2026-02-02,ORD-11606,13929.58,250.73,45.13,139.30,0.00,13494.42
SET-20260113,2026-01-13,ORD-11607,1354.31,0.00,0.00,13.54,0.00,1340.77
SET-20260112,2026-01-12,ORD-11608,13457.73,269.15,48.45,134.58,0.00,13005.55
SET-20260119,2026-01-19,ORD-11609,12063.97,301.60,43.43,120.64,0.00,11658.62
SET-20260130,2026-01-30,ORD-11610,1265.32,0.00,0.00,12.65,0.00,1252.67
SET-20260119,2026-01-19,ORD-11611,661.96,11.92,2.15,6.62,0.00,641.27
SET-20260119,2026-01-19,ORD-11612,5566.23,0.00,0.00,55.66,0.00,5510.57
SET-20260123,2026-01-23,ORD-11613,14243.96,0.00,0.00,142.44,0.00,14101.52
SET-20260126,2026-01-26,ORD-11614,3276.09,49.14,8.85,32.76,0.00,3185.34
SET-20260130,2026-01-30,ORD-11615,2999.25,59.99,10.80,29.99,0.00,2898.47
SET-20260112,2026-01-12,ORD-11616,1032.45,0.00,0.00,10.32,0.00,511.07
SET-20260119,2026-01-19,ORD-11617,4173.80,83.48,15.03,41.74,0.00,4033.55
SET-20260119,2026-01-19,ORD-11618,5377.09,0.00,0.00,53.77,0.00,5323.32
SET-20260105,2026-01-05,ORD-11619,7167.62,143.35,25.80,71.68,0.00,6926.79
SET-20260106,2026-01-06,ORD-11620,7545.17,0.00,0.00,75.45,0.00,7469.72
SET-20260105,2026-01-05,ORD-11621,14776.95,265.99,47.88,147.77,0.00,14315.31
SET-20260127,2026-01-27,ORD-11622,6916.93,0.00,0.00,69.17,0.00,6847.76
SET-20260119,2026-01-19,ORD-11623,5723.47,0.00,0.00,57.23,0.00,5666.24
SET-20260130,2026-01-30,ORD-11624,7883.61,0.00,0.00,78.84,0.00,7804.77
SET-20260114,2026-01-14,ORD-11625,4092.78,0.00,0.00,40.93,0.00,4051.85
SET-20260114,2026-01-14,ORD-11626,10314.83,206.30,37.13,103.15,0.00,9968.25
SET-20260123,2026-01-23,ORD-11627,12651.83,253.04,45.55,126.52,0.00,12226.72
SET-20260102,2026-01-02,ORD-11628,4436.63,0.00,0.00,44.37,0.00,4392.26
SET-20260130,2026-01-30,ORD-11629,12226.67,0.00,0.00,122.27,5438.66,6665.74
SET-20260119,2026-01-19,ORD-11630,8671.63,0.00,0.00,86.72,0.00,8584.91
SET-20260105,2026-01-05,ORD-11631,10110.25,181.98,32.76,101.10,0.00,9794.41
SET-20260119,2026-01-19,ORD-11632,6477.94,0.00,0.00,64.78,0.00,6413.16
SET-20260122,2026-01-22,ORD-11633,7381.78,0.00,0.00,73.82,0.00,7307.96
SET-20260130,2026-01-30,ORD-11634,10768.96,0.00,0.00,107.69,0.00,10661.27
SET-20260127,2026-01-27,ORD-11635,8403.65,0.00,0.00,84.04,0.00,8319.61
SET-20260112,2026-01-12,ORD-11636,10604.28,0.00,0.00,106.04,0.00,10498.24
SET-20260127,2026-01-27,ORD-11637,13471.85,0.00,0.00,134.72,0.00,13337.13
SET-20260102,2026-01-02,ORD-11638,13694.96,273.90,49.30,136.95,0.00,13234.81
SET-20260119,2026-01-19,ORD-11639,14343.46,286.87,51.64,143.43,0.00,13861.52
SET-20260112,2026-01-12,ORD-11640,2689.52,40.34,7.26,26.90,0.00,2615.02
SET-20260127,2026-01-27,ORD-11641,4164.53,83.29,14.99,41.65,0.00,4024.60
SET-20260116,2026-01-16,ORD-11642,9194.89,0.00,0.00,91.95,0.00,9102.94
SET-20260120,2026-01-20,ORD-11643,7295.93,0.00,0.00,72.96,0.00,7222.97
SET-20260115,2026-01-15,ORD-11644,8449.95,126.75,22.82,84.50,0.00,8215.88
SET-20260120,2026-01-20,ORD-11645,5145.32,77.18,13.89,51.45,2754.80,2248.00
SET-20260119,2026-01-19,ORD-11646,7558.08,151.16,27.21,75.58,4049.44,3254.69
SET-20260128,2026-01-28,ORD-11647,2246.03,0.00,0.00,22.46,0.00,2223.57
SET-20260114,2026-01-14,ORD-11648,6429.27,115.73,20.83,64.29,0.00,6228.42
SET-20260129,2026-01-29,ORD-11649,6079.91,0.00,0.00,60.80,0.00,6019.11
SET-20260119,2026-01-19,ORD-11650,1359.41,0.00,0.00,13.59,0.00,1345.82
SET-20260129,2026-01-29,ORD-11651,10097.55,0.00,0.00,100.98,0.00,9996.57
SET-20260102,2026-01-02,ORD-11652,2120.79,42.42,7.64,21.21,0.00,1024.76
SET-20260105,2026-01-05,ORD-11653,9179.00,165.22,29.74,91.79,0.00,8892.25
SET-20260122,2026-01-22,ORD-11654,14431.71,288.63,51.95,144.32,0.00,13946.81
SET-20260121,2026-01-21,ORD-11655,3740.32,74.81,13.47,37.40,0.00,3614.64
SET-20260120,2026-01-20,ORD-11656,8493.16,169.86,30.57,84.93,0.00,8207.80
SET-20260105,2026-01-05,ORD-11657,8304.72,166.09,29.90,83.05,0.00,8025.68
SET-20260122,2026-01-22,ORD-11658,12571.85,0.00,0.00,125.72,0.00,12446.13
SET-20260122,2026-01-22,ORD-11659,3097.04,46.46,8.36,30.97,0.00,3011.25
SET-20260126,2026-01-26,ORD-11660,13148.48,262.97,47.33,131.48,0.00,12706.70
SET-20260112,2026-01-12,ORD-11661,14427.75,0.00,0.00,144.28,0.00,14283.47
SET-20260105,2026-01-05,ORD-11662,9135.42,0.00,0.00,91.35,0.00,9044.07
SET-20260126,2026-01-26,ORD-11663,12862.72,0.00,0.00,128.63,0.00,12734.09
SET-20260126,2026-01-26,ORD-11664,3649.06,72.98,13.14,36.49,0.00,3526.45
SET-20260115,2026-01-15,ORD-11665,4531.54,0.00,0.00,45.32,0.00,4486.22
SET-20260109,2026-01-09,ORD-11666,11050.66,0.00,0.00,110.51,0.00,10940.15
SET-20260126,2026-01-26,ORD-11667,11245.44,0.00,0.00,112.45,0.00,11132.99
SET-20260128,2026-01-28,ORD-11668,7423.95,148.48,26.73,74.24,0.00,7174.50
SET-20260120,2026-01-20,ORD-11669,10857.50,217.15,39.09,108.58,0.00,10492.68
SET-20260113,2026-01-13,ORD-11670,5867.47,0.00,0.00,58.67,0.00,5808.80
SET-20260102,2026-01-02,ORD-11671,3041.84,45.63,8.21,30.42,0.00,2957.58
SET-20260119,2026-01-19,ORD-11672,1939.85,58.20,10.48,19.40,0.00,1851.77
SET-20260105,2026-01-05,ORD-11673,11075.79,0.00,0.00,110.76,0.00,10965.03
SET-20260119,2026-01-19,ORD-11674,4825.65,86.86,15.63,48.26,0.00,4674.90
SET-20260108,2026-01-08,ORD-11675,9446.97,0.00,0.00,94.47,0.00,9352.50
SET-20260112,2026-01-12,UNKNOWN-7854,2846.85,51.24,9.22,28.47,500.00,2757.92
SET-20260128,2026-01-28,ORD-11677,6836.44,0.00,0.00,68.36,0.00,6768.08
SET-20260128,2026-01-28,ORD-11678,8574.77,0.00,0.00,85.75,0.00,8489.02
SET-20260126,2026-01-26,ORD-11679,9828.98,147.43,26.54,98.29,0.00,9556.72
SET-20260119,2026-01-19,ORD-11680,8737.87,0.00,0.00,87.38,0.00,8650.49
SET-20260115,2026-01-15,ORD-11681,12600.52,189.01,34.02,126.01,0.00,12251.48
SET-20260119,2026-01-19,ORD-11682,2105.46,42.11,7.58,21.05,0.00,2034.72
SET-20260114,2026-01-14,ORD-11683,6686.82,0.00,0.00,66.87,0.00,6619.95
SET-20260119,2026-01-19,ORD-11684,7356.13,147.12,26.48,73.56,0.00,7108.97
SET-20260119,2026-01-19,ORD-11685,1284.03,19.26,3.47,12.84,0.00,1248.46
SET-20260119,2026-01-19,ORD-11686,1830.55,36.61,6.59,36.61,0.00,1769.04
SET-20260202,2026-02-02,ORD-11687,10947.60,164.21,29.56,109.48,0.00,10644.35
SET-20260202,2026-02-02,ORD-11688,9713.47,194.27,34.97,97.13,0.00,9387.10
SET-20260116,2026-01-16,ORD-11689,11592.63,231.85,41.73,115.93,0.00,11203.12
SET-20260112,2026-01-12,ORD-11690,7860.92,157.22,28.30,78.61,0.00,7596.79
SET-20260130,2026-01-30,ORD-11691,1288.74,0.00,0.00,12.89,0.00,1275.85
SET-20260108,2026-01-08,ORD-11692,9300.56,0.00,0.00,93.01,0.00,9207.55
SET-20260108,2026-01-08,UNKNOWN-8655,11258.92,0.00,0.00,112.59,500.00,11146.33
SET-20260102,2026-01-02,ORD-11694,11127.60,0.00,0.00,111.28,0.00,11016.32
SET-20260112,2026-01-12,ORD-11695,2077.29,0.00,0.00,20.77,0.00,2056.52
SET-20260119,2026-01-19,ORD-11696,4116.81,82.34,14.82,41.17,0.00,3978.48
SET-20260115,2026-01-15,ORD-11697,8493.90,169.88,30.58,84.94,0.00,8208.50
SET-20260120,2026-01-20,ORD-11698,296.58,0.00,0.00,2.97,43.30,250.31
SET-20260115,2026-01-15,ORD-11699,3708.64,0.00,0.00,37.09,0.00,3671.55
SET-20260106,2026-01-06,ORD-11700,10489.82,0.00,0.00,104.90,0.00,10384.92
SET-20260120,2026-01-20,ORD-11701,6229.26,0.00,0.00,62.29,0.00,6166.97
SET-20260119,2026-01-19,ORD-11702,13939.37,0.00,0.00,139.39,0.00,13799.98
SET-20260119,2026-01-19,ORD-11703,7047.78,105.72,19.03,70.48,0.00,6852.55
SET-20260112,2026-01-12,ORD-11704,12190.07,0.00,0.00,121.90,0.00,12068.17
SET-20260122,2026-01-22,ORD-11705,8781.55,0.00,0.00,87.82,0.00,8693.73
SET-20260126,2026-01-26,ORD-11706,7058.19,141.16,25.41,70.58,0.00,6821.04
SET-20260113,2026-01-13,ORD-11707,4679.08,93.58,16.84,46.79,0.00,4521.87
SET-20260112,2026-01-12,ORD-11708,2097.18,0.00,0.00,20.97,0.00,2076.21
SET-20260130,2026-01-30,ORD-11709,13398.94,0.00,0.00,133.99,0.00,13264.95
SET-20260109,2026-01-09,ORD-11710,5994.75,119.90,21.58,59.95,0.00,5793.32
SET-20260119,2026-01-19,ORD-11711,4381.60,0.00,0.00,43.82,0.00,4337.78
SET-20260116,2026-01-16,ORD-11712,7657.55,153.15,27.57,76.58,0.00,3700.13
SET-20260119,2026-01-19,ORD-11713,3601.13,72.02,12.96,36.01,0.00,3480.14
SET-20260115,2026-01-15,ORD-11714,6672.74,120.11,21.62,66.73,0.00,6464.28
SET-20260105,2026-01-05,ORD-11715,9649.14,0.00,0.00,96.49,0.00,9552.65
SET-20260126,2026-01-26,ORD-11716,12815.97,0.00,0.00,128.16,0.00,12687.81
SET-20260128,2026-01-28,ORD-11717,4101.36,73.82,13.29,41.01,0.00,3973.24
SET-20260128,2026-01-28,ORD-11718,3210.51,0.00,0.00,32.11,0.00,3178.40
SET-20260126,2026-01-26,ORD-11719,4099.41,0.00,0.00,40.99,0.00,4058.42
SET-20260112,2026-01-12,ORD-11720,4865.21,0.00,0.00,48.65,0.00,4816.56
SET-20260129,2026-01-29,ORD-11721,12847.62,0.00,0.00,128.48,2717.85,10001.29
SET-20260120,2026-01-20,ORD-11722,7321.58,0.00,-0.02,73.22,0.00,7248.36
SET-20260128,2026-01-28,ORD-11723,9868.69,0.00,0.00,98.69,0.00,9770.00
SET-20260119,2026-01-19,ORD-11724,8206.60,164.13,29.54,82.07,0.00,7930.86
SET-20260105,2026-01-05,ORD-11725,5172.00,103.44,18.62,51.72,0.00,4998.22
SET-20260121,2026-01-21,ORD-11726,3251.80,48.78,8.78,32.52,0.00,3161.72
SET-20260102,2026-01-02,ORD-11727,13606.58,204.10,36.74,136.07,0.00,13229.67
SET-20260112,2026-01-12,ORD-11728,3701.21,74.02,13.32,37.01,0.00,3576.86
SET-20260126,2026-01-26,ORD-11729,9295.21,139.43,25.10,92.95,0.00,9037.73
SET-20260108,2026-01-08,ORD-11730,9757.24,0.00,0.00,97.57,0.00,9659.67
SET-20260120,2026-01-20,ORD-11731,6275.74,0.00,0.00,62.76,0.00,6212.98
SET-20260112,2026-01-12,ORD-11732,4490.23,0.00,-0.05,44.90,0.00,4445.33
SET-20260126,2026-01-26,ORD-11733,14602.54,0.00,0.00,146.03,0.00,14456.51
SET-20260112,2026-01-12,ORD-11734,9075.63,181.51,32.67,90.76,0.00,8770.69
SET-20260109,2026-01-09,ORD-11735,8125.72,0.00,-0.02,81.26,0.00,8044.46
SET-20260121,2026-01-21,ORD-11736,5951.76,0.00,0.00,59.52,0.00,5892.24
SET-20260127,2026-01-27,ORD-11737,7786.24,155.72,28.03,77.86,0.00,7524.63
SET-20260105,2026-01-05,ORD-11738,4885.72,0.00,0.00,48.86,0.00,4836.86
SET-20260112,2026-01-12,ORD-11739,12064.31,0.00,0.00,120.64,0.00,11943.67
SET-20260129,2026-01-29,ORD-11740,10649.66,0.00,0.00,106.50,0.00,10543.16
SET-20260121,2026-01-21,ORD-11741,5003.40,100.07,18.01,50.03,0.00,4835.29
SET-20260113,2026-01-13,ORD-11742,4781.48,0.00,0.00,47.81,0.00,4733.67
SET-20260129,2026-01-29,ORD-11743,12124.00,242.48,43.65,121.24,0.00,11716.63
SET-20260116,2026-01-16,ORD-11744,234.74,0.00,0.00,2.35,0.00,232.39
SET-20260126,2026-01-26,ORD-11745,1883.68,0.00,0.00,18.84,0.00,1864.84
SET-20260113,2026-01-13,ORD-11746,2841.07,0.00,0.00,28.41,0.00,2812.66
SET-20260105,2026-01-05,ORD-11747,9502.45,0.00,0.00,95.02,0.00,9407.43
SET-20260105,2026-01-05,ORD-11748,4997.20,89.95,16.19,49.97,1611.86,3229.23
SET-20260114,2026-01-14,ORD-11749,5518.22,0.00,0.00,55.18,0.00,5463.04
SET-20260112,2026-01-12,ORD-11750,2626.02,0.00,0.00,26.26,0.00,2599.76
SET-20260202,2026-02-02,ORD-11751,11888.47,237.77,42.80,118.88,0.00,11489.02
SET-20260120,2026-01-20,ORD-11752,9124.61,0.00,0.00,182.49,0.00,9033.36
SET-20260119,2026-01-19,ORD-11753,12507.29,0.00,0.00,125.07,6746.94,5635.28
SET-20260126,2026-01-26,ORD-11754,14732.20,220.98,39.78,147.32,0.00,14324.12
SET-20260126,2026-01-26,ORD-11755,10387.30,207.75,37.40,103.87,0.00,10038.28
SET-20260106,2026-01-06,ORD-11756,1448.94,0.00,0.00,14.49,170.90,1263.55
SET-20260130,2026-01-30,ORD-11757,13841.55,276.83,49.83,138.42,0.00,13376.47
SET-20260116,2026-01-16,ORD-11758,3165.03,0.00,0.00,31.65,0.00,3133.38
SET-20260109,2026-01-09,ORD-11759,7345.59,0.00,0.00,73.46,0.00,7272.13
SET-20260130,2026-01-30,ORD-11760,12611.60,252.23,45.40,126.12,0.00,12187.85
SET-20260113,2026-01-13,ORD-11761,4859.65,0.00,0.00,48.60,0.00,4811.05
SET-20260119,2026-01-19,ORD-11762,10638.54,212.77,38.30,106.39,0.00,10281.08
SET-20260112,2026-01-12,ORD-11763,14867.64,0.00,0.00,148.68,0.00,14718.96
SET-20260121,2026-01-21,ORD-11764,12351.96,0.00,0.00,123.52,0.00,12228.44
SET-20260105,2026-01-05,ORD-11765,12676.95,0.00,0.00,126.77,0.00,12550.18
SET-20260126,2026-01-26,ORD-11766,7203.56,144.07,25.93,72.04,0.00,6961.52
SET-20260122,2026-01-22,ORD-11767,7568.46,113.53,20.44,75.68,0.00,7358.81
SET-20260130,2026-01-30,ORD-11768,3605.25,0.00,0.00,36.05,0.00,3569.20
SET-20260130,2026-01-30,ORD-11769,12130.23,0.00,0.00,121.30,0.00,12008.93
SET-20260112,2026-01-12,ORD-11770,11956.89,0.00,0.00,119.57,0.00,11837.32
SET-20260116,2026-01-16,ORD-11771,14601.07,262.82,47.31,146.01,0.00,14144.93
SET-20260119,2026-01-19,ORD-11772,10634.94,0.00,0.00,106.35,0.00,10528.59
SET-20260116,2026-01-16,ORD-11773,7179.81,143.60,25.85,71.80,0.00,6938.56
SET-20260120,2026-01-20,ORD-11774,10647.06,191.65,34.50,106.47,0.00,10314.44
SET-20260129,2026-01-29,ORD-11775,2911.33,58.23,10.48,29.11,0.00,2813.51
SET-20260108,2026-01-08,ORD-11776,4005.35,72.10,12.98,40.05,0.00,3880.22
SET-20260106,2026-01-06,ORD-11777,419.87,0.00,-0.05,4.20,0.00,415.67
SET-20260119,2026-01-19,ORD-11778,8645.84,0.00,0.00,172.92,0.00,8559.38
SET-20260127,2026-01-27,ORD-11779,5101.88,0.00,0.00,51.02,0.00,5050.86
SET-20260129,2026-01-29,ORD-11780,8086.57,145.56,26.20,80.87,9086.57,-1000.00
SET-20260128,2026-01-28,ORD-11781,3364.26,0.00,0.00,33.64,0.00,3330.62
SET-20260119,2026-01-19,ORD-11782,14268.97,285.38,51.37,142.69,0.00,13789.53
SET-20260105,2026-01-05,ORD-11783,12967.59,0.00,0.00,129.68,0.00,12837.91
SET-20260107,2026-01-07,ORD-11784,4938.76,88.90,16.00,49.39,0.00,4784.47
SET-20260129,2026-01-29,ORD-11785,1879.24,0.00,0.00,18.79,0.00,1860.45
SET-20260113,2026-01-13,ORD-11786,5915.11,106.47,19.16,59.15,0.00,5730.33
SET-20260112,2026-01-12,ORD-11787,7523.46,150.47,27.08,75.23,0.00,7270.68
SET-20260115,2026-01-15,ORD-11788,11839.95,0.00,0.00,118.40,0.00,11721.55
SET-20260105,2026-01-05,ORD-11789,11020.32,0.00,0.00,110.20,0.00,10910.12
SET-20260126,2026-01-26,ORD-11790,4491.81,89.84,16.17,44.92,0.00,4340.88
SET-20260112,2026-01-12,ORD-11791,4392.79,0.00,0.00,43.93,0.00,4348.86
SET-20260127,2026-01-27,ORD-11792,13036.85,0.00,0.00,130.37,0.00,12906.48
SET-20260105,2026-01-05,ORD-11793,14569.39,0.00,0.00,145.69,0.00,14423.70
SET-20260106,2026-01-06,ORD-11794,10426.08,0.00,0.00,104.26,0.00,10321.82
SET-20260130,2026-01-30,ORD-11795,9743.87,0.00,0.00,97.44,0.00,9646.43
SET-20260127,2026-01-27,ORD-11796,4695.11,84.51,15.21,46.95,0.00,4548.44
SET-20260126,2026-01-26,ORD-11797,12392.27,0.00,0.00,123.92,0.00,12268.35
SET-20260126,2026-01-26,ORD-11798,6153.96,123.08,22.15,61.54,0.00,5947.19
SET-20260105,2026-01-05,ORD-11799,6425.33,0.00,0.00,64.25,0.00,6361.08
SET-20260108,2026-01-08,ORD-11800,973.58,19.47,3.50,9.74,0.00,940.87
SET-20260128,2026-01-28,ORD-11801,12277.30,184.16,33.15,122.77,0.00,11937.22
SET-20260126,2026-01-26,ORD-11802,13663.96,409.92,73.79,136.64,0.00,13043.61
SET-20260112,2026-01-12,ORD-11803,1034.74,15.52,2.79,10.35,0.00,1006.08
SET-20260112,2026-01-12,ORD-11804,3512.51,0.00,0.00,35.13,0.00,3477.38
SET-20260126,2026-01-26,ORD-11805,14054.66,0.00,0.00,140.55,0.00,13914.11
SET-20260129,2026-01-29,ORD-11806,6045.86,0.00,0.00,60.46,0.00,5985.40
SET-20260119,2026-01-19,ORD-11807,8819.53,176.39,31.75,88.20,0.00,8523.19
SET-20260107,2026-01-07,ORD-11808,6229.60,112.13,20.18,62.30,0.00,6034.99
SET-20260106,2026-01-06,ORD-11809,3975.29,0.00,0.00,39.75,0.00,3935.54
SET-20260105,2026-01-05,ORD-11810,2533.38,0.00,0.00,25.33,0.00,2508.05
SET-20260106,2026-01-06,ORD-11811,5631.57,0.00,0.00,56.32,0.00,5575.25
SET-20260116,2026-01-16,ORD-11812,10953.75,197.17,35.49,109.54,0.00,10611.55
SET-20260105,2026-01-05,ORD-11813,3888.22,0.00,0.00,38.88,0.00,3849.34
SET-20260126,2026-01-26,ORD-11814,14636.67,292.73,52.69,146.37,0.00,14144.88
SET-20260121,2026-01-21,ORD-11815,4836.48,0.00,0.00,48.36,0.00,4788.12
SET-20260202,2026-02-02,ORD-11816,8310.72,166.21,29.92,83.11,0.00,8031.48
SET-20260105,2026-01-05,ORD-11817,2459.34,49.19,8.85,24.59,0.00,2376.71
SET-20260126,2026-01-26,ORD-11818,6908.27,138.17,24.87,69.08,0.00,6676.15
SET-20260106,2026-01-06,ORD-11819,800.82,0.00,0.00,8.01,0.00,396.41
SET-20260129,2026-01-29,ORD-11820,10799.00,0.00,0.00,107.99,0.00,10691.01
SET-20260127,2026-01-27,ORD-11821,3310.60,0.00,0.00,33.11,0.00,3277.49
SET-20260113,2026-01-13,ORD-11822,406.45,8.13,1.46,4.06,0.00,392.80
SET-20260119,2026-01-19,ORD-11823,1128.29,16.92,3.05,11.28,0.00,1097.04
SET-20260130,2026-01-30,ORD-11824,13308.39,266.17,47.91,133.08,0.00,12861.23
SET-20260126,2026-01-26,ORD-11825,6091.69,0.00,0.00,60.92,0.00,6030.77
SET-20260112,2026-01-12,ORD-11826,13128.62,0.00,0.00,131.29,0.00,12997.33
SET-20260112,2026-01-12,ORD-11827,6730.86,0.00,0.00,67.31,0.00,6663.55
SET-20260122,2026-01-22,ORD-11828,10459.50,0.00,0.00,104.60,0.00,10354.90
SET-20260130,2026-01-30,ORD-11829,12653.31,253.07,45.55,126.53,0.00,12228.16
SET-20260105,2026-01-05,ORD-11830,500.15,0.00,0.00,5.00,0.00,495.15
SET-20260123,2026-01-23,ORD-11831,8875.88,177.52,31.95,88.76,0.00,8577.65
SET-20260119,2026-01-19,ORD-11832,11945.76,238.92,43.01,119.46,0.00,11544.37
SET-20260127,2026-01-27,ORD-11833,9155.50,0.00,0.00,91.56,0.00,9063.94
SET-20260126,2026-01-26,ORD-11834,2743.73,0.00,0.00,27.44,0.00,2716.29
SET-20260126,2026-01-26,ORD-11835,5248.20,0.00,0.00,52.48,0.00,5195.72
SET-20260122,2026-01-22,ORD-11836,13565.84,203.49,36.63,271.32,0.00,13190.06
SET-20260202,2026-02-02,ORD-11837,9367.79,140.52,25.34,93.68,0.00,9108.30
SET-20260119,2026-01-19,ORD-11838,7044.36,126.80,22.82,70.44,0.00,6824.30
SET-20260119,2026-01-19,ORD-11839,8406.44,0.00,0.00,84.06,0.00,8322.38
SET-20260122,2026-01-22,ORD-11840,11344.20,170.16,30.63,113.44,3788.17,7241.80
SET-20260122,2026-01-22,ORD-11841,14442.08,216.63,38.99,144.42,0.00,14042.04
SET-20260119,2026-01-19,ORD-11842,4372.56,0.00,0.00,43.73,0.00,4328.83
SET-20260126,2026-01-26,ORD-11843,12227.86,0.00,0.00,122.28,0.00,12105.58
SET-20260107,2026-01-07,ORD-11844,10617.92,212.36,38.22,106.18,0.00,10261.16
SET-20260119,2026-01-19,ORD-11845,1873.88,0.00,0.00,18.74,0.00,1855.14
SET-20260202,2026-02-02,ORD-11846,11204.46,224.09,40.34,112.04,0.00,10827.99
SET-20260112,2026-01-12,ORD-11847,2576.93,0.00,0.00,25.77,0.00,2551.16
SET-20260126,2026-01-26,ORD-11848,12817.57,0.00,0.00,128.18,0.00,12689.39
SET-20260113,2026-01-13,ORD-11849,4513.97,0.00,0.00,45.14,0.00,4468.83
SET-20260114,2026-01-14,ORD-11850,14549.44,290.99,52.38,145.49,0.00,14060.58
SET-20260119,2026-01-19,ORD-11851,8927.99,0.00,0.00,89.28,0.00,8838.71
SET-20260106,2026-01-06,ORD-11852,4891.61,73.37,13.21,48.92,0.00,4756.11
SET-20260115,2026-01-15,ORD-11853,3297.46,0.00,0.00,32.97,0.00,3264.49
SET-20260126,2026-01-26,ORD-11854,5823.41,0.00,0.00,58.23,0.00,5765.18
SET-20260116,2026-01-16,ORD-11855,11466.88,206.40,37.15,114.67,0.00,11108.66
SET-20260109,2026-01-09,ORD-11856,2656.61,53.13,9.56,26.57,0.00,2567.35
SET-20260121,2026-01-21,ORD-11857,13636.52,0.00,0.00,136.37,0.00,13500.15
SET-20260109,2026-01-09,ORD-11858,10529.98,0.00,0.00,105.30,0.00,10424.68
SET-20260114,2026-01-14,ORD-11859,10748.76,0.00,0.00,107.49,0.00,10641.27
SET-20260126,2026-01-26,ORD-11860,3851.86,0.00,0.00,38.52,1619.15,2194.19
SET-20260116,2026-01-16,ORD-11861,11260.27,0.00,0.00,112.60,0.00,11147.67
SET-20260112,2026-01-12,ORD-11862,10398.81,207.98,37.44,103.99,0.00,10049.40
SET-20260115,2026-01-15,ORD-11863,11827.87,236.56,42.58,118.28,0.00,11430.45
SET-20260120,2026-01-20,ORD-11864,13695.71,273.91,49.30,136.96,0.00,13235.54
SET-20260126,2026-01-26,ORD-11865,3215.89,64.32,11.58,32.16,0.00,3107.83
SET-20260109,2026-01-09,ORD-11866,8083.75,161.68,29.10,80.84,0.00,7812.13
SET-20260122,2026-01-22,ORD-11867,4770.94,95.42,17.18,47.71,0.00,4610.63
SET-20260126,2026-01-26,ORD-11868,4372.67,0.00,0.00,43.73,0.00,4328.94
SET-20260109,2026-01-09,UNKNOWN-3953,10632.68,0.00,0.00,106.33,500.00,10526.35
SET-20260122,2026-01-22,ORD-11870,14352.07,0.00,0.00,143.52,0.00,7104.28
SET-20260112,2026-01-12,ORD-11871,13995.58,279.91,50.38,139.96,0.00,13525.33
SET-20260108,2026-01-08,ORD-11872,466.96,8.41,1.51,4.67,0.00,452.37
SET-20260130,2026-01-30,ORD-11873,13499.52,242.99,43.74,135.00,0.00,13077.79
SET-20260102,2026-01-02,ORD-11874,5129.69,0.00,0.00,51.30,0.00,5078.39
SET-20260102,2026-01-02,ORD-11875,6482.49,0.00,0.00,64.82,0.00,6417.67
SET-20260112,2026-01-12,ORD-11876,2469.80,49.40,8.89,24.70,983.21,1403.60
SET-20260126,2026-01-26,ORD-11877,13859.37,207.89,37.42,138.59,0.00,13475.47
SET-20260108,2026-01-08,ORD-11878,916.26,0.00,0.00,9.16,0.00,907.10
SET-20260122,2026-01-22,ORD-11879,4099.91,0.00,0.00,41.00,0.00,4058.91
SET-20260113,2026-01-13,ORD-11880,11948.88,238.98,43.02,119.49,0.00,11547.39
SET-20260112,2026-01-12,ORD-11881,10525.17,0.00,0.00,105.25,0.00,10419.92
SET-20260122,2026-01-22,ORD-11882,1604.64,0.00,0.00,16.05,0.00,1588.59
SET-20260106,2026-01-06,ORD-11883,2814.32,0.00,0.00,28.14,0.00,2786.18
SET-20260105,2026-01-05,ORD-11884,2088.13,31.32,5.64,20.88,0.00,2030.29
SET-20260105,2026-01-05,ORD-11885,5730.02,143.25,0.00,57.30,0.00,5672.72
SET-20260116,2026-01-16,ORD-11886,1547.34,30.95,5.57,15.47,0.00,1495.35
SET-20260115,2026-01-15,ORD-11887,8532.59,0.00,0.00,85.33,0.00,8447.26
SET-20260126,2026-01-26,ORD-11888,10029.46,0.00,0.00,100.29,0.00,9929.17
SET-20260126,2026-01-26,ORD-11889,4532.57,0.00,0.00,45.33,0.00,4487.24
SET-20260106,2026-01-06,ORD-11890,6018.92,0.00,0.00,60.19,0.00,5958.73
SET-20260105,2026-01-05,ORD-11891,12943.73,0.00,0.00,129.44,0.00,12814.29
SET-20260119,2026-01-19,ORD-11892,4550.63,0.00,0.00,45.51,0.00,4505.12
SET-20260105,2026-01-05,ORD-11893,1767.55,0.00,0.00,17.68,0.00,1749.87
SET-20260126,2026-01-26,ORD-11894,11684.46,233.69,42.06,116.84,0.00,11291.87
SET-20260105,2026-01-05,ORD-11895,2346.48,46.93,8.45,23.46,0.00,2267.64
SET-20260114,2026-01-14,ORD-11896,8038.74,0.00,0.00,80.39,0.00,7958.35
SET-20260105,2026-01-05,ORD-11897,6391.77,159.79,23.01,63.92,0.00,6177.00
SET-20260112,2026-01-12,ORD-11898,7418.24,148.36,26.70,74.18,0.00,7169.00
SET-20260126,2026-01-26,ORD-11899,13186.84,0.00,0.00,131.87,0.00,13054.97
SET-20260102,2026-01-02,ORD-11900,1770.16,0.00,0.00,17.70,0.00,1752.46
SET-20260113,2026-01-13,ORD-11901,7769.92,155.40,27.97,77.70,0.00,7508.85
SET-20260129,2026-01-29,ORD-11902,7637.70,114.57,20.62,76.38,3072.22,4353.91
SET-20260126,2026-01-26,ORD-11903,4395.23,87.90,15.82,43.95,0.00,4247.56
SET-20260123,2026-01-23,ORD-11904,715.03,0.00,0.00,7.15,0.00,707.88
SET-20260112,2026-01-12,ORD-11905,7672.15,115.08,20.71,76.72,0.00,7459.64
SET-20260126,2026-01-26,ORD-11906,4276.61,0.00,0.02,42.77,0.00,4233.84
SET-20260105,2026-01-05,ORD-11907,6713.79,0.00,0.00,67.14,0.00,6646.65
SET-20260113,2026-01-13,ORD-11908,3114.91,0.00,0.00,31.15,0.00,3083.76
SET-20260115,2026-01-15,ORD-11909,6843.89,0.00,0.00,68.44,0.00,6775.45
SET-20260119,2026-01-19,ORD-11910,13230.24,0.00,0.00,132.30,0.00,13097.94
SET-20260128,2026-01-28,ORD-11911,7570.05,151.40,27.25,75.70,0.00,7315.70
SET-20260107,2026-01-07,ORD-11912,2826.73,0.00,0.00,28.27,0.00,2798.46
SET-20260129,2026-01-29,ORD-11913,2211.80,0.00,0.00,22.12,0.00,2189.68
SET-20260108,2026-01-08,ORD-11914,13585.14,407.55,73.36,135.85,0.00,12968.38
SET-20260119,2026-01-19,ORD-11915,6040.97,120.82,21.75,60.41,0.00,5837.99
SET-20260123,2026-01-23,ORD-11916,9171.79,0.00,0.00,91.72,4543.26,4536.81
SET-20260128,2026-01-28,ORD-11917,7880.27,157.61,28.37,78.80,0.00,7615.49
SET-20260113,2026-01-13,ORD-11918,7173.35,143.47,25.82,71.73,0.00,6932.33
SET-20260112,2026-01-12,ORD-11919,7665.43,153.31,27.60,76.65,0.00,7407.87
SET-20260202,2026-02-02,ORD-11920,10908.99,163.63,29.45,109.09,0.00,10606.82
SET-20260127,2026-01-27,ORD-11921,6513.56,97.70,17.59,65.14,0.00,6333.13
SET-20260102,2026-01-02,ORD-11922,10434.28,156.51,28.17,104.34,0.00,10145.26
SET-20260119,2026-01-19,ORD-11923,10571.23,211.42,38.06,105.71,0.00,10216.04
SET-20260113,2026-01-13,ORD-11924,6176.40,0.00,0.00,61.76,0.00,6114.64
SET-20260129,2026-01-29,ORD-11925,2806.12,56.12,10.10,28.06,0.00,2711.84
SET-20260121,2026-01-21,ORD-11926,6830.33,0.00,0.00,68.30,0.00,6762.03
SET-20260116,2026-01-16,ORD-11927,6397.63,0.00,0.00,63.98,0.00,6333.65
SET-20260120,2026-01-20,ORD-11928,7670.14,0.00,0.00,76.70,0.00,7593.44
SET-20260105,2026-01-05,ORD-11929,1695.22,33.90,6.10,16.95,0.00,1638.27
SET-20260123,2026-01-23,ORD-11930,2768.87,49.84,8.97,27.69,0.00,2682.37
SET-20260105,2026-01-05,ORD-11931,11146.20,0.00,0.00,111.46,0.00,11034.74
SET-20260202,2026-02-02,ORD-11932,12128.97,0.00,0.00,121.29,0.00,12007.68
SET-20260112,2026-01-12,ORD-11933,1237.75,0.00,0.00,12.38,0.00,1225.37
SET-20260112,2026-01-12,ORD-11934,13632.72,204.49,36.81,136.33,0.00,13255.09
SET-20260123,2026-01-23,ORD-11935,14226.45,0.00,0.00,142.26,0.00,14084.19
SET-20260112,2026-01-12,ORD-11936,11619.52,0.00,0.00,116.20,0.00,11503.32
SET-20260121,2026-01-21,ORD-11937,2620.61,0.00,0.00,26.21,0.00,2594.40
SET-20260126,2026-01-26,ORD-11938,1932.27,0.00,0.00,19.32,0.00,1912.95
SET-20260127,2026-01-27,ORD-11939,1055.27,0.00,0.00,10.55,0.00,1044.72
SET-20260121,2026-01-21,ORD-11940,6172.52,0.00,0.00,61.73,0.00,6110.79
SET-20260102,2026-01-02,ORD-11941,7253.98,145.08,26.11,72.54,0.00,7010.25
SET-20260113,2026-01-13,ORD-11942,14881.84,297.64,53.58,148.82,0.00,14381.80
SET-20260123,2026-01-23,ORD-11943,7924.64,0.00,0.00,79.25,0.00,7845.39
SET-20260108,2026-01-08,ORD-11944,1488.81,0.00,0.00,14.89,0.00,1473.92
SET-20260102,2026-01-02,ORD-11945,1479.40,29.59,5.33,14.79,0.00,1429.69
SET-20260119,2026-01-19,ORD-11946,1441.33,43.24,7.78,14.41,0.00,1375.90
SET-20260109,2026-01-09,ORD-11947,13202.26,0.00,0.00,132.02,0.00,13070.24
SET-20260114,2026-01-14,ORD-11948,12660.57,253.21,45.58,253.21,0.00,12235.17
SET-20260126,2026-01-26,ORD-11949,11743.41,234.87,42.28,234.87,0.00,11348.83
SET-20260114,2026-01-14,ORD-11950,12014.44,240.29,43.25,120.14,0.00,11610.76
SET-20260114,2026-01-14,ORD-11951,13169.13,0.00,0.00,131.69,0.00,13037.44
SET-20260120,2026-01-20,ORD-11952,9926.53,248.16,0.00,99.27,5559.42,4267.84
SET-20260114,2026-01-14,ORD-11953,2333.68,42.01,7.56,23.34,0.00,2260.77
SET-20260109,2026-01-09,ORD-11954,6417.07,128.34,23.10,64.17,0.00,6201.46
SET-20260202,2026-02-02,ORD-11955,3733.74,56.01,10.08,37.34,0.00,3630.31
SET-20260129,2026-01-29,ORD-11956,10909.42,163.64,29.46,109.09,0.00,10607.23
SET-20260129,2026-01-29,ORD-11957,5383.50,96.90,17.44,53.84,0.00,5215.32
SET-20260116,2026-01-16,ORD-11958,264.52,4.76,0.86,2.65,0.00,256.25
SET-20260128,2026-01-28,ORD-11959,5728.78,0.00,0.00,57.29,0.00,5671.49
SET-20260112,2026-01-12,ORD-11960,5471.93,0.00,0.00,54.72,0.00,5417.21
SET-20260126,2026-01-26,ORD-11961,2933.77,0.00,0.00,29.34,0.00,2904.43
SET-20260126,2026-01-26,ORD-11962,4613.28,92.27,16.61,46.13,0.00,4458.27
SET-20260109,2026-01-09,ORD-11963,8002.94,0.00,0.00,80.03,0.00,7922.91
SET-20260202,2026-02-02,ORD-11964,503.57,0.00,0.00,5.04,0.00,498.53
SET-20260115,2026-01-15,ORD-11965,9505.08,190.10,34.22,95.05,0.00,9185.71
SET-20260105,2026-01-05,ORD-11966,7346.84,0.00,0.00,73.47,0.00,7273.37
SET-20260119,2026-01-19,ORD-11967,8648.62,0.00,0.00,86.49,3525.24,5036.89
SET-20260126,2026-01-26,ORD-11968,8996.11,179.92,32.39,89.96,0.00,8693.84
SET-20260126,2026-01-26,ORD-11969,14704.77,0.00,0.00,147.05,0.00,14557.72
SET-20260105,2026-01-05,ORD-11970,10080.51,201.61,36.29,100.81,0.00,9741.80
SET-20260109,2026-01-09,ORD-11971,5961.14,0.00,0.00,59.61,0.00,5901.53
SET-20260129,2026-01-29,ORD-11972,12980.94,233.66,42.06,129.81,0.00,12575.41
SET-20260126,2026-01-26,ORD-11973,4315.12,0.00,0.00,43.15,0.00,4271.97
SET-20260105,2026-01-05,ORD-11974,13151.79,0.00,0.00,131.52,0.00,13020.27
SET-20260119,2026-01-19,ORD-11975,12826.96,0.00,0.00,128.27,0.00,12698.69
SET-20260112,2026-01-12,ORD-11976,8960.33,179.21,32.26,89.60,0.00,8659.26
SET-20260112,2026-01-12,ORD-11977,1923.39,48.08,6.92,19.23,0.00,1858.77
SET-20260202,2026-02-02,ORD-11978,6558.12,131.16,23.61,65.58,0.00,6337.77
SET-20260123,2026-01-23,ORD-11979,4083.64,81.67,14.70,40.84,0.00,3946.43
SET-20260112,2026-01-12,ORD-11980,10588.82,158.83,28.59,105.89,0.00,10295.51
SET-20260122,2026-01-22,ORD-11981,3932.29,0.00,0.00,39.32,0.00,3892.97
SET-20260126,2026-01-26,ORD-11982,7820.96,0.00,0.00,78.21,0.00,7742.75
SET-20260114,2026-01-14,ORD-11983,3911.82,78.24,14.08,39.12,0.00,3780.38
SET-20260107,2026-01-07,ORD-11984,4657.15,93.14,16.77,46.57,0.00,4500.67
SET-20260126,2026-01-26,ORD-11985,13927.05,0.00,0.00,139.27,0.00,13787.78
SET-20260102,2026-01-02,ORD-11986,1533.68,30.67,5.52,15.34,0.00,1482.15
SET-20260202,2026-02-02,ORD-11987,4529.60,90.59,16.31,45.30,0.00,4377.40
SET-20260129,2026-01-29,ORD-11988,4722.53,0.00,0.00,47.23,0.00,4675.30
SET-20260105,2026-01-05,ORD-11989,1895.09,56.85,10.23,18.95,0.00,1809.06
SET-20260119,2026-01-19,ORD-11990,10711.11,0.00,0.00,107.11,0.00,10604.00
SET-20260121,2026-01-21,ORD-11991,10849.46,0.00,0.00,108.49,0.00,10740.97
SET-20260114,2026-01-14,ORD-11992,3333.41,0.00,0.00,33.33,0.00,3300.08
SET-20260123,2026-01-23,ORD-11993,10024.22,0.00,0.00,100.24,0.00,9923.98
SET-20260129,2026-01-29,ORD-11994,7847.69,117.72,21.19,78.48,0.00,7630.30
SET-20260119,2026-01-19,ORD-11995,4862.12,97.24,17.50,48.62,0.00,4698.76
SET-20260119,2026-01-19,ORD-11996,3579.66,0.00,0.00,35.80,0.00,3543.86
SET-20260108,2026-01-08,ORD-11997,12819.46,256.39,46.15,128.19,0.00,12388.73
SET-20260119,2026-01-19,ORD-11998,3950.29,0.00,0.00,39.50,655.37,3255.42
SET-20260119,2026-01-19,ORD-11999,7815.00,0.00,0.00,78.15,0.00,7736.85
SET-20260126,2026-01-26,ORD-12000,11496.62,229.93,41.39,114.97,0.00,11110.33
SET-20260126-SPLIT,2026-01-26,ORD-11441,13045.91,0.00,0.00,130.46,0.00,6457.73
SET-20260112-SPLIT,2026-01-12,ORD-10152,469.99,9.40,1.69,4.70,0.00,227.10
SET-20260126-SPLIT,2026-01-26,ORD-11328,9717.30,194.35,34.98,97.17,0.00,4695.40
SET-20260116-SPLIT,2026-01-16,ORD-10689,7788.35,0.00,0.00,77.88,0.00,3855.24
SET-20260108-SPLIT,2026-01-08,ORD-10287,3172.71,63.45,11.42,31.73,0.00,1533.06
SET-20260126-SPLIT,2026-01-26,ORD-11317,12693.95,0.00,0.00,126.94,0.00,6283.51
SET-20260119-SPLIT,2026-01-19,ORD-10856,5449.06,108.98,19.62,54.49,0.00,2632.99
SET-20260129-SPLIT,2026-01-29,ORD-10082,12205.82,183.09,32.96,122.06,0.00,5933.86
SET-20260112-SPLIT,2026-01-12,ORD-11168,6863.50,0.00,0.00,68.64,0.00,3397.43
SET-20260116-SPLIT,2026-01-16,ORD-11712,7657.55,153.15,27.57,76.58,0.00,3700.13
SET-20260106-SPLIT,2026-01-06,ORD-11819,800.82,0.00,0.00,8.01,0.00,396.41
SET-20260109-SPLIT,2026-01-09,ORD-10731,7293.05,0.00,0.00,72.93,0.00,3610.06
SET-20260122-SPLIT,2026-01-22,ORD-11870,14352.07,0.00,0.00,143.52,0.00,7104.28
SET-20260112-SPLIT,2026-01-12,ORD-11616,1032.45,0.00,0.00,10.32,0.00,511.07
SET-20260102-SPLIT,2026-01-02,ORD-11253,14377.97,0.00,0.00,143.78,0.00,7117.10
SET-20260102-SPLIT,2026-01-02,ORD-11652,2120.79,42.42,7.64,21.21,0.00,1024.76
SET-20260120-SPLIT,2026-01-20,ORD-10697,5692.47,102.46,18.44,56.92,0.00,2757.33
SET-20260122-SPLIT,2026-01-22,ORD-10388,10278.43,0.00,0.00,102.78,0.00,5087.83
